-- MySQL dump 10.13  Distrib 8.0.39, for Linux (x86_64)
--
-- Host: mysql    Database: ThriveX
-- ------------------------------------------------------
-- Server version	8.0.39

/*!40101 SET @OLD_CHARACTER_SET_CLIENT=@@CHARACTER_SET_CLIENT */;
/*!40101 SET @OLD_CHARACTER_SET_RESULTS=@@CHARACTER_SET_RESULTS */;
/*!40101 SET @OLD_COLLATION_CONNECTION=@@COLLATION_CONNECTION */;
/*!50503 SET NAMES utf8mb4 */;
/*!40103 SET @OLD_TIME_ZONE=@@TIME_ZONE */;
/*!40103 SET TIME_ZONE='+00:00' */;
/*!40014 SET @OLD_UNIQUE_CHECKS=@@UNIQUE_CHECKS, UNIQUE_CHECKS=0 */;
/*!40014 SET @OLD_FOREIGN_KEY_CHECKS=@@FOREIGN_KEY_CHECKS, FOREIGN_KEY_CHECKS=0 */;
/*!40101 SET @OLD_SQL_MODE=@@SQL_MODE, SQL_MODE='NO_AUTO_VALUE_ON_ZERO' */;
/*!40111 SET @OLD_SQL_NOTES=@@SQL_NOTES, SQL_NOTES=0 */;

--
-- Table structure for table `article`
--

DROP TABLE IF EXISTS `article`;
/*!40101 SET @saved_cs_client     = @@character_set_client */;
/*!50503 SET character_set_client = utf8mb4 */;
CREATE TABLE `article` (
  `id` int NOT NULL AUTO_INCREMENT COMMENT '文章ID',
  `title` varchar(255) CHARACTER SET utf8mb4 COLLATE utf8mb4_0900_ai_ci NOT NULL COMMENT '文章标题',
  `description` varchar(200) DEFAULT NULL COMMENT '文章介绍',
  `content` text NOT NULL COMMENT '文章主要内容',
  `cover` varchar(300) DEFAULT NULL COMMENT '文章封面',
  `view` int DEFAULT '0' COMMENT '文章浏览量',
  `comment` int DEFAULT '0' COMMENT '评论数量',
  `tag_ids` varchar(100) DEFAULT NULL COMMENT '该文章所绑定的标签ID',
  `create_time` varchar(255) NOT NULL COMMENT '文章创建时间',
  PRIMARY KEY (`id`) USING BTREE
) ENGINE=InnoDB AUTO_INCREMENT=2208 DEFAULT CHARSET=utf8mb4 COLLATE=utf8mb4_0900_ai_ci ROW_FORMAT=DYNAMIC;
/*!40101 SET character_set_client = @saved_cs_client */;

--
-- Dumping data for table `article`
--

LOCK TABLES `article` WRITE;
/*!40000 ALTER TABLE `article` DISABLE KEYS */;
INSERT INTO `article` VALUES (224,'2021.9.24 如愿以偿终于开学了','等我毕业，我的名字也一定会出现在这个榜上，而是是榜首','今天是2021年9月24日期待已久的传智学院终于开学了。我爸跟我一起来的，签完合同一切办理好之后我爸就准备离开了。\n\n   在我爸临走时看见了传智往年的薪资榜，我对他说：“等我毕业，我的名字也一定会出现在这个榜上，而是是榜首”。其实我自己都没有太大把握，因为我自学过，我很清楚自己的编程能力，稍微遇到点比较绕的逻辑，别人可能几分钟就懂了，而我需要正常人的几倍时间才能摸索明白。\n   可能是我数学逻辑太差了吧，从小数学就没有及格过，我的数学水平仅限于小学。我不知道自己能不能做第一，但我一定是最努力、最上进的。\n\n   如果连学都不学，就认为自己不行。遇到点挫折就放弃的人那么就不可能成功。正所谓有些梦虽然遥不可及，但并不是不可能实现。我的梦想是做一名技术顶尖的程序员，也就是架构师。也许梦想特别遥远，但似乎好像并不是不可能实现。努力了可能会失败，但是不努力注定失败。\n\n拼他个春夏秋冬，赢他个无悔人生！加油刘宇阳\n\n不出意外的话我会记录我的整个大学四年，从一个初出茅庐的编程小白到一名技术顶尖的全栈架构师的学习过程！',NULL,1315,0,'','1632462000000'),(227,'2021.9.25 开学自我介绍','大家好， 我叫刘宇阳，来自河南郑州。我从小就对计算机有着浓厚的兴趣，因此我的梦想是做一名技术顶尖的程序员，也就是架构师。我希望在接下来的日子里能够跟同学们和睦相处，共同学习、共同进步!','今天是在学校的第二天，开班会时候老师让每个同学做自我介绍，到我的时候特别紧张，心跳加速。我简单介绍了一下:\r\n\"大家好， 我叫刘宇阳，来自河南郑州。我从小就对计算机有着浓厚的兴趣，因此我的梦想是做一名技术顶尖的程序员，也就是架构师。我希望在接下来的日子里能够跟同学们和睦相处，共同学习、共同进步!”\r\n\r\n自我介绍环节结束后，就到了班级职位竞选环节了。我不知道要不要竞选小组组长，说实话我有点想做组长，这样可以扩大人脉而且还能够很好的锻炼自己，对以后工作会有一定的帮助。但是我又怕太忙，学习时间多多少少会有一定的影响，我想把一切学习无关的东西全部放下，眼睛里只有学习。唉，好纠结~~~',NULL,1235,0,'140','1632544740000'),(247,'2021.9.27 记录我在传智的大学4年','','今天是军训的第三天，本来今天没有什么可以值得记录的。就在晚上军训唱军歌时候，辅导员叫我去办公室录学籍，突然我看到了门上pink老师的海报\r\n![微信图片_20210927204120.jpg](https://res.liuyuyang.net/usr/uploads/2021/09/482262373.jpg)\r\npink老师是我的偶像，他的前端课程讲的非常棒，我是他的老粉。说他是传智第一讲师都不为过。\r\n\r\n我在自学前端时候就是学习pink老师的课程，是他让我对编程有了学习下去的动力与梦想。\r\n![default(2).jpeg](https://res.liuyuyang.net/usr/uploads/2021/09/3609185498.jpeg)\r\n![default(3).jpeg](https://res.liuyuyang.net/usr/uploads/2021/09/2057879242.jpeg)\r\n![default(4).jpeg](https://res.liuyuyang.net/usr/uploads/2021/09/309816914.jpeg)\r\n![default(5).jpeg](https://res.liuyuyang.net/usr/uploads/2021/09/3523506939.jpeg)\r\n\r\n然后老师看到了我的朋友圈，就跟pink老师沟通，有机会让我们见一面。\r\n![1.jpg](https://res.liuyuyang.net/usr/uploads/2021/09/133344926.jpg)\r\n![2.jpg](https://res.liuyuyang.net/usr/uploads/2021/09/971532658.jpg)\r\n![微信图片_20210927212334.jpg](https://res.liuyuyang.net/usr/uploads/2021/09/1929037866.jpg)\r\n\r\n哈哈，想想都开心，以前只能在视频中听到他的声音，没想到居然可以见到真人。\r\n\r\n\r\npink是我奋斗的目标，是我编程老师中最佩服的一个人，终有一天我会成为像Pink老师一样的大佬，甚至超越他！此文章为证\r\n![default(1).jpeg](https://res.liuyuyang.net/usr/uploads/2021/09/2710679661.jpeg)\r\n','https://res.liuyuyang.net/usr/uploads/2021/09/482262373.jpg',1460,0,'139','1632746280000'),(272,'2021.09.28 记录我在传智的大学4年','我要悄悄拔尖，然后惊艳所有人','今天是2021年9月28日。我打算开始复习之前所学过的知识了，准备等军训结束后迎接传智第一次考试，让班里同学都记住我的名字，成为班级的焦点。我要悄悄拔尖，然后惊艳所有人，哈哈。\n![QQ浏览器截图20210928175528.png](https://res.liuyuyang.net/usr/uploads/2021/09/121510622.png)\n\n不出意外的话，我会坚持在未来的大学4年 记录自己从一个计算机小白进击一名优秀的程序员，直至实现梦想。\n\n最后附上一句我喜欢的话：“我有梦，有远方，我会为了我的梦想而努力奋斗，直到成为一个连我自己都佩服的人！”\n\n加油刘宇阳^O^\n','https://res.liuyuyang.net/usr/uploads/2021/09/121510622.png',1456,0,'','1632822360000'),(298,'2021.9.29 定个目标吧','假如你在走路，如果你不知道你想去哪里，你只会漫无目的地的乱走，不管走的再快、再努力，都是在原地踏步。而如果你很清楚你的目的地，那么你就会直线行走，直达目的地。所以说人活着一定要有梦想，为了实现这个梦想定下无数个目标一个一个的去实现，直到梦想成真','今天是2021年9月29日，今天主要把在传智第一学期的目标定了下来:\n我要进前十，冲前五，争第一，考满分\n\n因为没有目标即使在努力也只是在原地踏步。给大家举个栗子：假如你在走路，如果你不知道你想去哪里，你只会漫无目的地的乱走，不管走的再快、再努力，都是在原地踏步。而如果你很清楚你的目的地，那么你就会直线行走，直达目的地。所以说人活着一定要有梦想，为了实现这个梦想定下无数个目标一个一个的去实现，直到梦想成真\n\n趁现在还有时间，尽自己最大的努力，努力做成最想做的那件事，成为最想成为的那个人，这个世界永远比你想的要更精彩，不要败给生活。加油刘宇阳！\n',NULL,1109,0,'138','1632917160000'),(300,'2021.09.30 记录我在传智的大学四年','今天是9月最后的一天，明天将迎来10月。今天的太阳格外的热，军训时候汗流不止，平均1个半小时休息30分钟，确实挺累的，不过想想在厂里3个小时才休息短暂的10分钟，感觉军训根本不算什么。这样想想的话心里总会好受一些','今天是9月最后的一天，明天将迎来10月。今天的太阳格外的热，军训时候汗流不止，平均1个半小时休息30分钟，确实挺累的，不过想想在厂里3个小时才休息短暂的10分钟，感觉军训根本不算什么。这样想想的话心里总会好受一些。\n\n明天就是国庆节了，打算利用好这次假期把之前学过的HTML全部过一遍。在军训结束后至少把CSS之前的知识点全部过一遍。\n\n最后祝自己加油吧！\n',NULL,1157,0,'137','1633003500000'),(308,'2021.10.02 记录我在传智的大学四年','在这里不好好学习不仅对不起自己、对不起高昂的学费 更对不起父母、老师以及所有人的期望','今天是军训的第6天，最近几天天气挺热的，队伍里总有些人做不好、走不好、站不好然后我们被教官集体受罚，害~\n\n![QQ浏览器截图20211002202546.png](https://res.liuyuyang.net/usr/uploads/2021/10/4077164368.png)\n\n另外，我现在已经开始复习 `CSS` 了，等军训结束之前要把 `CSS` 过一遍。\n\n在这里不好好学习不仅对不起自己、对不起高昂的学费 更对不起父母、老师以及所有人的期望\n\n等军训结束后只要学不死就往死里学，累了就想想身在大城市上海拼搏的双胞胎哥哥，同是风华正茂，怎愿甘拜下风。不要让他嘲笑你。\n\n牛逼已经吹出去了，所有人就等着看我笑话了，所以这一把我不能输，是必胜局！\n\n加油刘宇阳！','https://res.liuyuyang.net/usr/uploads/2021/10/4077164368.png',1039,0,'','1633176960000'),(312,'2021.10.03 记录我在传智的大学四年','过了今天，军训就过半了，这两天说实话挺累的，听到俯卧撑三个字我就浑身无力，两只手臂稍微活动一下就很疼。\n\n希望军训早日结束吧，结束当天就是我的 19 岁生日','过了今天，军训就过半了，这两天说实话挺累的，听到俯卧撑三个字我就浑身无力，两只手臂稍微活动一下就很疼。\n\n希望军训早日结束吧，结束当天就是我的 `19` 岁生日。O(∩_∩)O哈哈~\n\n',NULL,867,0,'','1633263180000'),(406,'2021.10.07 我被选举为新生代表了','','今天是2021年10月7日。军训已经接近尾声了，这两天比较累。再加上辅导员打算选我为21级新生代表上台演讲，所以一直在准备发言稿。说实话这是我人生中第一次上台发言，对于我这种没有社交牛逼证的人来说确实有点困难的。不过把握好这次机会说不定能一战成名，哈哈。\n\n不过今天挺倒霉的，中午刷抖音时候我看见他们都安装了刚发布的 win11，然后我不知道怎么了也就跟着安装了，结果安装好了之后，电脑WiFi一直连接不上，百度试了好多方法都不行，整了好久没弄好。直到晚上我问朋友借了个U盘，然后重新安装回来了win10系统才弄好的。这一天啥也没干整了个寂寞。\n',NULL,1050,0,'','1633615920000'),(421,'2021.10.10 记录我在传智的大学4年','明天我还要代表21级新生上台发言，好激动。人生中第一次上台，不知道能不能克制自己的紧张。如果这次能够顺利的话，无疑是对一个社恐的人来说重大的一个突破。接受自己的缺点，哪里不足就去改变哪里','今天是2021年10月10日。军训的最后一天，转瞬即逝。明天军训会操过后就要迎接正式开学了，好期待啊。\n\n明天我还要代表21级新生上台发言，好激动。人生中第一次上台，不知道能不能克制自己的紧张。如果这次能够顺利的话，无疑是对一个社恐的人来说重大的一个突破。接受自己的缺点，哪里不足就去改变哪里\n',NULL,1019,0,'','1633868280000'),(422,'2021.10.11 第一次上台发言','','今天的开学典礼我代表21级新生发言，总体感觉还可以，主要是太激动了，不小心跳了一大段内容，唉。\n\n通过这一次上台发言，对于我这种有一点社恐的人来说是一个重大的突破。\n\n最后祝我19岁生日快乐\n',NULL,954,0,'','1633953120000'),(430,'2021.10.12 记录我在传智的大学4年','感觉传智好多人都认识我，从刚来学校那一天起就有人跟我打招呼，我不认识他们，他们却认识我，有个老师见到我说: 你叫刘宇阳对吧。   我在学校群里冒个泡也有人认识我，就连我同桌看到了我就说: 原谅你是刘宇阳啊','今天是正式开学的第一天，装了一上午的上课软件，好多同学对电脑完全不懂，就连下载软件都不会，就差不会开机了，哈哈。\n\n今天也让我看到了忠国老师认真负责的态度，有些问题如果让我去教他们的话我都会烦的，因为实在太基础太基础了，根本没有教的必要。然而忠国老师不仅没有烦，而且还特别耐心的教同学们一步一步下载、安装软件。\n\n\n说一件比较有意思的事情，我感觉传智好多人都认识我，从刚来学校那一天起就有人跟我打招呼，我不认识他们，他们却认识我，有个老师见到我说: 你叫刘宇阳对吧。   我在学校群里冒个泡也有人认识我，就连我同桌看到了我就说: 原谅你是刘宇阳啊。\n\n这两天学校公众号上也会出现我的影子，甚至还有人让我给她签名，笑死我了。\n',NULL,1215,0,'','1634046720000'),(438,'2021.10.14 记录我在传智的大学4年','今天上了两节英语课，老师讲课我一脸懵，什么都听不懂，老师可能是直接从初中英语开始教的。真担心自己的英语跟数学。这两科主要我不太了解，不满大家说，我数学跟英语从来没及格过。不知道从哪里开始学，有没有哪位学长能给我指点迷津','今天是周四，已经上了3天的课了，感觉老师真的挺负责的，而且超级耐心。今天老师把计算机的前世今生讲了一遍，就连开关机都教，O(∩_∩)O哈哈~，真的是老师太细心了。\r\n\r\n今天我收到了传智送的键盘大礼包\r\n![MVIMG_20211014_122807.jpg](https://res.liuyuyang.net/usr/uploads/2021/10/763940424.jpg)\r\n![MVIMG_20211014_120554.jpg](https://res.liuyuyang.net/usr/uploads/2021/10/644846712.jpg)\r\n\r\n\r\n太爱这个键盘了\r\n![MVIMG_20211014_124302.jpg](https://res.liuyuyang.net/usr/uploads/2021/10/1281564143.jpg)\r\n\r\n让大家看看我的宿舍桌面\r\n![MVIMG_20211014_120928.jpg](https://res.liuyuyang.net/usr/uploads/2021/10/3909777675.jpg)\r\n![MVIMG_20211014_120647.jpg](https://res.liuyuyang.net/usr/uploads/2021/10/1676791030.jpg)\r\n![MVIMG_20211014_120719.jpg](https://res.liuyuyang.net/usr/uploads/2021/10/1241683480.jpg)\r\n\r\n唉，今天上了两节英语课，老师讲课我一脸懵，什么都听不懂，老师可能是直接从初中英语开始教的。真担心自己的英语跟数学。这两科主要我不太了解，不满大家说，我数学跟英语从来没及格过。不知道从哪里开始学，有没有哪位学长能给我指点迷津，Thanks♪(･ω･)ﾉ','https://res.liuyuyang.net/usr/uploads/2021/10/644846712.jpg',1044,0,'110','1634219340000'),(449,'2021.10.16 记录我在传智的大学4年','','今天是我在传智的第一个周末，早上一觉睡到自然醒的感觉太爽了。\n\n转眼间我在传智已经学习了一星期了，当然我也有了我在传智的第一个烦恼，那就是英语。上英语课时候尽管我很努力的在听课，但我还是听不懂老师在讲什么。我的英语水平完全属于0基础，搞的我都打算放弃英语了。不过经过我跟英语老师诉说我的顾虑时候，老师讲了一个学长的故事，刚好我认识那个学长，他也跟我讲过自己的故事，从一个0基础连26个英文字母都不会的人自学英语，虽然没有太大成就，最起码人家敢于尝试，到最后也有了很大的收获。他就是20级全栈班的张洪瑞。\n![QQ图片20211016222920.jpg](https://res.liuyuyang.net/usr/uploads/2021/10/2037702342.jpg)\n\n老师和他同时给我推荐的那个学英语的神器（多邻国），我就尝试了一下，结果学着学着我发现我居然上瘾了。后来我就把这个软件也分享给了跟我一样英语程度的室友。本来他们对英语也是抱着放弃的态度，但是自从我给他推荐的这个学英语神器之后，很神奇的发现他们居然不打游戏了，甚至每天在自习课、回到宿舍后都能听到英语语法的声音。O(∩_∩)O哈哈~\n',NULL,1218,0,'','1634394060000'),(453,'2021.10.18 又是BUG，好烦','今天星期一，老师在讲计算机原理什么的，我听的超级无聊，因为讲的实在太基础了。\n\n于是我为了打发时间，准备做一个网页，就拿品优购商城项目练练手吧。前面还好，到后面BUG困扰我头都要炸了，主要我一直以为这个bug是我导致，花了好长时间，到最后我发现居然是浏览器问题','今天星期一，老师在讲计算机原理什么的，我听的超级无聊，因为讲的实在太基础了。\n\n于是我为了打发时间，准备做一个网页，就拿品优购商城项目练练手吧。前面还好，到后面BUG困扰我头都要炸了，主要我一直以为这个bug是我导致，花了好长时间，到最后我发现居然是浏览器问题\n\n谷歌浏览器这里会有缝隙\n![1.png](https://res.liuyuyang.net/usr/uploads/2021/10/1791757063.png)\n\n其他浏览器就没有，就是想要的效果\n![2.png](https://res.liuyuyang.net/usr/uploads/2021/10/2551060452.png)\n我代码从头看到尾搞了半天都找不到为什么这里会有这样的缝隙，没想到是谷歌浏览器的问题，彻底崩溃了。\n\n接下来就是第二个一行的子元素加起来的宽度如果大于了父盒子时候正常就会换行显示，但是我印象中记得有一种方法可以让他在一行子元素加起来的宽度如果超过了父盒子时可以设置一个溢出隐藏。\n![11.png](https://res.liuyuyang.net/usr/uploads/2021/10/1566943474.png)\n![22.png](https://res.liuyuyang.net/usr/uploads/2021/10/1111462817.png)\n然后我就一直纠结，我也请教了一些朋友，都无能为力。最后只能放弃了，因为我只是印象中记得有这个标签，不太确定而已。可能就没有这个功能吧\n\n就这两个问题已经浪费我一天时间了，谁知道晚自习又出了一个bug。\n给类名.recom的div在加上个.w版心类名，margin就不没有效果，而分开写就有效果，这是什么原理啊，想了一整个晚自习没想出来。\n![111.png](https://res.liuyuyang.net/usr/uploads/2021/10/3768977663.png)\n\n为什么把recom跟w版心类名分开后就可以设置margin呢，\n虽然能实现我想要的效果，但是我这强迫症就想知道什么原理\n![222.png](https://res.liuyuyang.net/usr/uploads/2021/10/774266490.png)\n\n实在不行明天只能问老师了。\n\n今天真的是BUG满满的一天啊\n\n这是代码，哪位大佬帮忙解决我的疑惑\n[shoping.zip](https://res.liuyuyang.net/usr/uploads/2021/10/3518982651.zip)\n','https://res.liuyuyang.net/usr/uploads/2021/10/1791757063.png',1087,0,'108','1634566320000'),(463,'2021.10.19 记录我在传智的大学4年','','今天是周二，正式学习专业课的第一天。\n\n总结一下我今天的收获：\n\n### 对HTML、CSS、JS的理解\n\n- HTML是一个没有穿衣服的小鸟\n- CSS就是穿了衣服的小鸟、\n- 而JavaScript是飞行中的小鸟。\n  ![鸟.png](https://res.liuyuyang.net/usr/uploads/2021/10/2793894453.png)\n\n### body跟title属于父子关系\n\n![大头儿子.png](https://res.liuyuyang.net/usr/uploads/2021/10/2442029991.png)\n\n### head跟body属于兄弟关系\n\n![熊大.png](https://res.liuyuyang.net/usr/uploads/2021/10/1306860419.png)\n\n算了，摊牌了！其实这些我都学过，不出意外的话这一学期的知识点我基本都掌握 80% 左右了，O(∩_∩)O哈哈~\n','https://res.liuyuyang.net/usr/uploads/2021/10/1306860419.png',897,0,'','1634630940000'),(485,'2021.10.20 迎接在传智的第一次月考','下周三就要进行在传智的第一轮月考了，希望能拿个好成绩 ','# 2021.10.20\n\n### 今天是周三\n\n总结一下今天所 `get` 到的内容：\n`HTML` 结构、`dl` 列表、`img` 标签还有图片的相对/绝对路径。总体来说收获满满，没有什么难度。\n\n学完当天的课程后，我又利用课余时间把 `CSS` 动画进行了一个超前预习：\n主要学习了 `css` 过渡、移动、旋转、缩放、动画等等。也没什么难度，主要是语法有点长，需要多加记忆。\n\n下周三就要进行在传智的第一轮月考了，希望能拿个好成绩。\n',NULL,1205,0,'141','1634733360000'),(515,'2021.10.21 要不要竞选班委，好纠结','我在想要不要在班里竞选学习委员、小组组长。但我又考虑到一个英语都够我苦恼的了，在当个学委什么的岂不是时间被压缩的更紧了。但是想了想如果当学委、组长能够得到讲师的关注，学习一些扩展知识。唉... 好纠结','今天是周四，我在想要不要在班里竞选学习委员、小组组长。但我又考虑到一个英语都够我苦恼的了，在当个学委什么的岂不是时间被压缩的更紧了。但是想了想如果当学委、组长能够得到讲师的关注，学习一些扩展知识。唉... 好纠结\n\n下周三就要月考了，说实话这两天比较累，因为这将是我在传智迎来的第一次月考，我希望通过我的努力拿下班级第一这个名次，而且不仅仅是班级第一，我还要做整个年级的第一\n\n加油，刘宇阳\n',NULL,1116,0,'109,144','1634825040000'),(521,' 曾经的一个爱好做到现在的理想','曾经的一个爱好做到现在的理想 一个小理想坚持了下来 没有回报的努力着 也不知道这条路还能走多久还能走多远','曾经的一个爱好做到现在的理想 一个小理想坚持了下来 没有回报的努力着 也不知道这条路还能走多久还能走多远\r\n![1.jpeg](https://res.liuyuyang.net/usr/uploads/2021/10/1033532389.jpeg)\r\n![2.jpeg](https://res.liuyuyang.net/usr/uploads/2021/10/4142163806.jpeg)\r\n','https://res.liuyuyang.net/usr/uploads/2021/10/1033532389.jpeg',1057,0,'82','1551624060000'),(525,'每天最快乐的事情莫过于此','每天最快乐的事情莫过于此','每天最快乐的事情莫过于此\r\n![3059450441.jpeg](https://res.liuyuyang.net/usr/uploads/2021/10/410321078.jpeg)\r\n','https://res.liuyuyang.net/usr/uploads/2021/10/410321078.jpeg',1100,0,'','1558851960000'),(527,'终于下班了','终于下班了，经过这些天的体验让我真正的社会的残酷与打工的不易，所以以后一定要加倍努力！长大绝对不能打工，只能让别人为我打工','终于下班了，经过这些天的体验让我真正的社会的残酷与打工的不易，所以以后一定要加倍努力！长大绝对不能打工，只能让别人为我打工\n',NULL,1226,0,'','1561984200000'),(536,'他们说，我以后会是一位大佬。但愿吧','其实我只是有重度强迫症而已，在学习上来讲的话，就必须把一个知识点学透彻才能往下继续学，不然我心里会特别难受，学不下去。O(∩_∩)O哈哈~','他们说，我以后会是一位大佬，细节都考虑这么多。\r\n\r\n哈哈\r\n\r\n其实我只是有重度强迫症而已，在学习上来讲的话，就必须把一个知识点学透彻才能往下继续学，不然我心里会特别难受，学不下去。O(∩_∩)O哈哈~\r\n\r\n![5.jpg](https://res.liuyuyang.net/usr/uploads/2021/10/2389348942.jpg)\r\n',NULL,985,0,'','1585751760000'),(538,'每天进步一点点','每天进步一点点，总有人要赢的，那为什么不是我呢','每天进步一点点，总有人要赢的，那为什么不是我呢\r\n![6.jpeg](https://res.liuyuyang.net/usr/uploads/2021/10/2728376747.jpeg)\r\n','https://res.liuyuyang.net/usr/uploads/2021/10/2728376747.jpeg',1029,0,'','1585751760000'),(540,'坚持不放弃','坚持不放弃','坚持不放弃\r\n\r\n![1.jpeg](https://res.liuyuyang.net/usr/uploads/2021/10/3658564280.jpeg)\r\n![2.jpeg](https://res.liuyuyang.net/usr/uploads/2021/10/3658824722.jpeg)\r\n','https://res.liuyuyang.net/usr/uploads/2021/10/3658564280.jpeg',1242,1,'','1588595760000'),(553,'就这么一个小问题，又是一个小时！','既然笨那就笨鸟先飞，总有人要赢的，那为什么不是我呢？\n我坚信只要不放弃，一切皆有可能！','就这么一个小问题，我这笨脑子用了快一个小时时间才琢磨懂。\n\n认识我的人都知道我初中成绩全年级倒数后5名。既然笨那就笨鸟先飞，总有人要赢的，那为什么不是我呢？\n我坚信只要不放弃，一切皆有可能！\n\n目标架构师，我一定能走到这一步！\n\n![9.jpeg](https://res.liuyuyang.net/usr/uploads/2021/10/1998376343.jpeg)\n',NULL,1056,0,'83','1600357500000'),(555,'第一次接触算法，好难！','这是我在学编程当中遇到的第一个算法，经过这个算法，让我重新颠覆了对编程的认知','现在是凌晨3点，终于可以给冒泡排序画上一个圆满的句号了。\n\n这是我在学编程当中遇到的第一个算法，经过这个算法，让我重新颠覆了对编程的认知。\n\n以后的道路可能会更加艰难，但是只要不放弃就有希望，加油刘宇阳\n',NULL,888,0,'156,149','1601579640000'),(571,'祝大家平安夜快乐','祝大家平安夜快乐，记得吃苹果哦','祝大家平安夜快乐\r\n\r\n记得吃苹果哦\r\n![2439995610.jpeg](https://res.liuyuyang.net/usr/uploads/2021/10/3418288993.jpeg)\r\n','https://res.liuyuyang.net/usr/uploads/2021/10/3418288993.jpeg',1059,0,'','1608862320000'),(573,'早安，打工人','','早安，打工人\n\n![11.jpeg](https://res.liuyuyang.net/usr/uploads/2021/10/3680562034.jpeg)\n![22.jpeg](https://res.liuyuyang.net/usr/uploads/2021/10/782351886.jpeg)\n','https://res.liuyuyang.net/usr/uploads/2021/10/3680562034.jpeg',868,0,'','1608933960000'),(607,'最渴望的一件事即将成为现实','','最渴望的一件事即将成为现实\n\n![3812362440.jpg](https://res.liuyuyang.net/usr/uploads/2021/10/342395733.jpg)\n![2964914924.jpg](https://res.liuyuyang.net/usr/uploads/2021/10/141255544.jpg)\n\n',NULL,1123,0,'','1619605140000'),(620,'是金子在哪里都会发光','我始终相信，只要用心做一件事，尽管结果并不理想，但也绝不会太差。\n你说你笨，那么为什么游戏你玩的那么厉害，只能说明你用心了。\n所以，只要用心做一件事它绝不会太差。','中间白衣服那个是我，第二次上台被表扬了。\n\n别人一小时做 `100` 根，我一小时能做 `300` 根产品。\n\n我每天不仅仅要做到线长指定的产量，而且还是超产。\n\n我始终相信，只要用心做一件事，尽管结果并不理想，但也绝不会太差。\n\n你说你笨，那么为什么游戏你玩的那么厉害，只能说明你用心了。\n\n所以，只要用心做一件事它绝不会太差。\n\n![3254716474.jpeg](https://res.liuyuyang.net/usr/uploads/2021/10/622951965.jpeg)\n','https://res.liuyuyang.net/usr/uploads/2021/10/622951965.jpeg',998,0,'','1621162140000'),(628,'厂里有个员工被猝死了','前不久厂里有个员工累到猝死，领导跟我们开会让我们保密。我想说能在和兴汽车厂熬下去的人一定能在任何厂熬下去。实在太累了','前不久厂里有个员工累到猝死，领导跟我们开会让我们保密。我想说能在和兴汽车厂熬下去的人一定能在任何厂熬下去。实在太累了\n\n![2897207191.jpeg](https://res.liuyuyang.net/usr/uploads/2021/10/943618561.jpeg)\n\n![2897207191.jpeg](https://res.liuyuyang.net/usr/uploads/2021/10/2410451775.jpg)','https://res.liuyuyang.net/usr/uploads/2021/10/943618561.jpeg',837,0,'215','1623569280000'),(630,'时间过得真快，一转眼六年过去了','时间过得好快，转眼间已经 经历了上学生涯的两大阶段了','时间过得好快，转眼间已经 经历了上学生涯的两大阶段了\n\n初中：郑州一种国际航空港实验学院\n![2372443689.jpeg](https://res.liuyuyang.net/usr/uploads/2021/10/2480703170.jpeg)\n\n\n中专：郑州城轨交通中等专业学校\n![3570690277.jpg](https://res.liuyuyang.net/usr/uploads/2021/10/1694232787.jpg)\n','https://res.liuyuyang.net/usr/uploads/2021/10/1694232787.jpg',994,0,'','1623655560000'),(645,'再见江苏和兴汽车科技有限公司','2020.9.7 —— 2021.8.10 这 11 个月 335 天的磨炼让我更加明白了社会的残酷以及打工的怒容易，所以在今后的日子里我一定会加倍在加倍的努力，让努力配得上自己的野心。','再见江苏和兴汽车科技有限公司\n\n**2020.9.7 —— 2021.8.10** 这 `11` 个月 `335` 天的磨炼让我更加明白了社会的残酷以及打工的怒容易，所以在今后的日子里我一定会加倍在加倍的努力，让努力配得上自己的野心。\n\n![IMG_20210811_221459.jpg](https://res.liuyuyang.net/usr/uploads/2021/10/1247906775.jpg)\n![IMG_20210811_224948.jpg](https://res.liuyuyang.net/usr/uploads/2021/10/967046692.jpg)\n![IMG_20210811_225408.jpg](https://res.liuyuyang.net/usr/uploads/2021/10/2241895942.jpg)\n![IMG_20210811_225448.jpg](https://res.liuyuyang.net/usr/uploads/2021/10/2774868394.jpg)\n![IMG_20210811_230222.jpg](https://res.liuyuyang.net/usr/uploads/2021/10/4187703564.jpg)\n![IMG_20210811_230304.jpg](https://res.liuyuyang.net/usr/uploads/2021/10/2554682148.jpg)\n\n新征程，新开始\n![55.jpg](https://res.liuyuyang.net/usr/uploads/2021/10/579586835.jpg)\n\n加油刘宇阳 不忘初心！',NULL,879,0,'214,212,213','1628643960000'),(704,'深入研究 parseInt & parseFloat','深入研究 parseInt & parseFloat','# 深入研究 parseInt & parseFloat\n\n## parseInt\n相信很多开发者在使用 `parseInt` 时仅限于以下用法\n```javascript\nconsole.log(parseInt(\'123.456\')) // 123\n```\n\n但其它还有一个隐藏的小功能，比如：\n```javascript\nconsole.log(parseInt(\'123pxwqeqweqweqeqw\')) // 123\n```\n可以发现它将最后一个数值之后的字符全部省略掉了\n\n但需要注意的是如果前面是字符则结果为 **NaN** \n```javascript\nconsole.log(parseInt(\'qwe123\')) // NaN\n```\n可以发现它只能省略最后一个有效数值之后的所有字符，如果开头没有数值，则无法省略，最终的结果就是 `NaN`\n\n如果开头为 `0` 也会将其自动省略\n```javascript\nconsole.log(parseInt(\'0123.456qwe\')) // 123\n```\n\n`parseFloat` 也是同理\n\n\n## 小考验：\n最后给大家一个小考验，大家可以猜猜看\n\n```javascript\nparseInt(\'3.6\' + \'5.1\')\n\nparseFloat(\'012345.34n123\')\n```\n\n',NULL,1298,0,'172,173','1635078240000'),(707,'关于 Number 不为人知的小细节','Number 的作用是将字符串转换为数值，并且如果开头是 0 的话可以将其自动省去','# 关于 Number 不为人知的小细节\n\n`Number` 的作用是将字符串转换为数值，并且如果开头是 `0` 的话可以将其自动省去\n```javascript\nconsole.log(Number(\"09.123\")); // 9.123\nconsole.log(Number(\"019\")); // 19\n```\n\n不管前面有多少 `0` ，`Number` 都能将其自动省去并转换为数值\n```javascript\nconsole.log(Number(\'000000000009.123\')) // 9.123\nconsole.log(Number(\'0000000010009\')) // 10009\n```',NULL,1014,0,'12,171','1635235740000'),(710,'2021.10.26 记录我在传智的大学4年',' 今天202年10月26日，明天将迎来在传智的第一次月考，本来我已经做好了闭卷考试的准备，谁知道助教说居然可以看W3C文档，这简直可以说是如虎添翼。这次月考稳了稳了','今天202年10月26日，明天将迎来在传智的第一次月考，本来我已经做好了闭卷考试的准备，谁知道助教说居然可以看W3C文档，这简直可以说是如虎添翼。这次月考稳了稳了\n',NULL,890,0,'','1635258900000'),(711,'2021.10.27 第一次月考','即使是第一在我眼里都是不及格，有句话说的好，能满分为什么不满分呢','今天是2021年10月27日。今天真的太不甘心了，本来我觉得可以拿第一的。就因为自己的大意，在考试前一天压根没有准备，所以错失了第一。笔试题满分40大意丢了7分，编程题占60分我满分，那也才93分。直接让我错失第一这个位置，真的不甘心。如果我不会做的话那没什么可不甘心的，自己不会就是不会，怨不得他人。但是因为我会的东西丢了分让我很不甘心。这次可能最多也就排名前五了。\n\n93分在别眼里可能已经很满足了，但是在我眼里只要考不了满分，即使是第一在我眼里都是不及格，有句话说的好，能满分为什么不满分呢。\n\n下一次月考我要一雪前耻，争取拿下满分\n\n加油刘宇阳\n',NULL,873,0,'','1635342120000'),(748,'2021.10.29 记录我在传智的大学四年','我觉得教他们可以提升自己，如果遇到自己也解决不了的问题时就可以知道自己对哪方面还不够掌握，然后我再去学习 研究懂之后再去教会他们。这样既可以帮助同学，也可以发现自己的不足然后加以提升。多好！','今天是2021年10月29号，周五。在初中时候一节课40分钟，犹如1小时，在传智感觉每节课50分钟过得跟10分钟一样，超级快，这不一眨眼又到周末了。\n\n因为我之前自学过一段时间，懂得东西自然会比同学们多一些，所以每天晚自习做作业好多同学抢着找我教他们，我的名字在班里基本没有断过，到处都能听到叫我名字的声音。\n\n我也很热心教他们，因为我觉得教他们可以提升自己，如果遇到自己也解决不了的问题时就可以知道自己对哪方面还不够掌握，然后我再去学习 研究懂之后再去教会他们。这样既可以帮助同学，也可以发现自己的不足然后加以提升。多好！\n\n![11.png](https://res.liuyuyang.net/usr/uploads/2021/10/1501882678.png)\n![22.png](https://res.liuyuyang.net/usr/uploads/2021/10/1744025038.png)\n![33.png](https://res.liuyuyang.net/usr/uploads/2021/10/4186824551.png)\n![44.png](https://res.liuyuyang.net/usr/uploads/2021/10/4262506301.png)\n![1111.png](https://res.liuyuyang.net/usr/uploads/2021/10/4076346273.png)\n![2222.png](https://res.liuyuyang.net/usr/uploads/2021/10/3666666183.png)\n![3333.png](https://res.liuyuyang.net/usr/uploads/2021/10/314756549.png)\n\n加油，刘宇阳。 **未来的架构师！**\n',NULL,1303,0,'','1635514560000'),(791,'暗无天日鬼车间','夏天顶着高温穿着厚厚的工作服，全身上下湿透，还要高强度的工作，早八晚十两班倒，每一天犹如地狱，这种经历，希望你们一辈子也体验不到','夏天顶着高温穿着厚厚的工作服，全身上下湿透，还要高强度的工作，早八晚十两班倒，每一天犹如地狱，这种经历，希望你们一辈子也体验不到\n\n![2.jpg](https://res.liuyuyang.net/usr/uploads/2021/11/1754817820.jpg)\n![1.jpg](https://res.liuyuyang.net/usr/uploads/2021/11/1928718639.jpg)\n',NULL,1037,0,'','1626001680000'),(803,'好多人都说我未来能成为一个大佬','好多人都说我未来能成为一个大佬，当然我会用我的实力证明你们说的这句话是对的','好多人都说我未来能成为一个大佬，当然我会用我的实力证明你们说的这句话是对的\n\n![1.jpg](https://res.liuyuyang.net/usr/uploads/2021/11/2607445091.jpg)\n![2.jpg](https://res.liuyuyang.net/usr/uploads/2021/11/1641597290.jpg)\n![3.jpg](https://res.liuyuyang.net/usr/uploads/2021/11/2433040168.jpg)\n![4.jpg](https://res.liuyuyang.net/usr/uploads/2021/11/589027693.jpg)\n![5.jpg](https://res.liuyuyang.net/usr/uploads/2021/11/3145404007.jpg)\n![6.jpg](https://res.liuyuyang.net/usr/uploads/2021/11/1505584323.jpg)\n![7.jpg](https://res.liuyuyang.net/usr/uploads/2021/11/799287506.jpg)\n',NULL,890,0,'','1635774420000'),(812,'2021.11.02 我一定能走到架构师这一步','虽然这条路走下去会很难，但我会永远保持热爱，永远积极向上，对编程热爱的那团烈火永不熄灭。为了架构师这个梦想，不管以后的路有多难，我一定会坚持走下去','今天是周二，转眼间已经来传智1个月了，这一个月让我体会到传智并没有向网络黑的那样，反而恰恰相反。这也就意味着我的选择是对的。\r\n\r\n今天晚自习忠国老师给我们讲了他的故事，从一个浑浑噩噩对未来没有任何期待的人，无意中接触到了计算机编程这个行业，找的了自己人生目标，通过2个月的自学编程成功踏上IT这条路。从老师的身上让我更加明白到了目标的重要性，人活着如果连一个目标都没有的话，那么你尽管在努力，那也只是在原地踏步。\r\n\r\n给大家举个例子：假如你现在正在走路，如果你不知道你想去哪里，你只会没有目的地的乱走，不管走的再快、再努力，都是在原地踏步。而如果你很清楚你的目的地，那么你就会直线行走，直达目的地。这也就意味着目标的重要性。\r\n\r\n听完忠国老师讲述自己的经历，让我热泪盈眶。\r\n\r\n虽然这条路走下去会很难，但我会永远保持热爱，永远积极向上，对编程热爱的那团烈火永不熄灭。为了架构师这个梦想，不管以后的路有多难，我一定会坚持走下去。\r\n\r\n加油刘宇阳！',NULL,915,0,'83,138','1635860940000'),(849,'2021.11.10 如果你不想前进，那么没有人能帮得了你','如果你真的想做好一件事情，那么就算障碍重重，你也会想尽一切办法去做好他。但若你不是真心的想要去完成一件事情，那么纵使前方道路平坦，你也会想尽一切理由阻止自己向前','今天是周三，已经有一段时间没有更新过自己的学习状态了。感觉在传智的时间过的超级快，每天我都在抱怨学习时间不够用。而且这几天比较忙，所以这段时间没有更新状态。\n\n因为我之前自学过，所以成绩自然会比其他同学偏高一些，而且我们组整体成绩算是最好的一组。然后讲师跟辅导员决定把我拆散到整体成绩不太理想的那一组，我们那一组 考试成绩后 `10` 名就占了 `4` 个人。我同桌就是班里倒数第一。辅导员让我多帮帮他们。一开始我确实想尽我能力去帮他们，但是他们上课睡觉，甚至写小说，晚上打游戏。尽管你很努力的去教，对方不去学那谁也没办法。\n![Snipaste_2021-11-10_12-04-37.png](https://res.liuyuyang.net/usr/uploads/2021/11/2013237726.png)\n我跟辅导员申请换一组，但辅导员让我尽可能多带带他们。唉\n\n我觉得如果你真的想做好一件事情，那么就算障碍重重，你也会想尽一切办法去做好他。但若你不是真心的想要去完成一件事情，那么纵使前方道路平坦，你也会想尽一切理由阻止自己向前。\n\n编程难在坚持，没有人一出生就是王者，每个人都要经历从0到1的过程，每个人都是一步一个脚印走过来的，包括我，我自认为自己没有学习编程的天赋，但我肯花时间。我想说学编程没有捷径，如果有那么一定是努力！\n![11.png](https://res.liuyuyang.net/usr/uploads/2021/11/933650690.png)\n![22.png](https://res.liuyuyang.net/usr/uploads/2021/11/3744286943.png)\n\n我希望每个程序员学编程的初心不是为了高薪资、高收入。而是真正把编程培养成兴趣，以架构师为最终的目标。否则你一辈子只是一个码农。\n',NULL,977,0,'','1636509240000'),(862,'2021.11.11 英语好烦啊','英语老师一直以来都很关注我、鼓励我。我不想辜负英语老师对我的期望，而我又真的不想把时间花费在英语方面。','今天是周四，晚上进行了在传智的第一次英语月考，考完之后他们都说题太简单了，可我一题都不会。\n\n一开始我确实想学英语，但是因为朋友的一句话：“人家从小学到高中9年的时间学英语，咱们 `0` 基础怎么可能在短时间内达到跟他们一样的级别” 我想了想好像确实有点道理。\n\n然后我决定放弃英语，把时间全部放在专业课上，只要有空隙的时间我就会总结一下今天所学的知识点或者在网上找相关课程自学。在英语课就拿出本子记编程语法\n\n就算我想去学，老师讲的高级语法我也听不懂，除非从小学开始讲，显然不太可能。而且我想了想，我来传智是为了学编程，没必要花这么多精力来学英语\n\n但是英语老师一直以来都很关注我、鼓励我。我不想辜负英语老师对我的期望，而我又真的不想把时间花费在英语方面。\n\n唉，太烦了\n',NULL,1264,0,'143,142','1636686000000'),(894,'2021.11.16 准备项目答辩','转眼间HTML跟CSS差不多要结束了，即将迎来项目实战开发。经过我的百般挑选，我决定以小米商城作为这次的项目答辩的项目。','转眼间HTML跟CSS差不多要结束了，即将迎来项目实战开发。经过我的百般挑选，我决定以小米商城作为这次的项目答辩的项目。\n',NULL,1148,0,'145,146','1637057880000'),(898,'2021.11.18 记录我在传智的大学四年','','今天是2021年11月18日，周四。早上的雾格外的大\r\n![QQ图片20211121132521.jpg](https://res.liuyuyang.net/usr/uploads/2021/11/2325031210.jpg)\r\n\r\n总结一下这两天所写的代码：总计1488行 47174个字符\r\n![Snipaste_2021-11-18_21-17-25.png](https://res.liuyuyang.net/usr/uploads/2021/11/2779069059.png)\r\n\r\n唉，一个英语就够我烦了，又来一个数学。本身学编程时间就不够，这不是火上浇油吗。','https://res.liuyuyang.net/usr/uploads/2021/11/2325031210.jpg',1147,0,'147','1637242080000'),(902,'2021.11.19 迎接第二次月考','一眨眼的时间已经在传智有近2个月的时光了，做着自己喜欢的事儿，每一天都很充实','今天是2021年11月19日，周五。时间过得好快。\n\n一眨眼的时间已经在传智有近2个月的时光了，做着自己喜欢的事儿，每一天都很充实。\n\n转眼将迎来第二次月考，上一次月考让我吸取了教训，有些很简单 让我觉得不可能出错的题居然因为自己的大意丢了分，如果当时我从头到尾审一遍题也不至于如此。但没有如果，考试的目的就是为了让自己认识到自己的缺点与不足，然后加以改正\n\n这一次我还会以第一为目标，希望这一次考试题能够难一点，这样就能淘汰部分与我争第一的同学了，哈哈~\n',NULL,1249,0,'','1637310900000'),(907,'2021.11.21 记录我在传智的大学4年','大概11点半左右我就起床把不久后要学的移动端先预习一遍。大概看了3个小时的课程，接着又动手操作到了晚上6点钟，总体来说算是把流式布局给学完了','今天是周日，一觉睡到自然醒的感觉就是爽。\n\n大概11点半左右我就起床把不久后要学的移动端先预习一遍。大概看了3个小时的课程，接着又动手操作到了晚上6点钟，总体来说算是把流式布局给学完了\n\n不算今天，仅剩最后3天就要迎来第二次月考。助教鼓励我这次月考争取满分，所以这一次我不能再犯上次那种低级的错误了，只要还有一分钟就绝不提前交卷。\n\n加油刘宇阳\n',NULL,1031,0,'','1637489100000'),(910,'给大家看看当学习委员有多忙','每天晚自习我相当于半个助教哈哈，同学有问题几乎都找我，甚至超过了找老师的次数','每天晚自习我相当于半个助教哈哈，同学有问题几乎都找我，甚至超过了找老师的次数\n\n![1.png](https://res.liuyuyang.net/usr/uploads/2021/11/1850283275.png)\n![2.png](https://res.liuyuyang.net/usr/uploads/2021/11/707813943.png)\n![3.png](https://res.liuyuyang.net/usr/uploads/2021/11/3622508526.png)\n![5.png](https://res.liuyuyang.net/usr/uploads/2021/11/3901151591.png)\n![6.png](https://res.liuyuyang.net/usr/uploads/2021/11/942296392.png)\n![7.png](https://res.liuyuyang.net/usr/uploads/2021/11/3754144876.png)\n![8.png](https://res.liuyuyang.net/usr/uploads/2021/11/2173249727.png)\n\n嘻嘻\n![4.png](https://res.liuyuyang.net/usr/uploads/2021/11/1852092094.png)\n',NULL,941,0,'109','1637586600000'),(923,'2121.11.23 记录我在传智的大学四年','今天是周二，明天就要进行第二次月考了，好紧张，因为这一次我是奔着满分来的。\n\n这两天确实挺忙的，因为不仅要复习还要赶着这周一的项目答辩，我们的项目答辩才刚完成一个首页。所以时间很紧。\n\n为了明天考试有个好状态，今晚破例12点之前睡觉。加油＾０＾~','今天是周二，明天就要进行第二次月考了，好紧张，因为这一次我是奔着满分来的。\n\n这两天确实挺忙的，因为不仅要复习还要赶着这周一的项目答辩，我们的项目答辩才刚完成一个首页。所以时间很紧。\n\n为了明天考试有个好状态，今晚破例12点之前睡觉。加油＾０＾~\n',NULL,1081,0,'','1637676780000'),(924,'2021.11.24 让我很惊讶的一件事','在出成绩时我问了上次考试的前几名，他们的分数都没我高，就在我认为我是班级第一的时候，突然蹦出99分并列第一的两个人。这两个人也是我万万没有想到的人。有个人之前是60分，HTML都没玩明白，天天找我求助。结果这一次从60分直接逆袭冲刺到班级第一','今天是周三。下午进行了在传智的第二次月考，这一次月考没什么难度，有一题本来答案写对了，但是我看不懂题目，经过我的再三考虑，最后将正确答案改成了错误答案。这也是我笔试题唯一丢的一分，很可惜。不过还有更可惜的是编程题，我都不知道自己错哪里了扣了2分。结果我朋友说你把浏览器屏幕缩小看看效果，我瞬间明白了，因为用的定位，而是还是固定值，当屏幕大小不一样时候，显示的效果也会不一样。\n\n当时在我的屏幕是好好的\n![1.png](https://res.liuyuyang.net/usr/uploads/2021/11/772002703.png)\n\n但是在老师屏幕就是这样的\n![2.png](https://res.liuyuyang.net/usr/uploads/2021/11/962036748.png)\n\n这三分丢的太可惜了，不然这次就登顶了。\n\n分数到达95以上却考不了满分的，我觉得大多数都是会做但是输在细节方面的。这一次我万万没想到居然分丢在了这里。虽然97的分数不低吧，但还是很不甘心，明明可以满分的，又一次遗憾了事。\n\n在出成绩时我问了上次考试的前几名，他们的分数都没我高，就在我认为我是班级第一的时候，突然蹦出99分并列第一的两个人。这两个人也是我万万没有想到的人。有个人之前是60分，HTML都没玩明白，天天找我求助。结果这一次从60分直接逆袭冲刺到班级第一。经过我的了解之后我才知道，他每天中午吃完饭就来班里学习，晚上回到宿舍后依旧打开电脑看视频学习，白天继续跟着老师讲课进度。\n\n用最近很火的那句话说：“太内卷了”  从60内卷到99\n\n经过这一次考试，我要更加努力了，不然以后我可能会被更多意想不到的人超越\n\n总而言之，祝自己加油吧！\n\n期待第三次月考\n',NULL,883,0,'141','1637886060000'),(929,'2021.11.28 心态炸了','今天是2021年11月28号明天就要项目答辩了，我们都在赶项目，周六周日都牺牲了。当我觉得项目要完工时候，我问他们要页面，然后我合并起来，谁知道他才刚开始做，这两天哪怕用10分钟的时间也不至于写成这样的页面，整个页面就一个图片。我们3个人那么努力的赶项目，他周末不知道都在干什么，就算不做，最起码跟我们说一声也行，唉~','今天是2021年11月28号明天就要项目答辩了，我们都在赶项目，周六周日都牺牲了。当我觉得项目要完工时候，我问他们要页面，然后我合并起来，谁知道他才刚开始做，这两天哪怕用10分钟的时间也不至于写成这样的页面，整个页面就一个图片。我们3个人那么努力的赶项目，他周末不知道都在干什么，就算不做，最起码跟我们说一声也行，唉~\n![微信图片_20211128190403.jpg](https://res.liuyuyang.net/usr/uploads/2021/11/1267781825.jpg)\n\n其他组正常都是8个人甚至10个人。而我们组才4个人参与开发，就快要完工时候居然有人会想到弃权、放弃。本身我们组参与开发的人就少还有人搞心态。为了这个项目我一个人做首页、登录页、注册页、结算页、支付页、介绍页、参数页、购买页、还有移动端首页和JS网页交互还有PPT。9个页面，我一个人做7个页面还有PPT等等。别的不说就我的一个首页代码量就相当于剩下的那2个页面加起来的代码量。我在这个组看不到任何开发的热情\n\n之前跟辅导员、助教申请换组，他们都不同意。这两天我再跟他们申请一下\n',NULL,1182,0,'','1638094800000'),(952,'2021.11.29 项目答辩冠军','终于到了项目答辩，组长问我你觉得咱们能拿第几? 我说最起码前三名。可结果呢... 拿了第一哈哈~','今天是2021年11月29号，周一。我们将在传智迎来第一次项目答辩。因为我们组综合实力比较低，班里成绩不太理想的同学大多数都在我们组，所以真正参与开发的人员只有4个人，而其他小组都是8个人甚至10个人。在快要完工时候居然还有一个人选择了放弃\n\n我们当时决定以小米商城作为本次答辩的项目。一开始我们就抱着敷衍的态度把项目答辩混过去就行。因为我们组参与开发的人数是其他组少了三倍，根本没有太大希望拿冠军。\n\n尤其是昨天我们组一个成员非常气人，本来已经说好的做介绍页，2天后都以为他已经做的差不多了，结果他才刚开始做，搞了2天的东西我觉得只要认真花10分钟都能搞出来，我不知道他在干什么。他不做没有错，错就错在不做也不给我们说一声，让我们都以为他做的差不多了。结果才刚起步，最后因为时间问题我们放弃了这个页面。\n\n今天，我又想了想这个页面很重要，因为其他组人数多，哪怕一人只做一个页面就有8个页面。所以在页面上我们不占优势，经过我们3个人的考虑，我们还是打算再赶赶，把这个手机介绍页面搞出来，因为这个页面涉及很多炫酷的JS动画，我觉得既然我们页面上不占优势，那么至少项目要有一个闪光点，所以我决定把这个页面赶出来。\n\n大概用了3节课左右实现了静态页面，然后剩下的时间放在JS动画方面。从早上第一节课赶到中午一点左右，本来打算吃个饭回来继续赶，结果他们说下午就要项目答辩，我一直以为是晚上项目答辩，然后经过我跟助教确认后，没办法今天只能牺牲一下自己了。\n![微信图片_20211130200030.jpg](https://res.liuyuyang.net/usr/uploads/2021/11/73009198.jpg)\n\n\n\n终于到了项目答辩，组长问我你觉得咱们能拿第几? 我说最起码前三名。可结果呢... 拿了第一哈哈~。一开始我们展示项目时候我能看出来下面的同学们眼中没有任何期待的目光，当我把屏幕缩小时候电脑端页面变成了移动端页面，然后我看见台下评委老师的目光似乎亮了一下，同学们也带着惊讶的目光，但是这还没完。\n\n当我打开我们项目特效最多的手机介绍页面时候，我听到了台下同学们忍不住的哇塞声音，在这一刻我看到同学们的目光一下子放亮了，我就知道这次项目答辩第一稳了。\n\n没想到我们一开始就是带着敷衍的态度做这次项目答辩，都认为没希望的时候逆风翻盘拿了本次项目答辩的第一。\n\n最后主讲老师让我担任了班级的学习委员，所以今后我一定要好好学习，不要辜负老师对我的期望。加油刘宇阳！\n',NULL,987,0,'146,148,109','1638193380000'),(956,'2021.11.30 我对码农的看法','在下午思想品德课中听老师说了一句感触很深的话：\n“活着是为了吃饭还是为了吃饭而活着”，我觉得这句话值得大家去想想。\n\n从今天开始我跟几个伙伴约好了，非特殊情况下每天中午吃完饭就到班里学习，互相督促。','今天是2021年11月的最后一天，过了今天，距离2022年仅剩最后一个月了。\n\n在下午思想品德课中听老师说了一句感触很深的话：\n“活着是为了吃饭还是为了吃饭而活着”，我觉得这句话值得大家去想想。\n\n从今天开始我跟几个伙伴约好了，非特殊情况下每天中午吃完饭就到班里学习，互相督促。\n\n\n前两天我一个同学跟我说了一句很毁三观的话\n\n他跟我说：“你天天学习，学那么多你不累吗”\n我说：“因为我的梦想是做一名技术顶尖的程序员”\n他说：“全世界牛逼的程序员多的是，你能比他们牛逼吗”\n我说：“尝试了可能会失败，但是不尝试注定失败”\n然后话题就终结了，至此我就很少跟他打交道了\n\n\n### 我想问大家一个问题：\n\n假如说编程这个行业并不是高薪职业，甚至没有收入，那么你还会选择这个行业吗？我想大多数人可能连想都不会去想，心理想法肯定是：“编程又不赚钱，还那么难，学这个是脑子有问题吗”。\n如果是抱着高薪资的初心去学习编程，在学习期间没有把编程真正培养成自己的兴趣爱好，那么他们就会很难在在这个行业走下去，即使走下去多半也是个码农。\n\n因为你并不是真正热爱代码而是为了高薪资才去学习编程的，所以在课余、周末时间也从来不会去刻意的学习新知识。当你学完编程之后，你可能就会觉得一切都解放了。然后面临找工作的难题，即使找到了工作，他们每天上班摸鱼，下班打游戏。到了公司裁员第一个裁掉的就是这些人。\n\n但如果你真正热爱代码，并且对代码感兴趣。那么你学着自己感兴趣的东西还能拿高薪资岂不是人生中最幸福的事情。到了课余、周末时间也会抽出一切可利用的碎片化时间去学习新知识，加强自身的价值观。到了工作时候将自身能力发展到最大潜力，利用碎片化时间去学习新知识，紧跟随行业的脚步。这样的人在未来一定能在公司有所成就，甚至晋升架构师。\n\n所以我希望大家并不是为了高薪资而选择学习编程，要真正的对编程感兴趣，培养这个兴趣爱好。这样你未来的路会走的更久、更远！\n',NULL,1102,0,'','1638273300000'),(967,'2021.12.01 记录我在传智的大学四年','虽然起点已经在其他同学之上了，但我依旧不会去选择安逸。\n因为鲁迅曾说过：“世界上哪有什么天才，我只是把别人喝咖啡的时间用在工作上了。”','今天是2021年最后的一个月了，也是我们学习 `JavaScript` 的第三天，因为我之前自学过，所以老师当前讲的知识点我能很快的吸收，在能保证跟上老师讲课进度情况下我会选择超前学习，把未来要学的知识点提前预习预习。\n\n目前我已经学到了JS面向对象环节了，第一学期的知识点差不多已经学完了，O(∩_∩)O哈哈~。\n\n虽然起点已经在其他同学之上了，但我依旧不会去选择安逸。\n\n因为鲁迅曾说过：“世界上哪有什么天才，我只是把别人喝咖啡的时间用在工作上了。”\n\n所以我会拿出一切可以利用的碎片化时间用来提升自己。这也是人与人拉开差距的最佳方法\n\n加油刘宇阳，未来的架构师！\n',NULL,1128,0,'','1638360900000'),(971,'2021.12.02 越努力越幸运','希望大家不要遇到点困难就放弃、就退缩。要想想为什么别人能学的会而自己却学不会。因为你在打游戏时候有人在学习，你在睡懒觉时候也有人在学习。可怕的不是你不够努力，而是比你优秀的人比你更努力！','今天又是元气满满的一天，我始终相信，越努力越幸运！\n\n今天我们主要学习了递增、运算符、数组与if条件判断。慢慢的，老师讲课的进度开始有了明显的加快。我们刚开始讲 `JavaScript` 班里好多同学暂时还没有适应 `JS` 的难度，再加上老师出了几道比较吃逻辑的题，所以好多同学都打起了放弃的念头。\n\n我想说：“没有人一出生就会，哪个程序员不是这么一步步走过来的。总有人要赢的，为什么不是你呢？”\n\n编程虽然难，但其实更难的是 \"坚持\"  这两个字。\n\n我的偶像 `Pink` 老师说过一句话：“努力了就一定会有结果，最坏的结果莫过于大器晚成”\n\n所以我希望大家不要遇到点困难就放弃、就退缩。要想想为什么别人能学的会而自己却学不会。因为你在打游戏时候有人在学习，你在睡懒觉时候也有人在学习。可怕的不是你不够努力，而是比你优秀的人比你更努力！\n\n所谓方法总比困难多，要学会克服困难，不经风雨怎见彩虹！\n\n最后附上一张图告诉大家我当上学委之后有多忙O(∩_∩)O哈哈~\n![111.png](https://res.liuyuyang.net/usr/uploads/2021/12/1491293542.png)\n','https://res.liuyuyang.net/usr/uploads/2021/12/1491293542.png',1051,0,'','1638451320000'),(979,'2021.12.03 没有100个小时琢磨不透的算法','哪有什么天赋异禀，不过是在你们休息时候努力罢了。语法记不住那你就写100遍 1000遍。逻辑不好那就死磕，1小时琢磨不透就 2小时，2小时琢磨不透就1天。没有100个小时琢磨不透的算法！','今天是12月3号，周五。转眼间学习 `JavaScript` 已经一星期了，班里好多同学还没从 `html css` 适应过来，甚至有些同学已经起了放弃的念头\n![Snipaste_2021-12-03_21-13-34.png](https://res.liuyuyang.net/usr/uploads/2021/12/378356127.png)\n\n我想对大家说：“成绩差有成绩差的原因，成绩好也有成绩好的原因。我跟班里成绩前几名的几个同学哪天中午不是吃饭完就回教室学习，晚上回到宿舍继续学习。白天再正常跟着老师的进度学。哪有什么天赋异禀，不过是在你们休息时候努力罢了。语法记不住那你就写100遍 1000遍。逻辑不好那就死磕，1小时琢磨不透就 2小时，2小时琢磨不透就1天。没有100个小时琢磨不透的算法！”\n','https://res.liuyuyang.net/usr/uploads/2021/12/378356127.png',1195,0,'','1638537120000'),(984,'2021.12.06 记录我在传智的大学四年','','今天是2021年12月6日。当前讲的JS基础我完全能跟得上，因为我之前自学过，现在我已经学到了JS面向对象高级阶段了，后面的知识点只会一个比一个的难。自学过程中头都要炸掉了，实在好难理解。我现在在想要不要考虑放弃自学，跟着老师的讲课进度一步一步来，把当前的基础加深一下。但是一旦放弃自学那么我就会轻松很多，又不想让自己太闲。好纠结\n',NULL,1018,0,'','1638798300000'),(1012,'2021.12.09 拿下项目答辩冠军','转眼间来传智已经快3个月了，这三个月每一天过的都很充实、快乐。我始终相信越努力越幸运','今天是2021年12月9日，我们班里进行了项目答辩与月考成绩的颁奖。\n\n![1.jpg](https://res.liuyuyang.net/usr/uploads/2021/12/1029196367.jpg)\n![2.jpg](https://res.liuyuyang.net/usr/uploads/2021/12/1310507261.jpg)\n![11.jpg](https://res.liuyuyang.net/usr/uploads/2021/12/3532168884.jpg)\n![22.jpg](https://res.liuyuyang.net/usr/uploads/2021/12/1797531422.jpg)\n当然冠军肯定是我这一组，哈哈~。\n\n\n转眼间来传智已经快3个月了，这三个月每一天过的都很充实、快乐。我始终相信越努力越幸运。\n\n有句话说得好，“可怕的不是你不够努力，而是比你优秀的人比你更努力”。所以我每天吃完饭就回班学习，中午学1个半小时，晚上回到宿舍后再学1个小时。每天至少比别人多学2个小时。虽然短期内可能看不到什么效果，但是1个月下来就是60个小时，这60个小时足够把一门编程语言入门了。\n\n所以，任何一点点努力乘以365都会有很大改变。\n\n生命不息，奋斗不止！\n\n加油刘宇阳，未来的架构师\n','https://res.liuyuyang.net/usr/uploads/2021/12/3532168884.jpg',1054,0,'','1639050720000'),(1038,'2021.12.15 算法好难','虽然很累，但做着自己喜欢的事情就感觉很值得，我相信，只要我不放弃一切就有希望。我相信通过我的努力终有一天我会成为程序员当中最闪亮的那颗星','今天是2021年12月15日，周三。\n\n今天的作业说实话可能是自开学以来最难的一次了，每一题都挺难的，班里前十名就写了 `2` 道题，而我 `7` 道题已经 `OK` 了，中午吃完饭大概刚 `1` 点时候我就到班里做这 `7` 道题，做到 `4` 点多然后跟朋友出去转了转。\n\n当时已经剩下最后一题了，到 `6` 点半时候又继续研究，最后道 `9` 点半下课才写出来。\n\n虽然很累，但做着自己喜欢的事情就感觉很值得，我相信，只要我不放弃一切就有希望。我相信通过我的努力终有一天我会成为程序员当中最闪亮的那颗星。\n\n总之加油吧，未来的架构师\n\n附上这次的作业题吧，大家也可以尝试做一做\n[作业.docx](https://res.liuyuyang.net/usr/uploads/2021/12/3806674920.docx)\n',NULL,1519,0,'149','1639576320000'),(1048,'2021.12.16 算法是提升编程逻辑的最快方式','虽然算法确实难，但算法是提升编程逻辑的最快方式','今天是2021年12月16日\n晚上的作业还是 `7` 道题，老师就要求抽 `2` 道题做就行，我做了 `6` 道题。剩下最后一道题暂时没有思路\n\n今天的作业难度更让我大吃一惊，比昨天的题还要难。班里的同学也都皱起了眉头。\n\n从他们的身上我看到了曾经我自学编程时候遇到的第一个算法：**冒泡排序**\n\n当时我经常怀疑自己的能力，怀疑自己到底适不适合学编程。但是只要不放弃吧，就一定有希望，还是那句话“没有 `100` 个小时琢磨不透的算法，如果有那就 `200` 个小时”。\n\n虽然算法确实难，但算法是提升编程逻辑的最快方式\n\n加油未来的架构师：刘宇阳\n',NULL,1107,0,'149','1639664820000'),(1049,'2021.12.17 班级第一次团建',' 今天我们老师带我们进行了烧烤活动，每个组烤每个组的食材，我们组一开始都很信心满满，结果不小心打脸了，由于我们都没有烧烤经验，然后把食材都烤糊了，让我们很意外','今天是2021年12月17日，转眼间仅剩差不多1个月的时间就要接近寒假了，感觉时间过的太快了，每天的时间都不够用。就在今晚我完全不知道已经周五了，然后我就向往常一样把电脑充电器放在了班里，电脑剩余的电量还可以用3个小时左右，所以我平常除了周末一般不把充电器拿到宿舍。今天让我意外的是在传智时间过的太快了，快到让我忘记时间，哈哈~。\n\n今天我们老师带我们进行了烧烤活动，每个组烤每个组的食材，我们组一开始都很信心满满，结果不小心打脸了，由于我们都没有烧烤经验，然后把食材都烤糊了，让我们很意外。\n\n烧烤前\n![1.jpg](https://res.liuyuyang.net/usr/uploads/2021/12/3707825136.jpg)\n\n烧烤后 o(╥﹏╥)o\n![2.jpg](https://res.liuyuyang.net/usr/uploads/2021/12/531759144.jpg)\n\n到了晚上，我的技术在班里也算是得到了认可，大家有问题都会找我，我解决不了的然后我就去请教老师。\n![3.png](https://res.liuyuyang.net/usr/uploads/2021/12/2253446297.png)\n![4.png](https://res.liuyuyang.net/usr/uploads/2021/12/3895289323.png)\n当然我也很乐意为大家解决问题，因为帮同学也等同于帮助自己。是个稳赚不赔的买卖^_^！\n\n![微信图片_20211217233547.jpg](https://res.liuyuyang.net/usr/uploads/2021/12/3982576512.jpg)\n这些娃哈哈都是同学们送我的，给我的一点心意!\n\n今天又是元气满满的一天！\n\n加油刘宇阳未来的架构师！\n','https://res.liuyuyang.net/usr/uploads/2021/12/531759144.jpg',1044,0,'150,112','1639754100000'),(1055,'2021.12.18 迎接第三次月考','马上就要迎接第三次月考了，这一次月考我一定要一雪前耻，拿下第一。尽管我每次都以第一为目标，但终究没有突破这个瓶颈，但我不能放弃，因为没有压力哪来的动力。','今天是2021年12月18日周六。\n\n马上就要迎接第三次月考了，这一次月考我一定要一雪前耻，拿下第一。尽管我每次都以第一为目标，但终究没有突破这个瓶颈，但我不能放弃，因为没有压力哪来的动力。也许有些人目标考60分就沾沾自喜，但一定也有些人因为差3分没有满分而烦恼\n\n加油刘宇阳，未来的架构师！\n\n![1.jpg](https://res.liuyuyang.net/usr/uploads/2021/12/862607891.jpg)\n','https://res.liuyuyang.net/usr/uploads/2021/12/862607891.jpg',1087,0,'','1639834140000'),(1063,'2021.12.19 遇到点挫折就放弃？','我们班有两位同学退学了，其中一位是跟我玩非常好同学，在刚学 `JS` 时候就经常跟我说太难了学不下去了，所以我经常开导他，但他终究还是下定决心退学了。我想说遇到点困难就退缩、就放弃，以后不管干什么，从事什么行业在社会上都很难立足','今天是2021年12月19日，我们班有两位同学退学了，其中一位是跟我玩非常好同学，在刚学 `JS` 时候就经常跟我说太难了学不下去了，所以我经常开导他，但他终究还是下定决心退学了。我想说遇到点困难就退缩、就放弃，以后不管干什么，从事什么行业在社会上都很难立足\n\n我的一整个18岁都是在厂里度过的，多多少少也算是在社会上连滚带爬的经历了一年。这一年在厂里的老员工对我说最多的话就是: “这辈子最后悔的事情就是没有好好学习，如果在给我一次机会的话我一定好好学习”。现在这个社会不看能力、不看学历、不看技术并且薪资达到 `5000` 以上的还有哪个工作？只有进厂才能勉强拿个四五千，都什么年代了别再相信什么读书无用论了。\n\n总而言之在以后的道路上，不管这条路有多难，我也一定会坚持到最后。死磕到底，绝不放弃！\n',NULL,891,0,'','1640012400000'),(1065,'2021.12.12 心中无女人，代码自然神','','今天是2021年12月12日。眼看初中的同学一个个都脱了单，而我还个单身狗，哈哈。心里多多少少还是有点......\n\n虽然想吧，但是我又不能这么做。最主要的原因还是因为学习，如果能跟一个三观一致并且有着共同兴趣爱好的人谈恋爱那绝对是件好事。不过现在这样的女生已经很少了。毕竟来这个学校真的不容易，所以我要杜绝一切能够影响学习的任何事情\n\n最后附上一句话: 心中无女人，代码自然神 *^O^* ！\n\n加油刘宇阳^O^\n',NULL,1085,0,'','1639316760000'),(1066,'2021.12.21 记录我在传智的大学四年','可怕的不是你不够优秀，而是比你优秀的人比你更努力！','今天是2021年12月21日，仅剩最后1个月就要放寒假了，终于可以跟家人相聚了。\n\n说实话我有点慌，因为某些地方又开始闹疫情了，本身这学期就少上了1个月的课，我害怕因为疫情再次延迟开学。\n\n自从上一次月考结束后，，我们班一位同学从68分冲刺到了99分班级第一，前进了大概20名。\n\n据我了解才知道他背着我们偷偷学习，在内卷全班人哈哈。上课时候表面漏出那种厌恶学习的态度。中午跟晚上背着大家偷偷学习。谁也没想到他能成为班级第一。所以这一个月我也放弃了午休，中午学习1个半小时，晚上学习1个小时。一天就比别多学2个半小时，虽然短时间内看不到变化，但是任何一点点乘以365都不止于一点点。\n\n这一个月差不多都是这样熬过来的，中午不睡觉就感觉特别特别困，但是每当我想休息时候就会想到背着我偷偷学习的那个人，顿时我就打起精神。因为我的电脑桌前的贴纸上一句话让我很深刻：“可怕的不是你不够优秀，而是比你优秀的人比你更努力！”\n![微信图片_20211221230618.jpg](https://res.liuyuyang.net/usr/uploads/2021/12/3757106332.jpg)\n\n还差最后一道题，干完睡觉\n![Snipaste_2021-12-21_23-06-05.png](https://res.liuyuyang.net/usr/uploads/2021/12/2855262050.png)\n','https://res.liuyuyang.net/usr/uploads/2021/12/2855262050.png',1476,1,'','1640098140000'),(1070,'2021.12.22 同是风华正茂，怎元甘拜下风！','最近学习的压力越来越大了，老师为了锻炼大家的逻辑，每天都出七八道算法题，题目含金量很大，但是对初学者并不太友好。班里好多人跟我反应质疑自己的能力、质疑自己是不是不适合学编程甚至有些同学跟我反应实在太累了坚持不下去了，要放弃。昨天又一个同学跟老师提出了退学的要求','今天是2021年12月22日，最近学习的压力越来越大了，老师为了锻炼大家的逻辑，每天都出七八道算法题，题目含金量很大，但是对初学者并不太友好。班里好多人跟我反应质疑自己的能力、质疑自己是不是不适合学编程甚至有些同学跟我反应实在太累了坚持不下去了，要放弃。昨天又一个同学跟老师提出了退学的要求。\n\n我有时候就在想到底是编程难还是坚持难。\n\n同是风华正茂，怎愿甘拜下风！\n\n我想说：“不要遇到点困难就放弃，要想想怎样才能消灭困难而不是向困难妥协。”\n',NULL,910,0,'','1640183880000'),(1072,'2021.12.23 记录我在传智的大学四年','今天我看到书中一位著名的金融家有一句感触很深的名言：“一个银行要想赢得巨大的成功，唯一的可能就是，他雇了一个做梦都想把银行经营好的人做总裁” 所以说，当一个人投入全部的热情在工作上，他就等于在不断的接近成功！','今天是2021年12月23日，距离2022年只剩下最后9天了。\n\n今天我看到书中一位著名的金融家有一句感触很深的名言：“一个银行要想赢得巨大的成功，唯一的可能就是，他雇了一个做梦都想把银行经营好的人做总裁” 所以说，当一个人投入全部的热情在工作上，他就等于在不断的接近成功！\n\n月考倒计时还有7天，在这最后的7天里，我要绝对性的努力压倒性的胜利，在这学期必须拿下满分这个目标。再拼一把。加油刘宇阳！\n',NULL,1041,0,'','1640266380000'),(1073,'2021.12.28 天赋不行努力来凑','今晚我要再复习复习明天争取考一个好成绩，一雪前耻！','今天是2021年12月28日，明天就要迎来在传智的第三次月考，老师让各组组长找对手PK，输赢要有奖有罚，然后好多组抢着以我们为目标组PK，因为我们组综合能力是最低的，跟我们组PK基本稳赢。\n\n今晚我要再复习复习明天争取考一个好成绩，一雪前耻！\n\n这次考试说实话可能是前两次考试中最难的一次，据我所知上一届 `20` 级班级平均分也才 `40` 多\n\n总之加油吧，期待明天的考试！\n',NULL,954,0,'','1640702220000'),(1074,'2021 倒计时最后一天','这一年遇见、拥有、失去、遗憾、成长，本以为是突如其来的惊喜、始料未及的喜欢，不料却是猝不及防的再见，毫不留情的散场','这一年遇见、拥有、失去、遗憾、成长，本以为是突如其来的惊喜、始料未及的喜欢，不料却是猝不及防的再见，毫不留情的散场。 有些人来了又走了，遗憾我没有留住，很短暂，很喜欢，很难忘，很遗憾，一个人走过了这大半年，希望接下来的日子里慢慢成长，顺顺利利，家人健健康康，平安快乐，过好自己的生活。',NULL,1129,0,'211','1640913060000'),(1075,'2021.12.30 当班级第一的优越感','这次月考过后我彻底成为了班级里的焦点以及公认的技术大佬。通过这次月考让我第一次体会到了当班级第一的优越感','今天是2021年12月30日，迎来了在传智的第三次月考。\n\n而这次月考是目前为止最难的一次考试，一共考了七道 `JavaScript` 算法题，剩下的都是笔试题。最终的结果是刷新了班级平均分，降低到了史无前例的 `40` 多，及格的也是少之又少，而我这次却拿了满分。\n\n因为之前项目答辩我以一人之力竞争整个组，在逆风情况下拿了冠军再加上这次月考又拿了满分，从此我彻底成为了班级里的焦点以及公认的技术大佬。通过这次月考让我第一次体会到了当班级第一的优越感\n\n后来老师组织班级月考前十名的同学挨个上台发言，分享自己的学习方法。\n\n通过这次分享，让我认识到了班里居然还有这么多隐藏大佬。其中我发现我们有个共同点 就是主动学习而不是被动学习，也就是说完全不需要任何人逼着你，也不需要任何人给你灌输大道理，而那些学习差的同学大多处于被动学习的状态，从来不会主动的去学习，因此导致了成绩不理想。\n',NULL,974,0,'141,151,152,153','1640872620000'),(1081,'2021.12.29 希望这次能突破满分这个目标','下午就要进行第三次月考了，这次月考会比前两次要难很多，因为 html css 完全不涉及逻辑，只需要死记硬背就一定能拿个较好的成绩。而 `JS` 不一样，你不仅要学语法，还要练逻辑','今天是2021年12月29日周三，我们下午就要进行第三次月考了，这次月考会比前两次要难很多，因为 html css 完全不涉及逻辑，只需要死记硬背就一定能拿个较好的成绩。而 `JS` 不一样，你不仅要学语法，还要练逻辑。这次考试填空题占 `20` 分 / `7` 道编程题占 `80` 分\n\n在考试前我把之前学过的所有语法都复习了一遍，因为我的记忆力比较薄弱，所以我就采取最笨的方法。每个单词都抄几十遍。抄完就自己默写，只要错一个单词就把错的那个单词抄 `10` 遍。每一个单词都要达到 `3` 秒钟就能写出来的程度为止\n\n中午我还是老样子，吃完饭就回到班里学习，充分利用一切可利用的时间，把时间发挥到极致。\n\n下午先是笔试题，虽然题不难吧，但有些题目确实有点难理解。一共 `20` 道填空题，每题占 `1` 分。然后到了 `7` 道编程题，这 `7` 道题我觉简单的特别简单，难的特别难，当时差点没写出来。\n\n大概一个半小时左右我做完了题。老师问大家谁需要提前交卷，我本来下意识的要举手，但是想起了上次月考因为自己提前交卷没有审题导致没有突破满分的目标。所以我要吸取上次的教训，把题全部再审查审查，同样的错误不能再出现第二次。\n\n希望这一次能够实现满分这个目标吧，加油刘宇阳\n',NULL,931,0,'','1640790240000'),(1082,'2021.12.31 不忘初心','通过在汽车厂磨炼的这11个月，我会更加珍惜这来之不易的求学机会。我相信通过我的努力总会有梦想成真的那一天！','今天是2021年的最后一天，人生中最难熬的一年终于成为过去了。\n\n我的整个18岁都是在厂里度过的，这一年是绝望也是希望。尽管同学们的嘲讽、老师的不理解甚至父母的不支持，依旧没有动摇我对编程的热爱。\n\n通过在汽车厂磨炼的这11个月，我会更加珍惜这来之不易的求学机会。我相信通过我的努力总会有梦想成真的那一天！\n\n对了，上英语课时候发生了一件很尴尬的事情，上一秒英语老师刚说完英语学得好的话对编程有很大帮助，自然也不会差。接着又问我们: 这次专业课月考有没有考满分的\n\n然后同学们目光看向了我，英语老师顿时很尴尬。因为我的英语水平不蒙的话1分都拿不了，成绩特别特别差。但是丝毫不影响我的专业课\n\n而且我们班的还有我认识的好多朋友英语学的还不错，但是学习编程并没有多少加分点。所以英语对编程最大的帮助无非就是变量命名、看报错、看文档方便一点，其他的目前我真不知道对编程还有什么用处了，而且现在市面上翻译软件都已经那么成熟了，完全可以替代英语。 **个人观点**\n\n\n加油刘宇阳，未来的架构师！\n',NULL,945,0,'','1640959740000'),(1090,'2022.01.07 为什么编程这么难学？','学习编程期间有很多时间会觉得痛苦不堪，感觉自己做出了非常大的努力，但是好像没办法提高。从而导致学不下去，甚至起了放弃的念头。其实编程更难的我认为还是坚持这两个字','今天是2022年1月7日，已经有一星期没有更新状态了，就一个字忙。\n\n听到老师说因为疫情提前一星期也就是下周六就要放假了，此刻我的心情无比的激动，马上就能回到那个满大街都是豫 `A` 的地方了。\n\n现在班里同学在学习上已经有了明显的压力，从一开始的主动学习到现在被逼着学习，逐渐已经对编程产生了厌恶。\n\n因为编程跟语数英不一样，编程最难的地方在于：“知识和能力的累计并不是一个线性增长的过程。编程能力跟语文和文史类的东西还是有一些不同的，并不是说今天背了一篇课文，知识点累加 `5%`，明天背再背一篇课文知识点累加 `10%`。在学习编程过程中绝大多数情况下，都是今天遇到一个 `bug`，不知道该怎么解决，知识点累计就是 `0%`，明天又碰到一个很难的算法题，做不出来，知识点累计还是 `0%`，然后经过很多天，似乎明白了怎么去处理 `bug`，知识点就累计 `70%`。 后来又是某一天，可能悟透了某一类算法，知识积累 `80%`。”\n\n所以中间有很多时间会觉得痛苦不堪，感觉自己做出了非常大的努力，但是好像没办法提高。从而导致学不下去，甚至起了放弃的念头。其实编程更难的我认为还是坚持这两个字\n\n我经常跟同学说：“努力了就一定会有结果，最坏的结果不过大器晚成！”\n\n所以我奉劝大家千万不要放弃，只要不放弃一切就有希望',NULL,939,0,'','1641563820000'),(1095,'2022.01.10 哪有什么天赋异禀','我发现心理老师，也就是我们的年级主任每次上课都会提起我名字，今天还让我上台分享我的学习方法','今天是2022年1月10日，我发现心理老师，也就是我们的年级主任每次上课都会提起我名字，今天还让我上台分享我的学习方法\n\n其实我并没有什么所谓的学习方法，只不过在我没来到传智学院之前在汽车厂里工作过 `11` 个月，这 `11` 个月让我真正意义上体会到了社会的残酷与打工的不容易，所以我很珍惜这来之不易的学习机会。\n\n大家都说我比较刻苦、努力，其实在我看来这些都不算什么，因为我只是做了我该做的事情，我很清楚自己想成为一个什么样的人。\n\n拿破仑曾说过: “不想当将军的士兵不是一个好的士兵”，所以我希望大家心目中都以架构师为目标，因为不想当架构师的程序员绝不是一个好的程序员。\n\n最后我想说: 只要你想去学，那么就会有一万种方法学好，但是你不想学，不管用什么方法那都是无用之举。\n\n哪有什么天赋异禀，不过是在你们睡觉时候学习罢了。',NULL,1099,0,'','1641819420000'),(1096,'2022.01.11 迎接第四次月考','今天中午本来打算放松放松好好睡一觉，但是一闭上眼脑子里都是月考的事情导致无法入睡，最后我还是选择了起床回班学习','今天是2022年1月11日，转眼间距离寒假仅剩 `3` 天了，美好的时光总是那么短暂。\n\n明天也就要迎来在传智的第四次月考了，争取这次再拿个满分回家过年。\n\n今天中午本来打算放松放松好好睡一觉，但是一闭上眼脑子里都是月考的事情导致无法入睡，最后我还是选择了起床回班学习。\n\n这一次考试没有编程题了，多多少少会简单一点。不过虽然没有了编程题，但是助教老师说这次考试范围是学过的所有知识点。顿时我就懵了，因为从 `HTML` 到 `JS` 单词语法实在太多了，只要有一个单词写错，可能我这次满分的目标就会破灭，所以我用了一天的时间把所有的学过的单词全部过了一遍。\n\n不出意外的话这次第一与满分应该还是我，哈哈\n\n好了，不多说了，晚安\n',NULL,1051,0,'','1641909480000'),(1097,'原生 JavaScript 手写无缝轮播图','原生 JavaScript 手写无缝轮播图','# ~~~功能需求：\n1. 鼠标经过轮播图模块，左右按钮显示，离开隐藏左右按钮。\n2. 点击右侧按钮一次，图片往左播放一张，以此类推， 左侧按钮同理。\n3. 图片播放的同时，下面小圆圈模块跟随一起变化。\n4. 点击小圆圈，可以播放相应图片。\n5. 鼠标不经过轮播图， 轮播图也会自动播放图片。\n6. 鼠标经过，轮播图模块， 自动播放停止。\n\n# 效果演示：\n![2.gif](https://res.liuyuyang.net/usr/uploads/2022/01/3777651810.gif)\n\n# 源代码\n[无缝轮播图.zip](https://res.liuyuyang.net/usr/uploads/2022/01/4045276694.zip)\n','https://res.liuyuyang.net/usr/uploads/2022/01/3777651810.gif',974,0,'170,12','1641959162000'),(1100,'2022.01.12 差一步登顶','在这一学期我们学完了 JavaScript、DOM、BOM，下学期将迎来的是 JavaScript 高级与框架。我要充分利用好这个寒假，因为这是与班里众多高手拉开差距的最佳方法','今天是2022年1月12日，今天晚自习是我在传智的第一个学期中最后一次考试，这也就意味着在传智的第一个学期已经接近尾声。从第一天来到传智起，我就对传智有一种特殊的感觉。在这一学期我们学完了 `JavaScript`、`DOM`、`BOM`，下学期将迎来的是 `JavaScript` 高级与框架。我要充分利用好这个寒假，因为这是与班里众多高手拉开差距的最佳方法\n\n这次考试错了一道题与满分无缘了，考了 `98` 分。其实理论上这道题也算对的。\n\n题目是构造函数中的 `this` 指向的是什么，我写的是：构造函数本身。因为构造函数的 `this` 指向的就是实例对象，简单来说我感觉就是构造函数本身。\n\n但助教说答案是：构造函数的实例对象。本来我写的也是构造函数实例对象的，但是因为我想了想这个不是 `JS` 高级才讲的知识点嘛，现在还没有讲，所以我最终还是选择写构造函数本身。丢了 `2` 分 差一步登顶，不甘心啊，但没办法，错了就是错了\n\n![微信图片_20220112211630.png](https://res.liuyuyang.net/usr/uploads/2022/01/3765822356.png)\n\n加油刘宇阳，未来的架构师！','https://res.liuyuyang.net/usr/uploads/2022/01/3765822356.png',1129,0,'141','1641997560000'),(1119,'2021.11.26 记录我在传智的大学四年','月考结束后，其他组的项目答辩已经准备差不多了，而我们才刚刚起步。我考虑到我们组参与开发的人数太少，所以如果比页面的话哪怕其他组一人一个页面就8个页面了，所以我们不能跟他们比页面，比页面的话我们处于劣势','月考结束后，其他组的项目答辩已经准备差不多了，而我们才刚刚起步。我考虑到我们组参与开发的人数太少，所以如果比页面的话哪怕其他组一人一个页面就8个页面了，所以我们不能跟他们比页面，比页面的话我们处于劣势。\n\n所以我决定用之前学习的 `JS` 做特效和移动端。做一些其他组做不了的东西，这样页面就会丰富多彩，博人眼球。哈哈\n',NULL,865,0,'','1637932980000'),(1121,'2021.11.27 记录我在传智的大学四年','','今天我在纠结像那些手机官网介绍页的页面滚动效果怎么实现的，虽然我知道思路吧，但又做不出来。\n\n直到我听到周围同学提起了 `CSS` 过渡，顿时我就知道了实现方法。我可以用 `pageYOffset` 属性获取页面被卷去的距离，然后给它透明度默认设置 `0`，当页面下拉时被卷去的距离如果大于当前元素的距离时就将他透明度设置1，最后加一个过渡效果即可。\n![Snipaste_2022-01-13_08-42-30.png](https://res.liuyuyang.net/usr/uploads/2022/01/1927574223.png)\n','https://res.liuyuyang.net/usr/uploads/2022/01/1927574223.png',1151,0,'','1638023640000'),(1128,'2021.12.25 记录我在传智的大学四年','曾经约好每天中午来班学习的小伙伴，一个退学了、一个三天打鱼两天晒网、一个在放弃边缘。','今天是2021年12月25日，曾经约好每天中午来班学习的小伙伴，一个退学了、一个三天打鱼两天晒网、一个在放弃边缘。\n\n唉~\n\n最终还是我一个人扛下了所有\n',NULL,922,0,'','1640439060000'),(1133,'2022.01.13 记录我在传智的大学四年','上午老师给我们出了一道题：三级联动下拉地区列表效果。我本以为很简单，可结果我研究了 2 节课。最终虽然写出来，但使用了 3 个 for 循环，感觉应该有更好的方法实现，等有时间我再研究研究','今天是2022年1月13日，上午老师给我们出了一道题：三级联动下拉地区列表效果。我本以为很简单，可结果我研究了 `2` 节课。最终虽然写出来，但使用了 `3` 个 `for` 循环，感觉应该有更好的方法实现，等有时间我再研究研究\n![Snipaste_2022-01-13_14-01-46.png](https://res.liuyuyang.net/usr/uploads/2022/01/3662987622.png)','https://res.liuyuyang.net/usr/uploads/2022/01/3662987622.png',887,0,'','1642052340000'),(1139,'2022.01.14 在传智的最后一个夜晚','明天就要放寒假了，这个假期我也不能闲着，我打算在完成寒假作业的情况下去把 JS 高级也提前预习一遍，我之前自学编程时候就卡在了 JS 高级这里，有很多原理上的知识点一直比较含糊，比如递归、闭包、原型链等等','今天是2022年1月14日 是我在传智专修学院第一学期的最后一个夜晚。\n\n明天就要放寒假了，这个假期我也不能闲着，我打算在完成寒假作业的情况下去把 `JS` 高级也提前预习一遍，我之前自学编程时候就卡在了 `JS` 高级这里，有很多原理上的知识点一直比较含糊，比如递归、闭包、原型链等等。\n\n晚上在我收拾行李时发现传智王老师跟我说我上传智人内刊了，哈哈\n![mmexport1642171929302.png](https://res.liuyuyang.net/usr/uploads/2022/01/4279168062.png)\n就挺突然的','https://res.liuyuyang.net/usr/uploads/2022/01/4279168062.png',897,0,'','1642172280000'),(1155,'学习打卡一个100小时','打卡第一个 100 个小时','打卡第一个 **100** 个小时\n\n![mmexport1644118111506.jpg](https://res.liuyuyang.net/usr/uploads/2022/02/899814344.jpg)\n','https://res.liuyuyang.net/usr/uploads/2022/02/899814344.jpg',1178,0,'209','1644142154000'),(1165,'数据没了，那就重新开始吧！','由于还在上学资金有限所以使用的是几块钱/月那种廉价虚拟主机。没想到服务商跑路，连给我备份的时间都没有\n\n唉，那就重新开始吧！','由于还在上学资金有限所以使用的是几块钱/月那种廉价虚拟主机。没想到服务商跑路，连给我备份的时间都没有\n\n唉，那就重新开始吧！\n',NULL,1504,0,'81','1547647320000'),(1177,'祝我爸的公司虎年暴富蒸蒸日上','我爸是我佩服为数不多的人，以当前这种情况我完全可以每天吃喝玩乐，不务正业，至少比别人少奋斗几十年是真的。说这些我并不是在炫耀什么，而是我想告诉大家我绝不是那种啃老族，啃老族不是我的风格。我从始至终就没有想过做啃老族这个念头','祝我爸的公司虎年暴富蒸蒸日上\n\n回想起十年前的我爸\n从一个人到现在三十多个员工\n从一辆车发展到现在十辆车\n从给别人开货车到自己开货运公司让别人给我们开车\n从所有人的不相信到所有人的眼红\n\n\n这一路走来我爸开过三轮车拉人、打过工、开过服装店、卖过饮料、做过快递、干过货车司机\n\n最终从货车司机历经十年发展到如今的同顺国际货运有限公司\n\n\n我爸是我佩服为数不多的人，以当前这种情况我完全可以每天吃喝玩乐，不务正业，至少比别人少奋斗几十年是真的。说这些我并不是在炫耀什么，而是我想告诉大家我绝不是那种啃老族，啃老族不是我的风格。我从始至终就没有想过做啃老族这个念头。\n\n我有我自己的想法与明确的职业规划，我很清楚我想成为一个什么样的人。所以我一直在努力，努力成为一个连我自己都佩服的人，我相信通过我的努力一定会再创辉煌！\n![IMG_20220210_172858.jpg](https://res.liuyuyang.net/usr/uploads/2022/02/4188033837.jpg)\n\n\n​','https://res.liuyuyang.net/usr/uploads/2022/02/4188033837.jpg',949,0,'128','1644398640000'),(1198,'寒假作业：21 点棋牌游戏项目','寒假作业：21 点棋牌游戏项目 是我们学校第一学期的寒假作业，老师要求使用纯 JavaScript 完成','# 21点棋牌游戏项目\n\n## 功能演示\n这是我们学校第一学期的寒假作业，要求用纯 `JavaScript` 完成如下效果：\n![2.gif](https://res.liuyuyang.net/usr/uploads/2022/02/4238401906.gif)\n\n## 代码截图：\n![微信图片_20220213202059.png](https://res.liuyuyang.net/usr/uploads/2022/02/3152611619.png)\n大家可以看一下我的代码，几乎每一行都有注释，要养成写注释的好习惯。哈哈~\n\n\n## 项目代码：\n[21点游戏项目.zip](https://res.liuyuyang.net/usr/uploads/2022/02/16400412.zip);','https://res.liuyuyang.net/usr/uploads/2022/02/4238401906.gif',1193,0,'169,168,167,166','1644754740000'),(1210,'2022.02.21 新学期 新开始','辅导员选我作为小组组长了，现在我不仅仅是小组组长，也是班级学习委员。所以我一定不会辜负老师对我的期望。','今天是2022年2月21号，因为家里原因我推迟了一天上学，在今天下午 `5` 点才来到学校。\n\n当然这一个月的寒假我也没有闲着，总结一下收获了哪些东西：`JS` 高级、正则表达式、`ES6`。不说 `100%` 掌握，至少我认为我掌握了也有 `70%`。\n\n![Snipaste_2022-02-22_13-06-02.png](https://res.liuyuyang.net/usr/uploads/2022/02/3871912061.png)\n\n另外辅导员选我作为小组组长了，现在我不仅仅是小组组长，也是班级学习委员。所以我一定不会辜负老师对我的期望。\n\n用我最近挺喜欢的一句话说：“再牛逼的梦想也抵不过这傻逼般的坚持”！\n\n新学期、新面貌，加油刘宇阳！','https://res.liuyuyang.net/usr/uploads/2022/02/3871912061.png',1219,0,'','1645448460000'),(1213,'2022.02.22 优秀传智人','到了课间时候忠国老师给我了一个水杯说是文宣部老师把我评为优秀传智人 奖励我的。相信这两天《传智人》上面可能会出现我的痕迹。','今天是2022年2月22日，今天老师带着我们把函数、数组、对象以及 `Web API` 等核心指示点复习了一遍。\n\n到了课间时候忠国老师给我了一个水杯说是文宣部老师把我评为优秀传智人 奖励我的。相信这两天《传智人》上面可能会出现我的痕迹。\n\n![微信图片_20220222132622.jpg](https://res.liuyuyang.net/usr/uploads/2022/02/291130259.jpg)\n\n我还有很多不足的地方需要去改进，同时也要努力变得更强而不让那些看好我的人失望！\n\n为了梦想，加油刘宇阳！','https://res.liuyuyang.net/usr/uploads/2022/02/291130259.jpg',959,0,'','1645506720000'),(1222,'2022.02.23 学习移动端开发','三级联动我之前写过这个案例，当时用的是最原生的方法实现的。而这次我换了一种不同的写法实现同样的功能，我想告诉大家程序员提高逻辑最有效的方法就是培养自己的举一反三的能力，用不同的方法实现相同的功能','今天是2022年2月3号，开学的第3天我们还是复习之前学过的知识点，主要复习了 `this` 指向、执行机制以及`offsetTop/Height` 系列还有 `scroll` 等等，最后还学习了新知识点本地存储。\n\n今天刚好星期三下午没课，所以我就在宿舍好好睡了一觉。\n\n到 `6` 点出头时候群里发了今天的作业，于是我就回班了。本来打算尽快搞定然后去预习一下明天要讲的移动端，结果代码老是出各种一想不到的 `bug` 。从 `6` 点整整写到 `8` 点 `45` 才搞定。花了近 `3` 个小时，这个时间是我在传智写作业最久的一次。\n\n作业是写一个三级联动地区的功能，简单来说就是点击指定的省份的选项就会出现指定省份的城市，点击指定城市的选项就会出现指定城市的区域。这就是三级联动。\n\n三级联动我之前写过这个案例，当时用的是最原生的方法实现的。而这次我换了一种不同的写法实现同样的功能，我想告诉大家程序员提高逻辑最有效的方法就是培养自己的举一反三的能力，用不同的方法实现相同的功能。\n\n明天就要学习新知识点了，好期待移动端。\n\n加油刘宇阳',NULL,1030,0,'','1645624560000'),(1226,'2022.02.25 工欲善其事必先利其器','工欲善其事必先利其器！ 下午我的新电脑到了（联想拯救者R9000K），本来我一直想买 9000P 的，因为那个奔驰大标真的很让人喜欢。最后我无意中发现了 9000K 的 RGB 键盘，最后我考虑了一番做出决定，与其选择奔驰大标我还是选择多加一千多块钱买了会发光的 RGB 键盘 （联想拯救者R9000K）。','今天是2022年2月25日，时间过的好快，转眼间又到了美好的星期五。今天我们主要学习了 `CSS` 的 `3D` 转换与透视。\n\n这也是我在传智第一次听不懂老师讲课，因为我对 `3D` 方向有点懵，一直搞不懂方向，学不会的感觉真的很焦虑。\n\n **工欲善其事必先利其器！** 到了下午我的新电脑到了（联想拯救者R9000K），本来我一直想买 `9000P` 的，因为那个奔驰大标真的很让人喜欢。最后我无意中发现了 `9000K` 的 `RGB` 键盘，最后我考虑了一番做出决定，与其选择奔驰大标我还是选择多加一千多块钱买了会发光的 `RGB` 键盘 （联想拯救者R9000K）。\n![微信图片_20220226160501.jpg](https://res.liuyuyang.net/usr/uploads/2022/02/3745882818.jpg)\n\n\n最后祝自己加油吧','https://res.liuyuyang.net/usr/uploads/2022/02/3745882818.jpg',1065,0,'204,205,206','1645796940000'),(1231,'2022.02.24 记录我在传智的大学四年','今天主要学习了 CSS 过渡、位移、缩放、旋转。还做了很多好玩的效果，总体来说今天的收获还蛮大的，就是语法太长而且有点容易搞混，记起来比较麻烦，还是需要日后多加练习练习','今天是2022年2月24日，我们开启了新的篇章移动端开发。\n\n今天主要学习了 `transition` 过渡、`translate` 位移、`scale` 缩放、`rotate` 旋转。\n\n然后做了好多好玩的效果，总体来说今天的收获还蛮大的，就是语法太长而且有点容易搞混，记起来比较麻烦，还是需要日后多加练习练习\n',NULL,1004,0,'','1645708200000'),(1232,'新电脑拯救者 R900k ','工欲善其事必先利其器！我的新电脑到了（联想拯救者R9000K）','工欲善其事必先利其器！我的新电脑到了（联想拯救者R9000K）\n\n![微信图片_20220226160501.jpg](https://res.liuyuyang.net/usr/uploads/2022/02/3745882818.jpg)','https://res.liuyuyang.net/usr/uploads/2022/02/3745882818.jpg',878,0,'205,206','1645791060000'),(1245,'2022.02.26 终于结束了枯燥的JS','要从青铜打到王者需要一个过程，多去学习王者的经验技巧，做好每个细节点，建立自己的打法体系，持之以恒','今天是2022年2月26日周六。\n\n昨天老师讲的3D转换我没听懂，所以趁着今天周六我重新复习了一遍 `CSS` `3D` 转换，给这个篇章画上了一个句号\n\n让大家看看我今天做的效果吧。\n![动画.gif](https://res.liuyuyang.net/usr/uploads/2022/02/227228495.gif)\n之前我就发现了这个抖音很火的女友相册旋转木马效果，当时我还没学 `CSS3D`，一直觉得这个效果很难，可学了之后感觉并没有想象中那么难\n\n学了一学期枯燥的 `JS`，每天对着控制台输出输出还是输出。现在学到移动端，终于又可以跟页面打交道了，做出这个效果感觉挺有成就感的。O(∩_∩)O哈哈~\n\n还有我无意中看到了一句不错的话送给大家：“要从青铜打到王者需要一个过程，多去学习王者的经验技巧，做好每个细节点，建立自己的打法体系，持之以恒”!\n\n就好比学习代码一样：要从菜鸟到架构师需要一个过程，多去学习一些前辈们的开发技巧以及读懂他们的代码逻辑并且学会灵活运用，做好每个细节点，培养自己的编程思维，持之以恒！\n\n加油刘宇阳，我相信通过我的努力一定会实现架构师这个目标的！','https://res.liuyuyang.net/usr/uploads/2022/02/227228495.gif',1071,0,'','1645888140000'),(1251,'2022.02.27 我的学习方法','想要成为一名高级程序员一定要培养自己举一反三的逻辑，否则你知道 1+1=2 ，而不知道 1+2=3','今天是2022年2月27日周日。\n我想跟大家分享一种学习方法，因为我发现绝大多数同学在学习阶段都会有一种情况，老师教你实现某种效果后，你能跟着一步一步做出来，但如果让你从头开始一次性写出来，你可能就无从下手了。其实这种情况你还是没有彻底理解\n\n所以我一般采取这种方法，当老师教会一种功能的实现思路后，我会根据自己的逻辑一步一步实现同样的功能\n\n如果可以的话我建议多去百度搜索，阅读别人代码逻辑，将那些比较好的逻辑理解并掌握，取其精华\n\n这样才能算真正的掌握，否则你只是跟着老师把代码敲出来，对自己不会有太大的逻辑提升\n\n\n想要成为一名高级程序员一定要培养自己举一反三的逻辑，否则你知道 `1+1=2` ，而不知道 `1+2=3`\n',NULL,940,0,'','1645962900000'),(1253,'2022.02.28 记录我在传智的大学四年','这一次项目答辩想再夺冠军感觉只会比上一次难度更大，因为上一次之所以能够侥幸夺冠是因为我有 `JS` 基础，在他们还在做静态页面时我能写出页面炫酷的交互效果才侥幸拿了冠军','今天是2022年2月28日。今天主要学习了动画的使用以及简写还有逐帧动画。现在所学的东西都是在为移动端做铺垫，\n\n明天就要正式学习移动端开发了，晚上助教跟我们讲了一下这学期的教学安排，在 `3` 月 `18` 号 完结移动端进行项目答辩。\n\n这一次项目答辩想再夺冠军感觉只会比上一次难度更大，因为上一次之所以能够侥幸夺冠是因为我有 `JS` 基础，在他们还在做静态页面时我能写出页面炫酷的交互效果才侥幸拿了冠军。\n\n总之该尝试还是要尝试了，万一又拿冠军了呢\n\n加油刘宇阳，未来的架构师！',NULL,1032,0,'','1646057280000'),(1255,'2022.03.04 Flex 布局永远滴神','因为班里好多同学的学习能力不太好，老师为了照顾到他们就将原有的进度放慢了近 2 倍，而且只要稍微有一点点难度的知识点就会在这个地方花费大量的时间，讲的实在太细了。所以就导致了班里学习成绩好的同学无聊的发困，哈哈。','今天是2022年3月4日，将近 `4` 天没有更新了。\n\n这些天主要学习了流式布局跟 `flex` 布局以及今天刚讲的 `rem` 布局。\n\n因为班里好多同学的学习能力不太好，老师为了照顾到他们就将原有的进度放慢了近 `2` 倍，而且只要稍微有一点点难度的知识点就会在这个地方花费大量的时间，讲的实在太细了。所以就导致了班里学习成绩好的同学无聊的发困，哈哈。\n\n不过比起 `html css` 我还是更加喜欢比较有难度的 `JavaScript`',NULL,913,0,'','1646404320000'),(1257,'2022.03.08 疯狂写页面','说实话在传智虽然很累，但是每天做着自己喜欢的事情，就感觉很值得，也许热爱就是我前进的动力吧！','今天是2022年3月8日，最近实在太忙了，这几天我们在学习移动端布局每天疯狂写页面\n\n给大家看一下这些天我们写过的移动端项目吧：\n![Snipaste_2022-03-08_18-21-24.png](https://res.liuyuyang.net/usr/uploads/2022/03/2802745595.png)\n\n苏宁、京东、游乐园、淘宝、哔哩哔哩、小兔鲜以及 `PC` 端。\n\n今天我们把 `vw` 布局学完了，移动端要画上一个句号了。\n\n接下来还要忙着准备 `3月18号` 的项目答辩，这两天尽快把项目定下来。\n\n在忙忙碌碌的时间里，我会尽可能保持更新，到毕业时候回忆这段大学时光！\n\n说实话在传智虽然很累，但是每天做着自己喜欢的事情，就感觉很值得，也许热爱就是我前进的动力吧！\n\n最后祝自己加油吧！','https://res.liuyuyang.net/usr/uploads/2022/03/2802745595.png',1208,0,'','1646734080000'),(1311,'2022.03.11 主讲老师被调到成都校区授课','今天移动端算是彻底结束了，但是我们主讲老师要被学校调到成都校区授课一段时间了，然后安排了新的老师暂时带我们一段时间 jQuery 和 Ajax','今天是2022年3月11日，我们讲完了响应式布局原理以及 `Bootstrap` 框架后做了一个网页。\n\n那个网页老师并没有讲完，只是讲了一个大概。现在理论知识都会了，只是做网页还是有点似懂非懂的感觉。\n\n对于我这种技术爱好者，不把一个技术学到极致心里就会特别难受。\n\n刚好明天周六周日可以利用起来把响应式布局好好再学一学，如果还有时间的话再把 `Swiperjs` 给学一下。\n\n\n今天移动端算是彻底结束了，但是我们主讲老师要被学校调到成都校区授课一段时间了，然后安排了新的老师暂时带我们一段时间 `jQuery` 和 `Ajax`\n\n\n下周一就要学习 `jQuery` 了，终于又要跟 `JS` 打交道了。\n\n`HTML CSS` 虽然简单，但很麻烦、很费时间，平均下来每天都要写好几个页面，每个页面一两个小时，我自认为自己速度还是很快的情况了',NULL,1075,0,'','1646992500000'),(1316,'2022.3.15 希望疫情有所好转吧','近期实在太忙了，我时常抱怨时间少之又少，因为上学期老师讲的东西我基本上都学过，然后每天抽出几个小时时间往下学习新知识。而这学期讲的东西已经逐渐超出了我的知识库范围了，而且专业课授课时间暂时调成了下午，所以中午我一般会选择休息1小时左右，保持下午上课的状态','今天是2022年3月15日，今天是我们学习 `jQuery` 的第二天，我们主要学习了 `jQuery` 的基础语法、选择器、事件、样式、属性等等操作。虽然 `jQuery` 已经面临淘汰了，但我认为还是有必要学一学的，毕竟 `jQuery` 以前也辉煌过，可以了解了解 `jQuery` 的源码以及用原生 `JS` 封装一些常用的 `JQuery` 方法，总而言之多学一样技能总归是件好事。\n\n近期实在太忙了，我时常抱怨时间少之又少，因为上学期老师讲的东西我基本上都学过，然后每天抽出几个小时时间往下学习新知识。而这学期讲的东西已经逐渐超出了我的知识库范围了，而且专业课授课时间暂时调成了下午，所以中午我一般会选择休息1小时左右，保持下午上课的状态。\n\n现在学校已经完全采取封闭式管理了，禁止一切外来人员、禁止外卖、1个月 `9` 次核酸。最后希望疫情早点好起来吧，真的不希望因为疫情导致上网课',NULL,1237,0,'203','1647345420000'),(1340,'2022.03.18 同是风华正茂，怎愿甘拜下风？','因为传智学费那么贵，混一天差不多就 300 多块钱就浪费了，我想说传智学院不是中专，也不是那种普通大学，混一天的代价很大的，如果不是抱着学不死就往死里学的态度在这个学校的话，那么真的很没有必要','今天上2022年3月18日，我发现班里有些同学上课睡觉甚至看小说就感觉很不理解。\n\n因为传智学费那么贵，混一天差不多就 `300` 多块钱就浪费了，我想说传智学院不是中专，也不是那种普通大学，混一天的代价很大的，如果不是抱着学不死就往死里学的态度在这个学校的话，那么真的很没有必要！因为你每天上课睡觉不学无术到了毕业连个工作都找不到，还要还将近 `20` 万的学费。真的没有必要。\n\n在学校花钱睡觉有在家里免费睡觉香吗？花钱找罪受，我真的很不理解',NULL,1178,0,'','1647618660000'),(1345,'带你探索 JavaScript 解构赋值','本文将带领大家学习如何利用解构赋值提高代码可读性和维护性，通过实例讲解对象和数组的解构赋值，以及默认值和别名的使用方法','# 带你探索 JavaScript 解构赋值\n\n本文将带领大家学习如何利用解构赋值提高代码可读性和维护性，通过实例讲解对象和数组的解构赋值，以及默认值和别名的使用方法\n\n## 数组解构赋值\n首先我们需要了解一下为什么需要学习解构赋值\n\n接下来我给大家对比一下传统写法与解构赋值写法定义多个变量的方式\n\n\n传统写法：\n\n```javascript\nlet x = 10, y = 20, z = 30;\n\n//或者\nlet x = 10\nlet y = 20\nlet z = 30\n```\n\n结构赋值的写法：\n\n```JavaScript\nlet [x, y, z] = [10, 20, 30];\nconsole.log(x) //10\nconsole.log(y) //20\nconsole.log(z) //30\n```\n\n由此可见解构赋值的写法更加简单方便一些。左边是变量，右边是值。只需要把右边的值填充赋值给左边就可以了。\n\n当然解构赋值还可以这么玩，它支持任何数据类型\n\n```JavaScript\nlet [x ,y, z] = [1, [2,3,4,5], {a:1, b:2, c:3}];\nconsole.log(x); //1\nconsole.log(y[1]); //3\nconsole.log(z.b); //2\n```\n\n解构赋值还有一个很常用的机巧：交换两个变量的值\n\n```JavaScript\nlet [x, y] = [10, 20];\n[y, x] = [x, y];\nconsole.log(x, y); //20 10\n```\n\n在扩展一个小技巧，正常情况下 `return` 只能返回一个值，我们可以利用解构赋值实现 `return` 多个值\n\n```javascript\nfunction show() {\n    return [\"结果1\", \"结果2\", \"结果3\"];\n}\n\nlet [a, b, c] = show();\nconsole.log(a, b, c) //结果1 结果2 结果3\n```\n\n需要注意的是数组解构赋值 顺序必须保持一致\n\n## 对象解构赋值\n\n解构赋值不仅仅针对数值，对象也是可以的\n\n```JavaScript\nlet { uname, sex, age } = { sex: \'男\', uname: \'刘宇阳\', age: 19 };\nconsole.log(uname, sex, age); //刘宇阳 男 19\n```\n\n\n```javascript\nfunction show({ uname, age, sex }) {\n    console.log(\"我叫\" + uname + \"，今年\" + age + \",是一个\" + sex + \"孩\");\n}\nshow({\n    age: 19,\n    uname: \"刘宇阳\",\n    sex: \"男\"\n})\n```\n\n大家有没有发现对象解构与数组解构方式是不一样的，对象解构它的顺序是乱的，但一样可以解构出正确的值，那是因为对象是以键值对形式自动匹配并赋值的。而数组是通过顺序赋值的，这一点一定要注意\n\n### 对象取别名\n\n有些情况下对象的健可能会与当前作用域的变量名冲突，那么我们可以给对象定义一个别名\n\n```javascript\nlet { uname:a, sex:sex, age:age } = { sex: \'男\', uname: \'刘宇阳\', age: 19 };\nconsole.log(a, sex, age); // 刘宇阳 男 19\n```\n\n如果键值是一样的，比如 `uname:uname`，那么可以简写为 `uname`，它们的作用是等价的\n\n```JavaScript\nlet { uname, sex, age:age } = { sex: \'男\', uname: \'刘宇阳\', age: 19 };\nconsole.log(uname, sex, age); // 刘宇阳 男 19\n\n```\n\n## 默认值\n\n最后在扩展一个小技巧，解构默认值\n\n### 数组默认值\n\n```JavaScript\n//右边有值则赋值\nlet [a, b, c] = [10, 20, 30];\nconsole.log(a, b, c); //10 20 30\n\n//没有值则以默认值\nlet [aa = 1, bb = 1, cc = 1] = [];\nconsole.log(aa, bb, cc); //1 1 1\n\n```\n\n### 对象默认值\n\n```JavaScript\n//右边有值就赋值\nlet { a = 1, b = 2, c = 3 } = { a: 100, b: 200, c: 300 };\nconsole.log(a, b, c); // 100 200 300\n\n//右边没有值就以默认值为准\nlet { aa = 1, bb = 2, cc = 3 } = {};\nconsole.log(aa, bb, cc); // 1 2 3\n\n```\n',NULL,1573,1,'12,130','1647697260000'),(1349,'2022.03.21 迎接新学期第一次月考','助教老师鼓励我让我考满分，我感觉这一次月考总体会比前几次考试简单一点，主要考试范围是移动端开发和 jQuery、Ajax 等等','今天是2022年3月21日，据可靠通知下周三就要进行本学期第一次月考了。\n\n助教老师鼓励我让我考满分，我感觉这一次月考总体会比前几次考试简单一点，主要考试范围是移动端开发和 `jQuery`、`Ajax` 等等。\n\n这次考试高分会很容易，但是想再拿满分的话难度可能前几次月考的数倍。因为移动端语法说实话有点长，不过以后用的比较多，记一下也没什么。但是 `jQuery` 就很烦，已经被淘汰的技术了，还要考试。`jQuery` 单词也挺多的，如果都刻意的去记一下感觉很没有必要，因为你花大量的时间好不容易记住了，以后也用不到，还可能会与原生 `DOM` 的语法搞混。\n\n我个人认为弊大于利！不过可能好多人的想法与我是一致的，他们可能也不想记，所以想要拿第一就必须抓住这个漏洞做一些他们不想做的事情。\n\n记得上一次月考我拿了满分，那一次是我最累的一次。还记得当时距离考试前一星期时候我把所有学过的语法从 `html` `css` `js` 全部记的滚瓜烂熟，导致现在我写代码已经脱离了编辑器提升这个功能了，甚至给我一张纸，我能手写代码。\n\n移动端考试最难的莫过于页面细节，希望这一次我还能拿满分夺第一吧！\n\n加油刘宇阳',NULL,1087,0,'','1647866040000'),(1356,'2022.03.22 珍惜当下，过好每一天','最近发生了好多事情例如：俄乌战争、突如其来的疫情、还有前天发生的 `MU5735` 客机坠毁，我们永远不知道明天和意外哪个先来。希望大家珍惜当下，过好每一天','今天是2022年3月22日，沭阳这边新增一例导致整个宿迁封闭化。上午时候我们停课又进行了一次核酸，在学校做核酸的次数我已经数不清了，只希望疫情早日结束。\n\n我们的 `jQuery` 课程已经正式结束。接下来就要迎接未知的 `Ajax`，我表示充满期待。\n\n最近发生了好多事情例如：俄乌战争、突如其来的疫情、还有前天发生的 `MU5735` 客机坠毁，我们永远不知道明天和意外哪个先来。希望大家珍惜当下，过好每一天\n\n最后希望早日战胜疫情，加油！',NULL,968,0,'','1647953100000'),(1357,'2022.03.24 做一个有追求的程序员','拿破仑曾说过：“不想当将军的士兵不是一个好的士兵”，换句话说不想当架构师的程序员绝不是一个好的程序员！所以我的梦想是做一名技术顶尖的架构师，虽然我并不明白架构师是做什么的，但我确定架构师是一种技术非常厉害的程序员，这也是我的毕生追求！','今天是2022年3月24日，早上第二节上课时候老师跟我们聊了会，其中让我印象最深刻的一句话就是: \"淘宝 京东那么庞大的项目别人能写出来为什么你不能，别人能做到的你也能做到。\n\n学习框架时候可以想想这个框架的某个功能内部是怎样实现的，比如说 `jQuery` 的 `$()` 为什么可以获取元素，然后尝试自己写一个同样的功能。这样的话日积月累你就不用再去学习新的框架了，因为内部原理你自己都知道。甚至可以自己写一个框架。\n\n\n我觉得程序员有两种类型:\n\n\n\n### 第一种类型\n\n为了高工资而选择这个行业，在学习过程中永远不会研究代码实现原理。只会盲目的快餐式学习。永远处于被别人逼着，被动式学习。一切的目的就是找到一份工作然后妥协。我想说只有这种程序员才会面临 `35岁` 中年危机。\n\n\n### 第二种类型\n\n真正意义上的热爱代码，喜欢研究技术，永远处于主动式学习且不需要任何人的鼓励，心中有明确的目标要成为一名高级程序员。这种人即使到了工作中仍处于学习阶段，所谓终生学习者\n\n不过现实中 `10` 个程序员可能只有 `1` 个属于第二种类型的\n\n在我之前自学编程时我甚至都不知道程序员是个职业，且工资还这么高，那时我完全是奔着热爱学习的。\n\n我觉得做一名程序员再简单不过了，因为你只需要像学习英语那样把语法记住，知道每个语法对应的功能就 `OK` 了。只会一味地复制粘贴从不去研究实现原理，没有任何技术含量。\n\n但是想要成为一名高级程序员的就特别难，因为你要考虑算法与底层原理。像第一种类型的程序员就不会去考虑这些东西，所以他们可能整个职业生涯都无法成为高级程序员且替代率很高，即使工作 `3` 年可能也会被工作 `1` 年的程序员替代。\n\n\n\n拿破仑曾说过：“不想当将军的士兵不是一个好的士兵”，换句话说不想当架构师的程序员绝不是一个好的程序员！所以我的梦想是做一名技术顶尖的架构师，虽然我并不明白架构师是做什么的，但我确定架构师是一种技术非常厉害的程序员，这也是我的毕生追求！\n\n我现在 `19` 岁，我相信只要我不放弃，十年后我 `29` 岁通过我的努力说不定就是一名架构师，十年不行就二十年。有梦想终会实现！\n\n\n\n加油刘宇阳，未来的架构师！\n\n',NULL,1189,0,'83','1648122360000'),(1413,'2022.03.26 即使周末也不能停止学习的脚步','其实只要你想做好一件事，那么即使障碍重重你也一定会想尽办法把这件事做好，但若你不是真心的想要去完成一件事情，那么纵使前方道路平坦，你也会想尽一切理由阻止自己向前','今天是2022年3月26日，下周三就要月考了，早上我给自己指定了今天的计划，把月考得简答题理论知识给记住，因为我的记忆比较差，所以我只能采取最笨且最有效的方法，那就是写。所谓好记性不如烂笔头!\n![微信图片_20220326230656.jpg](https://res.liuyuyang.net/usr/uploads/2022/03/3571832720.jpg)\n\n我有一种牛逼的记忆法，就是先抄几十遍。抄完再去默写，默写完后检查一遍看看有没有错误的，只要有一个错误就把这个错误的抄 `10` 遍然后继续默写。如果还有错的，那就再把这个错误的抄 `10` 遍，直到 `100%` 正确为止。其实也不算什么牛逼的方法吧，其实只要你想做好一件事，那么即使障碍重重你也一定会想尽办法把这件事做好，但若你不是真心的想要去完成一件事情，那么纵使前方道路平坦，你也会想尽一切理由阻止自己向前。\n\n\n到晚上班里为数不多的美女小姐姐代码遇到了 `2` 个 `bug` 找我帮忙解决\n![1.png](https://res.liuyuyang.net/usr/uploads/2022/03/400111235.png)\n\n当然热心的我怎么会拒绝呢。然后搞了半个小时左右经过我的一系列操作 `BUG` 就迎刃而解了\n![2.png](https://res.liuyuyang.net/usr/uploads/2022/03/932078650.png)\n最后还得到了美女小姐姐的夸奖，心里美滋滋！\n\n明天的安排就是把学过的单词全部记住，再写一两个移动端页面迎接月考，剩下的时间自由安排。\n\n唉好烦，有些不常用的语法或者像那些 `api` 语法根本没必要刻意的去记，用到时候查百度就行了。但每次月考 助教老师都会出一些这种细节单词。班里很多高手始终没能突破满分都卡在这一关。\n\n所以想要满分，就必须做一些别人不想做的事情。\n\n希望这次月考满分还是我，加油刘宇阳','https://res.liuyuyang.net/usr/uploads/2022/03/3571832720.jpg',1270,0,'','1648306380000'),(1437,'2022.03.29 新学期第一次月考','明天一早就要迎来这学期的第一次月考，今天晚上看来要被迫加班复习了。编程题我个人感觉倒没有什么问题，主要就是单词。','今天是2022年3月29日。昨天学完了 `jQuery` 和 `Ajax`，总体来说没有什么难度，但是老师教我们自己封装一个像 `jQuery` 那样的 `Ajax`。顿时听的我一脸懵，到最后也只是理解了但写不出来，然后晚自习我琢磨一节课都没有思路，就很焦虑。但是想了想明天就要月考了，无奈只能先放下，先去复习了。\n\n明天一早就要迎来这学期的第一次月考，今天晚上看来要被迫加班复习了。\n\n编程题我个人感觉倒没有什么问题，主要就是单词。\n\n唉，今晚把该背的背背，该复习的复习复习争取明天考个好成绩。\n\n加油刘宇阳',NULL,1198,0,'','1648559700000'),(1441,'2022.03.30 两分丢第一','我并没有在为自己的错误而找理由，而是以这次考试的结果反思自己。考试的目的就是为了认识自己的不足然后再加以改正','今天是2022年3月30日周三。我们迎来了这学期的第一次月考。因为是早上考试，所以今天我提前了半个小时来到教室复习。考完笔试题后我让助教老师先改了一下我的试卷，错了 `3` 题。\n\n有一题是主讲老师没讲过，助教老师以为我们学过然后出的，错了正常。还有一题是因为我的粗心大意，想对了，但是写错了哈哈哈。剩下一题是最简单的一题，就是写出 `transform` 的缩放属性 `scale` 而我不小心写成了 `scroll` 导致丢了分\n\n我并没有在为自己的错误而找理由，而是以这次考试的结果反思自己。考试的目的就是为了认识自己的不足然后再加以改正\n\n笔试题考完之后接下来的就是编程题了，到了下午时候助教老师跟我说我考了 `97` 分，班里第一是 `99` 分，相差 `2` 分与第一擦肩而过了\n\n遗憾，但没办法，再接再厉吧！\n\n还有就是这几天学的东西都很难而且临近月考，一直没有时间练习老师讲过的代码，导致这两天学习明显有点跟不上了。因为后面学习的课程跟这个关系不大，所以我打算先放下，等到清明节假期时候再补回来\n\n最后祝自己加油吧，未来的架构师',NULL,1321,1,'141','1648644840000'),(1444,'2022.03.31 记录我在传智的大学四年','老师强烈建议我们养成写博客的习惯，其实我一开始也尝试写过博客，但是浏览量实在太低，就感觉自己的付出得不到相应的回报而且很费时费力','今天是2022年3月31日，老师跟我们说最好的学习方式并不是自己学会，而是把自己学到的东西总结出来写成博客然后分享出去让更多的人学习到。\n\n老师强烈建议我们养成写博客的习惯，其实我一开始也尝试写过博客，但是浏览量实在太低，就感觉自己的付出得不到相应的回报而且很费时费力。比如说自己学习一个东西可能只需要半小时，那么将自己学会的东西总结出来写成博客可能就需要双倍的时间。因为你不仅仅要去想如何才能写的通俗易懂而且还要排版使内容清晰可见提高读者体验，所以写博客是一件费时费力的工作。\n\n不过不得不说写博客有利有弊，但是利绝对大于弊。如果坚持下来的话对以后找工作有巨大的帮助而且也可以提高行业内知名度。所以我打算再尝试一下，即日起每周至少更新一篇优质博客。\n\n加油刘宇阳。',NULL,1059,0,'','1648733400000'),(1446,'2021年9月1日 决定了，就全栈开发了','今天是2021年8月31日，我一直在为选择专业这件事而烦恼，因为我很喜欢前端开发，而且我也有自学过前端，有一定的了解。而 Java 我完全不了解，只是觉得学费太贵，想学个最难的专业这样对得起学费。最主要的是学会后端 Java 之后再想转前端会更容易一些。','今天是2021年8月31日，我一直在为选择专业这件事而烦恼，因为我很喜欢前端开发，而且我也有自学过前端，有一定的了解。而 Java 我完全不了解，只是觉得学费太贵，想学个最难的专业这样对得起学费。最主要的是学会后端 Java 之后再想转前端会更容易一些。但是比起 Java 其实我更喜欢前端一些，因为前端跟我的兴趣很沾边。我喜欢设计，比如平面设计、UI设计、广告设计等等这些也可以运用在前端方面，而且前端主要工作是为了呈现页面效果，而后端很枯燥无味。所以比起 Java 我更喜欢前端多一点点。\n\n而且前端的前端不止是前端了，传智的前端以全栈方向发展的，比如 Nodejs、Python。\n\n所谓不谋全局者，不足谋一域！\n\n我知道不管我怎么选择，结果都是对的。但我个人认为只会前端或只会后端做不出一个完整的网站没有什么成就感。所以经过我的百般犹豫最终还是选择了全栈开发方向\n\n励志大学四年后成为一名技术顶尖的全栈开发架构师！加油刘宇阳\n\n![1.jpg](https://res.liuyuyang.net/usr/uploads/2022/03/3833863357.jpg)\n![2.jpg](https://res.liuyuyang.net/usr/uploads/2022/03/2255536955.jpg)\n![3.jpg](https://res.liuyuyang.net/usr/uploads/2022/03/1080101972.jpg)\n',NULL,998,0,'5,133','1630452360000'),(1456,'2022.04.01 记录我在传智的大学四年','这几天的课程十分的枯燥无味，明天 Ajax 就可以完结了，随后就要学习微信小程序开发了，很期待新知识','今天是2022年4月份的第一天，今天主要学习了跨域 节流 防抖还有一些案例。\n\n这几天的课程十分的枯燥无味，明天 `Ajax` 就可以完结了。\n随后就要学习微信小程序开发了，很期待新知识。',NULL,1151,0,'','1648897380000'),(1469,'2022.04.05 该死的疫情！','唉，该死的疫情。一个人的青春才几年，疫情就占 `3` 年。这个时间段本应该享受美好的大学生活，而这措不及防的疫情导致封校、网课、以及各种限制','今天是2022年4月5日周二，下午时候班级群里发来了通知上网课的消息。看到这个消息时候我就在想我到底是开心还是难过。因为在班里上课时候我只有自习课跟专业课才能接触代码，其他课程我已经全部放弃了，因为我的语数英水平仅限于小学水平，根本不可能听得懂大学的课程。\n\n与其在这浪费时间不如做一些有意义的事情，所以在其他课我只能偷偷摸摸的敲代码。而网课我完全可以正大光明的全职敲代码，但是我害怕网课学习效率低，而且没有学习氛围感。\n\n唉，该死的疫情。一个人的青春才几年，疫情就占 `3` 年。这个时间段本应该享受美好的大学生活，而这措不及防的疫情导致封校、网课、以及各种限制\n\n真期待那一天的到来，所有的新闻联播发布说：全球疫情终于结束，健康码行程码功能关闭，万家灯火通明，街上再也不用带口罩了',NULL,965,0,'203','1649160420000'),(1543,'2022.04.18 代码简洁之道','甭管你代码写的好不好，最起码要养成多写注释，至少给人的感觉不会太差','今天是2022年4月18日，今天我想聊一聊代码规范，就拿我来说 我一直以来都有强迫症。\n\n就以编程举个例子: 如果让我根据设计稿写网页，我就会严格要求自己至少 `99%` 还原，只要有一点瑕疵心里就会特别难受，必须达到天衣无缝的效果。\n\n有时候我看班里同学写代码乱的一团糟，整个项目连个注释都没有。尤其是JS，明明有更加便捷的方式实现同样的效果，非要使用繁琐的方法实现。我想说我们不能为了写功能而写功能，要考虑高扩展、高可用、高复用\n\n我一般写代码每一个网页、每一个模块、每一个功能、每一行代码都会严格遵循代码规范以及书写注释，宗旨就是：让别人看得懂的代码才叫好代码\n\n左侧我写的，右侧是我同学写的\n![代码对比.png](https://res.liuyuyang.net/usr/uploads/2022/04/3581320466.png)\n\n最后附上最近我在写的一个页面代码\n![代码规范.png](https://res.liuyuyang.net/usr/uploads/2022/04/3167930344.png)\n\n\n我想告诉大家，甭管你代码写的好不好，最起码要养成多写注释，至少给人的感觉不会太差。','https://res.liuyuyang.net/usr/uploads/2022/04/3581320466.png',955,0,'','1650288180000'),(1544,'2022.04.17 再见了，自学光环','现在我能够支配的时间已经不多了，因为在上学期的课程还没开学我就已经提前自学并学完了，所以有大量可支配的时间。而这学期学习的新知识已经超出我的自学范围了，所以每天我都会遇到各种问题甚至一个 bug 可能就会导致本就不多的时间浪费掉','今天是2022年4月17日，转眼间我已经消失 `12` 天了，这些天我们学完了 `ES6`、`Git` 当前正在学习微信小程序开发。\n\n现在我能够支配的时间已经不多了，因为在上学期的课程还没开学我就已经提前自学并学完了，所以有大量可支配的时间。而这学期学习的新知识已经超出我的自学范围了，所以每天我都会遇到各种问题甚至一个 `bug` 可能就会导致本就不多的时间浪费掉。\n\n所以我每天的时间都是挤出来的，接下来可能我的更新频率会比较慢，但我会尽可能保持 `3` 天一更',NULL,1061,0,'','1650205440000'),(1546,'2022.4.19 不负众望、不辱使命！','我们主讲老师让我作为负责人挑选两位同学代表学校开发一个前端项目，大概十几个页面。主要用于给其他学校授课，所以强烈要求我们遵循代码规范','今天是2022年4月19日，我们主讲老师让我作为负责人挑选两位同学代表学校开发一个前端项目，大概十几个页面。主要用于给其他学校授课，所以强烈要求我们遵循代码规范。\n\n主要就是让我们在保证每天学习进度不受影响情况下利用课余时间来完成，这也就导致了本身就没有多少时间的我 雪上加霜。以后可能没多少时间更新动态了。\n\n不过想想老师选我作为项目负责人，这是对我的极大的关注与认可。所以我一定不会辜负老师对我的期望。\n\n我一定要把这次项目做好，因为这不仅仅是我个人，而且也代表了我们学校的面子。如果我做的不好那么其他学校就会认为我们学校就不行。',NULL,956,0,'','1650368040000'),(1551,'2022.4.25 虽累且乐','每天做着自己喜欢的事情。虽然很累，但且快乐！','今天是2022年4月25日，本学期第二次月考仅剩最后两天，笔试题会考一些微信小程序常用的单词，我现在还有好多单词没有记，对于我这种追求满分的人来说单词每次都是我的硬伤。\n\n而且最近学的东西也有些难度，因为我们课程安排是学完 `JavaScript` 直接学习微信小程序导致现在的编程思想还停留在原生 `JS` 操作 `DOM`，比如说原生 `JS` 中一个很简单的 `Tab` 栏切换案例，在微信小程序中我们班里同学包括我都做不出来，思路都很清晰就是无从下手。\n我们暂时还没有适应过来微信小程序框架的编程思维，不像原生 `JS` 那样没有任何的局限性。\n\n在上完课后多多少少会有疑惑的地方，解决完疑惑之后还要总结今天所学过的知识点。总结完之后还要写作业，写完作业后还要复习、准备月考...\n身为班级学习委员的我，时不时还会有同学请教我问题。\n距离月考仅剩最后两天我却什么都没来得及准备。\n\n不过月考完之后我可能会比现在更忙，因为到时候就会迎来本学期最难的知识点：`JavaScript` 高级 而且随之迎来的是第二次项目实战开发。\n还有就是老师让我组织同学代表学校写一个项目用来给其他学校讲课用。\n这两大项目压的我喘不过来气，每天的时间少之又少。\n\n每天做着自己喜欢的事情。虽然很累，但且快乐！\n\n加油，未来的架构师',NULL,983,0,'','1650900180000'),(1576,'2022.04.26 大显身手的时候又到了','五一劳动节本应该这个周末放假5天的，结果因为疫情一天都没放，反而这星期还多上了六天','今天是2022年4月26日，五一劳动节本应该这个周末放假5天的，结果因为疫情一天都没放，反而这星期还多上了六天。其实我个人倒无所谓，因为我知道学校学费很贵，压力很大。一天算下来就 `300` 多的学费，如果不好好学那真的很对不起这高昂的学费。反倒是其他同学一听到取消放假都快炸开了。哈哈哈\n\n明天就要迎来本学期第二次月考，今晚注定要熬一夜了。明天争取考个好成绩。\n\n大显身手的时候又到了',NULL,1036,0,'','1650982140000'),(1581,'2022.04.27 记录我在传智的大学四年','下午我们进行了本学期第二次月考。月考题是请求接口拿到数据渲染页面并跳转。','今天是2022年4月27日，下午我们进行了本学期第二次月考。月考题是请求接口拿到数据渲染页面并跳转。\n刚拿到题目时候我就第一时间测试接口，没想到接口居然访问不了，一开始我看见周围同学忙忙碌碌在写，我以为是我的问题。当时就很焦虑，然后我再三确认这一定是接口问题，于是我就向老师反应这个问题。\n\n经过老师的确认，这确实是接口问题。最后重新换了一题\n\n这一次考试总体不算太难，感觉这次我应该还能拿满分！',NULL,1107,0,'','1651070340000'),(1585,'2022.04.29 与满分只差一步','虽然这次没有满分吧，但我还是班级第一哈哈','今天是2022年4月29日，本以为这次考试满分的我还是疏忽了，这1分输的不是难度，而是细节。\n```javascript\nlet arr1 = [1,2,3]\nlet arr2 = [4,5]\nlet arr = [...arr1,...arr2]\nconsole.log(arr)\n```\n\n正确答案是：`[1,2,3,4,5]`\n我的答案是：`1,2,3,4,5`\n因为题目没有说明在控制台输出还是在页面输出，我印象中页面上输出好像就是`1,2,3,4,5`而控制台输出的确是`[1,2,3,4,5]`，少加了一个中括号[]错失一分，唉。这一题其实如果再给我一次机会的话我可能还会选择错误的答案。\n\n唉，虽然这次没有满分吧，但我还是班级第一哈哈\n\n![Snipaste_2022-05-01_15-04-55.png](https://res.liuyuyang.net/usr/uploads/2022/05/1272793171.png)\n','https://res.liuyuyang.net/usr/uploads/2022/05/1272793171.png',1034,0,'','1651243860000'),(1590,'2022.05.06 生命不息 奋斗不止！','最近我很喜欢的话：“山腰的风景很美，然而，我还是想到山顶去看看”。\n换句话说：“程序员很厉害，然而，我还是想成为一名更厉害的架构师”’','今天是2022年5月6日，我们学校 `19` 级的同学即将面临实习找工作的环节，有好多大佬实习薪资都已经破万，还是没有转正情况下。如果转正了，那薪资可想而知。。。\n\n今天有个人跟我说传智最高薪资的是 `2` 万多，我不知道那位大佬是谁，但未来我一定会通过我的努力再创新高，刷新记录。\n\n其实说实话，我并没有太大的把握，但最起码要有个目标，给自己营造压力，没有压力哪来的动力。即使未来我没有实现这个目标，但最起码我全力以赴过！\n\n最后附上一句最近我很喜欢的话：“山腰的风景很美，然而，我还是想到山顶去看看”。\n换句话说：“程序员很厉害，然而，我还是想成为一名更厉害的架构师”’\n\n加油，生命不息奋斗不止！',NULL,1147,0,'','1651845840000'),(1594,'2022.05.09 半山腰的风景很美，但我更想到山顶去看看','当你利用别人学习的时间来打游戏，到了毕业，你有什么底气跟面试官谈论薪资','今天是2022年5月9日，周一。最近实在太忙了，不过好像在传智的每一天都是如此。\n没办法，只能抽出休息时间来应对了。我们学习的是 `Web` 全栈开发专业，我朋友跟我说他打算学完前端就准备退学，他的成绩在班里属于中下等，成绩不怎么理想。每天学完专业课就回到宿舍打游戏，甚至前端都快学完了居然连个网页都写不出来，问什么 什么答不出来。就这样还打算出去找工作。\n\n我想说: **”当你利用别人学习的时间来打游戏，到了毕业，你有什么底气跟面试官谈论薪资“**。\n\n最后附上一句最近很喜欢的一句话: \"我可以舍弃一些东西，同时我也能够努力争取一些东西。半山腰很美，但是也很拥挤，我还想站在更高的地方感受不一样的风景。\"\n\n最后祝自己加油吧，未来的架构师',NULL,1012,0,'','1652102520000'),(1595,'2022.05.10 忙忙忙','昨天因为满课导致专业课学习了很多东西没有吸收掉，再加上作业和学历考试，一直没有时间，所以拖到了今天。所以今天打算欠下的债画上一个句号','今天是2022年5月10日，昨天因为满课导致专业课学习了很多东西没有吸收掉，再加上作业和学历考试，一直没有时间，所以拖到了今天。所以今天打算欠下的债画上一个句号。\n\n晚上在班里突然感觉好累，才想到自己从 `2` 点到 `9` 点半这 `7` 个小时全程待在班里，饭都没吃，哈哈\n\n加油加油，既然选择了这条路就坚持走下去，走到最高的方向。',NULL,1049,0,'','1652192640000'),(1596,'2022.05.15 传统大学的IT现状','我朋友让我帮他把期末考试实战给写一写。他也是大学学的网页开发。我当时就很惊讶，学了一年了怎么连个 `html+css` 页面都写不出来？','今天是2022年5月15日，周五时候老师讲的 `Vuex` 全局数据共享我并不是很理解，然后把这个累赘留到了今天。今天的目标是 `Vuex`，如果还有剩下的时间就复习一下之前所学过的知识点。\n晚上 `9` 点正当我打算躺床上刷刷抖音睡觉时候，我朋友让我帮他把期末考试实战给写一写。他也是大学学的网页开发。我当时就很惊讶，学了一年了怎么连个 `html+css` 页面都写不出来？ \n\n同时开的学，我们前端都学到框架了，他们连 `html+css` 都没整明白。但是想了想传统大学不都这样嘛，老师教你的东西很老，跟企业没办法无缝衔接，技术根本跟不上当前的 `IT` 趋势。\n\n而且多数大学生都有一个共同点，那就是高中拼命的学，考上了大学就摆烂，因此导致了毕业既失业的由来。\n我们学校跟传统大学不同，我们学校培养的是企业所需的人才，讲的技术栈也是当前行业最流行的。\n\n这是我朋友给我的效果：\n![1.png](https://res.liuyuyang.net/usr/uploads/2022/05/3294859169.png)\n\n这是我修改后的效果：\n![Snipaste_2022-05-15_22-13-36.png](https://res.liuyuyang.net/usr/uploads/2022/05/1610945998.png)','https://res.liuyuyang.net/usr/uploads/2022/05/3294859169.png',1017,0,'','1652620620000'),(1600,'2022.05.17 一步错 步步错','下午自习课我把老师上午讲的东西照着代码敲了一遍。然后遇到一个十分苦恼的 bug。这个 bug 说复杂不复杂，说简单也不简单','今天是2022年5月17日，下午自习课我把老师上午讲的东西照着代码敲了一遍。然后遇到一个十分苦恼的 `bug`。这个 `bug` 说复杂不复杂，说简单也不简单。\n\n主要是因为本地存储数据我当时没有存上，然后我找了很久原因都没有找到，最后也请教了助教老师也没有找到问题所在之处。后来我把代码发给了老师，结果老师电脑就可以运行正常，而我的电脑就是运行不了。然后助教老师我们都以为我的代码应该没问题，可能是编辑器问题。我就卸载重装了编辑器，试了一下还是不行。当时我以为编辑器卸载的不干净，有残留，因为字体大小跟主题还是之前的。然后我就再次卸载重装，彻底卸载干净之后试了一下还是不行。最后只能请教我们班的主讲老师，结果三两下 不到 `5` 分钟就解决了困扰我近 `2` 小时的 `bug`\n\n原因是本地存储不能存储对象类型，要把对象先转换为字符串才可以存储。当时我忽略了这个步伐，才导致浪费这么多时间\n\n总结一下这个 `bug` 最关键的是本地存储，你的电脑运行不了，而其他电脑就可以运行，导致大量时间都花费在了错误的方向\n\n所谓一步错 步步错！方向不对，努力白费！',NULL,1029,0,'','1652793360000'),(1602,'2022.05.18 凌晨5点的传智','在昨天晚上睡觉前我喝了一大杯珍珠奶茶，然后12点准时定好闹钟⏰睡觉。结果睡到凌晨1点毫无困意，到3点还没睡着。天亮了还要上课，心里就特别焦虑','今天是2022年5月18日，在昨天晚上睡觉前我喝了一大杯珍珠奶茶，然后12点准时定好闹钟⏰睡觉。结果睡到凌晨1点毫无困意，到3点还没睡着。天亮了还要上课，心里就特别焦虑。\n\n最后实在睡不着了，我就打算预习预习白天要讲的东西。\n后来把要讲的东西都快预习完了还是没有困意。\n害~ 下次睡觉前再也不喝奶茶了。\n\n凌晨4点40点传智\n![MVIMG_20220518_043821.jpg](https://res.liuyuyang.net/usr/uploads/2022/05/2635428945.jpg)\n\n\n最后我应该是在5点左右睡着的，7点就醒了。但是让我很意外的是睡了2小时居然比平常睡6小时都精神。\n我正常情况下12点之前睡觉，第二天早上前两节课特别困。昨天就睡了2小时居然丝毫没有困意，就是头有点晕。哈哈 \n\n我听朋友说睡得越晚第二天就越精神，今晚我决定尝试一下1点睡觉，看看第二天效果怎么样','https://res.liuyuyang.net/usr/uploads/2022/05/2635428945.jpg',1255,0,'','1652854620000'),(1606,'开发的第一个 uniapp 项目','也算小有所成了','![项目介绍.jpg](https://res.liuyuyang.net/usr/uploads/2022/05/3882274859.jpg)\n\n此项目采用 `uni-app` 框架进行开发，可以打包为 `H5` 页面、`App`、及各种小程序。\n\n开发历时 `1` 星期，这是我的第一个 `uniapp` 项目\n\n源码在这：\n[传智优购项目.zip](https://res.liuyuyang.net/usr/uploads/2022/05/420255087.zip)\n','https://res.liuyuyang.net/usr/uploads/2022/05/3882274859.jpg',1679,1,'210','1653109620000'),(1617,'2022.05.28 记录我在传智的大学四年','今天是2022年5月28日周六，这个周末我的计划是把 `module` 导入导出复习一下，还有微任务与宏任务、以及学过的知识点做个总结。加油，奥利给','今天是2022年5月28日周六，这个周末我的计划是把 `module` 导入导出复习一下，还有微任务与宏任务、以及学过的知识点做个总结。加油，奥利给',NULL,1183,0,'','1653712800000'),(1618,'2022.05.24 希望这次能再次突破满分瓶颈','时间转瞬即逝，过得好快。明天又要进行月考了，助教老师跟我们说这次不考笔试题，这对我来说简直就是如虎添翼。因为每次考试都是因为某个单词写错或记不起来丢的分，导致我没办法踏上满分的最后一步','今天是2022年5月28日周二，时间转瞬即逝，过得好快。明天又要进行月考了，助教老师跟我们说这次不考笔试题，这对我来说简直就是如虎添翼。因为每次考试都是因为某个单词写错或记不起来丢的分，导致我没办法踏上满分的最后一步。而这次不考单词，那简直稳了。\n\n到了晚上我连夜写了 `2` 个页面，备战明天的考试。希望这次我能重回巅峰吧\n',NULL,1219,0,'','1653403260000'),(1622,'2022.05.25 自信满满','下午时候我们进行了本学期第三次月考，这次月考的难度对于我来说中等偏上，虽然有点难，但还是被我写出来了。考试时间是 `4` 个小时，时间刚过半我就自信满满的交了考试题。成为班里第一个走出考场的人','今天是2022年5月28日周三，下午时候我们进行了本学期第三次月考，这次月考的难度对于我来说中等偏上，虽然有点难，但还是被我写出来了。考试时间是 `4` 个小时，时间刚过半我就自信满满的交了考试题。成为班里第一个走出考场的人。\n\n这是我们考试的题目：写出首页跟分类页最后用 `Git` 提交到远程仓库。每个页面占 `45` 分，最后 `Git` 提交占 `10` 分\n![Snipaste_2022-05-28_13-52-35.png](https://res.liuyuyang.net/usr/uploads/2022/05/3228345192.png)\n![Snipaste_2022-05-28_13-52-27.png](https://res.liuyuyang.net/usr/uploads/2022/05/1740717907.png)\n\n\n这次不出意外的话我应该还是满分\n\n加油刘宇阳！！！','https://res.liuyuyang.net/usr/uploads/2022/05/3228345192.png',1265,0,'141','1653474720000'),(1624,'2022.05.26 被老师谈话了','本以为又是满分的我，就让老师先改我的考试题，没想到的是因为一个疏忽距离满分又差一步，而且这个疏忽是最不应该犯的错误。因为我在调试时候，暂时把写好的功能注释了，结果老师检查时候忘记打开了，因此丢了分，唉... 这一次好亏','今天是2022年5月26日，本以为又是满分的我，就让老师先改我的考试题，没想到的是因为一个疏忽距离满分又差一步，而且这个疏忽是最不应该犯的错误。因为我在调试时候，暂时把写好的功能注释了，结果老师检查时候忘记打开了，因此丢了分，唉... 这一次好亏\n\n![Snipaste_2022-05-28_13-53-10.png](https://res.liuyuyang.net/usr/uploads/2022/05/3949008368.png)\n\n\n后来助教老师让我跟他一起改考试题，没想到的是我发现这个地方也没有打开，我再仔细观察了一下，我才发现这分明是我的代码。因为每次考试时候我们班的同学就会问我要代码，我每次都是再三叮嘱一定要故意写错点代码，把变量名都换一换，可结果呢 原封不动。\n我以为就这一个人没改，没想到后面十几个人跟我的分数都是一样的，唯一错的地方也一样。\n唉~ 无语了，因为我给他们传答案严重破坏了班级考试的平衡，最终老师找我谈话了！！！','https://res.liuyuyang.net/usr/uploads/2022/05/3949008368.png',1256,0,'','1653543960000'),(1637,'月考日常第一','哈哈，日常第一','哈哈，日常第一\n\n![微信图片_20220529165208.jpg](https://res.liuyuyang.net/usr/uploads/2022/05/222254136.jpg)\n','https://res.liuyuyang.net/usr/uploads/2022/05/222254136.jpg',1058,0,'','1651215000000'),(1670,'慕课网前端工程师通关证书','慕课网前端工程师通关证书，看到这个证书总让我想起自学编程的那段时光。\n真的很煎熬，遇到 BUG 没有老师帮你，全靠自己摸索，真不知道自己当初是怎么坚持下来的','慕课网前端工程师通关证书，看到这个证书总让我想起自学编程的那段时光。\n\n真的很煎熬，遇到 `BUG` 没有老师帮你，全靠自己摸索，真不知道自己当初是怎么坚持下来的\n\n祝自己不忘初心，加油！\n\n![证书.jpg](https://res.liuyuyang.net/usr/uploads/2022/06/358591337.jpg)\n','https://res.liuyuyang.net/usr/uploads/2022/06/358591337.jpg',1003,0,'209','1654957980000'),(1684,'平平无奇的班级第一罢了','我记得初中时候班主任跟我说过一句话: \"拿出你对计算机的热爱放在学习上，那么你的成绩一定不一般\"','平平无奇的班级第一罢了\n\n我记得初中时候班主任跟我说过一句话: \"拿出你对计算机的热爱放在学习上，那么你的成绩一定不一般\"\n\n![微信图片_20220626120205.png](https://res.liuyuyang.net/usr/uploads/2022/06/3154342828.png)\n','https://res.liuyuyang.net/usr/uploads/2022/06/3154342828.png',997,0,'','1655982120000'),(1703,'响应式布局是真麻烦','响应式布局是真麻烦，唉没办法，撸起袖子加油干！','响应式布局是真麻烦，唉没办法，撸起袖子加油干！\n![Snipaste_2022-07-21_20-39-20.png](https://res.liuyuyang.net/usr/uploads/2022/07/2142526091.png)','https://res.liuyuyang.net/usr/uploads/2022/07/2142526091.png',875,0,'','1658407380000'),(1716,'第一次从 0 到 1 独立完成的项目','这是我今年暑假写的一个项目，也是我的第一次从 0 开始独立完成的项目，未来我会不断更新，不断改善成为最佳！','![双色效果.jpg](https://res.liuyuyang.net/usr/uploads/2022/08/45984872.jpg)\n\n项目一共历时 `2` 个月，在没放暑假时就在开发，边上课边写项目，断断续续。其实正常情况下也就 `20` 天的工作量。\n\n这是我今年暑假写的一个项目，也是我的第一次从 `0` 开始独立完成的项目，未来我会不断更新，不断改善成为最佳！ ','https://res.liuyuyang.net/usr/uploads/2022/08/45984872.jpg',1205,0,'','1659770280000'),(1758,'你好，Vue','经常听到一些学长跟我说 Vue 的重要性，它能够直接取决于能不能找到工作。于是我一直对 Vue 这门框架十分的憧憬。现在的我即将踏入 Vue 的大门，按照老规矩先定个小目标，熟练掌握 Vue','经常听到一些学长跟我说 `Vue` 的重要性，Vue能够直接取决于能不能找到工作。于是我一直对 `Vue` 这门框架十分的憧憬。现在的我即将踏入 `Vue` 的大门，按照老规矩先定个小目标，熟练掌握 `Vue` \n\n![Snipaste_2022-08-31_21-13-32.png](https://res.liuyuyang.net/usr/uploads/2022/08/2965711458.png)\n','https://res.liuyuyang.net/usr/uploads/2022/08/2965711458.png',930,0,'163','1661865180000'),(1760,'有种莫名的自豪感','今天我突然看到我的开源项目上了 Gitee 本周热门，有种莫名的自豪感，自己写的作品能够受到那么多人的认可，心里无比开心。','今天我突然看到我的开源项目上了 `Gitee` 本周热门，有种莫名的自豪感，自己写的作品能够受到那么多人的认可，心里无比开心。\n\n**Gitee 开源链接：** [https://gitee.com/liu_yu_yang666/yuexing](https://gitee.com/liu_yu_yang666/yuexing) \n![Snipaste_2022-09-01_16-39-27.png](https://res.liuyuyang.net/usr/uploads/2022/09/3807041017.png)\n','https://res.liuyuyang.net/usr/uploads/2022/09/3807041017.png',945,0,'','1662021660000'),(1801,'热爱是所有的理由与解释','热爱是所有的理由与解释','热爱是所有的理由与解释\n\n![Snipaste_2022-09-23_22-33-47.png](https://res.liuyuyang.net/usr/uploads/2022/09/3120677411.png)\n','https://res.liuyuyang.net/usr/uploads/2022/09/3120677411.png',745,0,'','1663943692000'),(1822,'CSS 文本禁止被选中、复制操作',' ','### [ CSS ] 文本禁止被选中、复制操作\n\n当点击速度过快文本就会被选中，这样效果可能会不太理想。 \n\n或者 \n\n当你不想让某一段文本内容被框选中那么你就要用到禁止选中这个功能了\n\n```html\n<span>刘宇阳</span>\n```\n\n![1.gif](https://res.liuyuyang.net/usr/uploads/2022/09/60590782.gif)\n\n\n一般禁止选中这种效果常用于小说网站，这样用户就没办法进行选中复制粘贴操作了。\n\n我们只需要给元素设置 `user-select: none;` 样式就可以实现禁止选中效果了  \n\n```html\n<span style=\"user-select: none;\">刘宇阳</span>\n```\n\n ![https://res.liuyuyang.net/usr/uploads/2022/09/2189194939.jpg](https://res.liuyuyang.net/usr/uploads/2022/09/2189194939.jpg) \n',NULL,876,0,'','1664457720000'),(1830,'解决 npm 下载包慢的问题','默认情况下 npm 镜像是国外的，在安装依赖时会很慢，所以我们需要切换到国内的镜像源，比如淘宝镜像源','# 解决 npm 下载包慢的问题\n\n默认情况下 `npm` 镜像是国外的，在安装依赖时会很慢，所以我们需要切换到国内的镜像源，比如淘宝镜像源。\n\n它的作用就是将国外的 `npm` 包全部拷贝了一份，所以我们可以通过它来下载依赖速度上会有明显提高。\n\n下面将带领大家如何切换以及查看镜像源\n\n\n\n## 切换到淘宝镜像源\n\n```bash\nnpm config set registry=https://registry.npm.taobao.org\n```\n\n## 查看镜像源\n切换后，我们可以通过如下命令进行查看是否成功\n\n```bash\nnpm config get registry\n```\n\n\n\n# nrm\n\n为了更方便的切换镜像源，我们可以安装 `nrm` 这个小工具，利用 `nrm` 提供的终端命令，可以快速的查看和切换镜像源\n\n## 安装\n\n```bash\nnpm i nrm -g\n```\n\n\n\n## 查看可用的镜像源\n\n```bash\nnrm ls\n```\n\n\n\n## 将镜像源切换为 淘宝 镜像\n\n```bash\nnrm use taobao\n```\n\n',NULL,1035,0,'164,165','1664801430000'),(1835,'记录我的 Python 第一行代码','人生苦短，我用 Python, 记录我的第一行代码','人生苦短，我用 `Python`，记录第一行代码\n![微信图片_20221012174002.jpg](https://res.liuyuyang.net/usr/uploads/2022/10/450503374.jpg)\n','https://res.liuyuyang.net/usr/uploads/2022/10/450503374.jpg',1011,0,'4','1665499200000'),(1839,'2018-2022 不知不觉我的网站已经第五个年头了','不知不觉我的网站现在已经第五个年头了，这个网站不仅仅是一个网站而是我的整个青春及回忆','不知不觉我的网站现在已经第五个年头了，\n\n[https://liuyuyang.net/](https://liuyuyang.net/) 你所看到的这个网站不仅仅是一个网站\n\n而是我的整个青春及回忆\n\n这个网站记录着我：\n\n从一个 `html css` 都学不明白的人 到现在 `JavaScript` 已经达到原理级\n从一个只会找源码的人 到现在自己已经具备独立项目开发能力\n\n从最开始用的 `Zblog` 系统 到 `WordPress` 系统 最后到现在用的 `Typecho` 系统。甚至我已经在写一款属于自己的博客系统了\n\n从最开始借别人的域名 到 二级域名 到现在的一级域名\n\n从最开始用的虚拟主机 到现在用的服务器\n\n下面是我的网站几年来的变化：\n2019年\n![default.jpeg](https://res.liuyuyang.net/usr/uploads/2022/10/1465192697.jpeg)\n\n2020年\n![default.png](https://res.liuyuyang.net/usr/uploads/2022/10/2391558741.png)\n\n2021年\n![Snipaste_2022-10-12_18-00-16.png](https://res.liuyuyang.net/usr/uploads/2022/10/776780605.png)\n\n2022年\n![Snipaste_2022-10-12_18-03-03.png](https://res.liuyuyang.net/usr/uploads/2022/10/517066313.png)\n\n致自己一句话：“道阻且长，行则将至，行而不辍，未来可期”\n','https://res.liuyuyang.net/usr/uploads/2022/10/1465192697.jpeg',3402,5,'','1665569400000'),(1845,'人生中第一次被女生要微信','晚上我跟我朋友在学校食堂吃完饭准备回宿舍的路上，突然一个女生问我: 帅哥有女朋友吗？\n\n我当时愣了一下，说没有，接着她说能加个微信吗，然后我们就互加了微信','晚上我跟我朋友在学校食堂吃完饭准备回宿舍的路上，突然一个女生问我: 帅哥有女朋友吗？\n\n我当时愣了一下，说没有，接着她说能加个微信吗，然后我们就互加了微信。\n\n当时给我的第一反应 认为他叫的不是我，没想到还真是叫的我。哈哈，人生中第一次被女生要微信。',NULL,999,2,'','1665934500000'),(1850,'Nice - 一款追求极致的CMS管理系统','我会用未来十年的时间来打磨这个项目，不断改善，成为最佳！\n我相信终有一天他会渐渐踏入大众的视野','Nice - 一款追求极致的 `CMS` 管理系统\n\n我会用未来十年的时间来打磨这个项目，不断改善，成为最佳！\n我相信终有一天他会渐渐踏入大众的视野\n![Snipaste_2022-10-22_21-05-25.png](https://res.liuyuyang.net/usr/uploads/2022/10/713865194.png)\n','https://res.liuyuyang.net/usr/uploads/2022/10/713865194.png',855,0,'160,161','1666443949000'),(1856,'逝去的青春！','现在还跟小时候陪你打4399的那个人联系吗','现在还跟小时候陪你打4399的那个人联系吗\r\n\r\n![Snipaste_2022-10-23_15-21-29.png](https://res.liuyuyang.net/usr/uploads/2022/10/3537165849.png)\r\n\r\n花有重开日，人无再少年！\r\n![Snipaste_2022-10-23_15-25-27.png](https://res.liuyuyang.net/usr/uploads/2022/10/3723438257.png)\r\n','https://res.liuyuyang.net/usr/uploads/2022/10/3537165849.png',1033,0,'157,158,159','1666510371000'),(1862,'再坚持坚持，会熬到头的！','','再坚持坚持，会熬到头的！\n\n![微信图片_20221030163641.jpg](https://res.liuyuyang.net/usr/uploads/2022/10/176752857.jpg)\n','https://res.liuyuyang.net/usr/uploads/2022/10/176752857.jpg',672,0,'','1619015760000'),(1864,'万恶的铝削~','','![1651233521971.jpg](https://res.liuyuyang.net/usr/uploads/2022/10/571661386.jpg)\r\n','https://res.liuyuyang.net/usr/uploads/2022/10/571661386.jpg',659,0,'155','1605688740000'),(1866,'心累，感觉要坚持不下去了','心累，感觉要坚持不下去了','心累，感觉要坚持不下去了\r\n![微信图片_20221030164909.jpg](https://res.liuyuyang.net/usr/uploads/2022/10/2171659842.jpg)\r\n','https://res.liuyuyang.net/usr/uploads/2022/10/2171659842.jpg',619,0,'','1615042140000'),(1870,'上夜班 冻死了~~','上夜班真的冷，还有2个小时下班再坚持坚持','上夜班真的冷，还有 `2` 个小时下班再坚持坚持\n\n![微信图片_20221030165633.jpg](https://res.liuyuyang.net/usr/uploads/2022/10/815116206.jpg)\n','https://res.liuyuyang.net/usr/uploads/2022/10/815116206.jpg',766,0,'99,98','1608001020000'),(1872,'夜班 流水线 真煎熬','平均每工作 3 个小时才休息短暂的 10 分钟，真煎熬啊','平均每工作 `3` 个小时才休息短暂的 `10` 分钟，真煎熬啊\n\n![微信图片_20221030165818.jpg](https://res.liuyuyang.net/usr/uploads/2022/10/3274705075.jpg)\n','https://res.liuyuyang.net/usr/uploads/2022/10/3274705075.jpg',685,0,'','1608735540000'),(1874,'不忘初心，加油！','今天无意中在抖音搜了一下 `21` 全栈，没想到居然发现了我的身影 O(∩_∩)O哈哈~','今天无意中在抖音搜了一下 `21` 全栈，没想到居然发现了我的身影 O(∩_∩)O哈哈~\n\n那就祝自己不忘初心，加油！\n\n![微信图片_20221030170047.jpg](https://res.liuyuyang.net/usr/uploads/2022/10/929627181.jpg)\n','https://res.liuyuyang.net/usr/uploads/2022/10/929627181.jpg',2058,1,'','1667120700000'),(1876,'万恶的颈椎病','人生中第一次拍片，特别紧张，还好结果是颈椎轻度突出，虚惊一场','人生中第一次拍片，特别紧张，还好结果是颈椎轻度突出，虚惊一场。\n\n医生说不让我脖子长期保持一个姿势，尽量多活动活动。唉，写代码时候老是活动怎么能专注呢，有时候出现一个 `bug` 我可能就要盯着屏幕几个小时找问题所在。\n\n目前情况只要脖子保持不动 `5` 分钟就特别疼，害~\n\n![微信图片_20221030170612.jpg](https://res.liuyuyang.net/usr/uploads/2022/10/1525958519.jpg)\n','https://res.liuyuyang.net/usr/uploads/2022/10/1525958519.jpg',693,0,'','1659189960000'),(1879,'记录这一刻，21全栈Python',' 今天走在准备回班的路上拍下的公告栏，记录一下','今天走在准备回班的路上拍下的公告栏，记录一下\n\n![微信图片_20221030171436.jpg](https://res.liuyuyang.net/usr/uploads/2022/10/824738945.jpg)\n![微信图片_20221030171443.jpg](https://res.liuyuyang.net/usr/uploads/2022/10/241255089.jpg)\n','https://res.liuyuyang.net/usr/uploads/2022/10/824738945.jpg',787,0,'','1666088040000'),(1885,'第一次有人给我表白，哈哈美滋滋','第一次有人给我表白，哈哈美滋滋','第一次有人给我表白，哈哈美滋滋\r\n\r\n![微信图片_20221105181736.png](https://res.liuyuyang.net/usr/uploads/2022/11/1678431008.png)\r\n','https://res.liuyuyang.net/usr/uploads/2022/11/1678431008.png',912,0,'154','1667485080000'),(1901,'时隔一年，也算实现这个小目标了','','![微信图片_20221205193622.jpg](https://res.liuyuyang.net/usr/uploads/2022/12/2007966993.jpg)\n','https://res.liuyuyang.net/usr/uploads/2022/12/2007966993.jpg',1131,1,'','1670240281000'),(1938,'试试看，万一拿第一了呢','希望这几个月的努力可以在简历写上一句话: \"上海市计算机应用能力大赛一等奖\"','试试看，万一拿第一了呢\n\n希望这几个月的努力可以在简历写上一句话: \"上海市计算机应用能力大赛一等奖\"\n![微信图片_20221224200541.jpg](https://res.liuyuyang.net/usr/uploads/2022/12/765625200.jpg)\n','https://res.liuyuyang.net/usr/uploads/2022/12/765625200.jpg',947,0,'','1671192360000'),(1942,'参加上海市计算机应用能力大赛','希望通过能拿一个不错的名次，加油刘宇阳！','希望通过能拿一个不错的名次，加油刘宇阳！\n\n![Snipaste_2022-12-29_18-24-25.png](https://res.liuyuyang.net/usr/uploads/2022/12/213417729.png)\n','https://res.liuyuyang.net/usr/uploads/2022/12/213417729.png',893,0,'120,116','1672309440000'),(1944,'谁让我是学习委员呢','一大早老师刚讲完一个案例，一群人出现bug就轰炸我，哈哈哈\n\n给同学解决问题也等同于提升自己，因为他们总能问一些各种奇葩问题，如果自己解决不了就能知道自己哪里还有欠缺，然后加以改正，不断改善成为最佳！','一大早老师刚讲完一个案例，一群人出现bug就轰炸我，哈哈哈\r\n\r\n给同学解决问题也等同于提升自己，因为他们总能问一些各种奇葩问题，如果自己解决不了就能知道自己哪里还有欠缺，然后加以改正，不断改善成为最佳！\r\n\r\n![Snipaste_2022-12-29_08-57-49.png](https://res.liuyuyang.net/usr/uploads/2022/12/3751716936.png)\r\n\r\n![QQ图片20221230115850.png](https://res.liuyuyang.net/usr/uploads/2022/12/3291926458.png)\r\n\r\n但是也有一些情况是我很反感的，有些人总是出现问题连尝试自己解决都没有尝试就直接找我。这样问的问题没有技术含量，要么单词写错了，要么就是少加什么或多加什么。花半天时间给他解决问题反而自己技术并没有得到提升还浪费了时间\r\n![Snipaste_2022-12-30_12-01-49.png](https://res.liuyuyang.net/usr/uploads/2022/12/412624207.png)','https://res.liuyuyang.net/usr/uploads/2022/12/3751716936.png',957,0,'109,108','1672372620000'),(1949,'再见2022，你好2023','今晚就跨年了，发动态的人很多，我就先提前发了。为了让更多人看到，也是为了互相监督！','仅剩 `2` 个小时就 `2023` 年了，时间转瞬即逝。\n按照往年的惯例我需要制定明年的计划\n\n`2023` 年只有这五个目标\n1、以月更的速度完善我的作品 `Nice`\n2、熟练掌握 `Python` 后端开发\n3、将 `Vue` 水平提升至原理级\n4、`GitHub` 累计达到 `300` 颗 `Star`\n\n今晚就跨年了，发动态的人很多，我就先提前发了。为了让更多人看到，也是为了互相监督！\n不玩命的努力，毕业既失业在所难免！',NULL,1161,2,'106,207,138','1672495200000'),(1957,'2022 年终总结','今年主要围绕这几个点：收获、开源、社交、遗憾、目标 来总结我的 2022','![1673175122695.jpg](https://res.liuyuyang.net/usr/uploads/2023/01/2663677443.jpg)\n\n# 起笔\n起初我并不打算写这一年的年终总结的，因为 `2022` 这一年我觉得并没有什么可感慨的事情，似乎好像除了学习还是学习，每天都是在学校三点一线的循环。\n\n后来看到了周围朋友都在写，最终我还是选择了写这篇总结。那么接下来主要就围绕这几个点：收获、开源、社交、遗憾、目标来总结我的 `2022` 年\n\n# 收获\n首先总结一下这一年所 `get` 到的知识点吧\n1. JavaScript高级\n2. Web移动端\n3. jQuery\n4. Bootstrap\n5. Ajax\n6. Git\n7. ES6\n8. 微信小程序\n9. uniapp\n10. Nodejs\n11. Express / Koa / Egg\n12. MongoDB / MySQL\n13. Echarts\n14. Vue2 全家桶\n15. Vue2 人力资源管理系统\n16. Python 基础 / 高级\n\n# 工欲善其事必先利其器\n年初，我换了新的电脑 联想拯救者 `R9000K`\n![Screenshot_2023-01-08-18-55-09-143-edit_com.taoba.jpg](https://res.liuyuyang.net/usr/uploads/2023/01/1546108546.jpg)\n\n这个电脑我认为就两个缺点：太重和续航差，其他都还不错。\n\n尤其是这自带的氛围感，太帅了！\n![1673175230030.jpeg](https://res.liuyuyang.net/usr/uploads/2023/01/56687449.jpeg)\n\n# 开源\n在学完 `JavaScript` 后我尝试写了一个练手项目 `Yuexing Blog`，后来学完了 `Vue2` 又一时兴起写了 `BookMark` 书签导航项目。接着又写了 `Nice` 后台管理系统，不过我参加了上海市计算机大赛，所以这个项目要暂停一段时间了。\n\n **记得帮忙点个star哦！** \n\n## Yuexing Blog\n`Yuexing Blog` 项目介绍暂时还没写好\n![111.png](https://res.liuyuyang.net/usr/uploads/2023/01/3548820697.png)\n **Gitee：** [https://gitee.com/liu_yu_yang666/yuexing/tree/master](https://gitee.com/liu_yu_yang666/yuexing/tree/master) \n \n **GitHub：**  [https://github.com/LiuYuYang01/Yuexing-Blog](https://github.com/LiuYuYang01/Yuexing-Blog) \n\n## BookMark\n`BookMark` 是一款轻量、简洁雅观的书签导航项目 你可以将它设置为你的浏览器主页 告别杂乱无章的浏览器书签栏。相信你会喜欢它的! \n![222.png](https://res.liuyuyang.net/usr/uploads/2023/01/3301785182.png)\n **GitHub：** [https://github.com/LiuYuYang01/BookMark](https://github.com/LiuYuYang01/BookMark) \n\n## Nice\n目前进度75%， **暂缓** \n![1673175230015.png](https://res.liuyuyang.net/usr/uploads/2023/01/377573697.png)\n\n## 社交\n今年利用课下的时间开源了 3 款原创项目并累计收获了 150+ 的`star` 结交了很多的新朋友\n![Snipaste_2023-01-08_19-55-00.png](https://res.liuyuyang.net/usr/uploads/2023/01/997755229.png)\n\n# 遗憾\n今年唯一的遗憾就是错失学校奖学金，本来我是最有可能拿到奖学金的人，因为我的专业技术在班里一直稳居第一，而且还是学习委员、小组组长。但是我们学校发放奖学金的规则是学历不能挂科。而英语一直是我的痛点，因此与奖学金擦肩而过，唉~\n\n## 2023的目标\n1、上海市计算机比赛拿个名次\n2、熟练掌握 `Python` 后端开发\n3、将 `Vue` 水平提升至原理级\n4、`GitHub` 累计达到 `300` 颗 Star\n\n# 总结\n![1673175122595.jpg](https://res.liuyuyang.net/usr/uploads/2023/01/2557601204.jpg)\n\n上半年还好每天上午上课，下午自习\n\n下半年上午前端，下午 `Python`, 前后端一起学压力好大\n![Snipaste_2023-01-08_20-05-46.png](https://res.liuyuyang.net/usr/uploads/2023/01/229179891.png)\n\n在年底我又参加了由上海市教育局举办的第十五届计算机应用能力大赛，这个比赛我一定要拿个名次，加油！\n\n今年就这样~','https://res.liuyuyang.net/usr/uploads/2023/01/2663677443.jpg',1270,2,'208,105','1673177460000'),(1980,'高效 JavaScript 编程：数组方法全攻略','在这篇文章中，我将全面解析 JavaScript 中的各种数组方法，帮助你在实际项目中快速实现数据操作和处理','![必看大字最新消息重磅公众号首图.jpg](https://res.liuyuyang.net/usr/uploads/2023/03/3968959890.jpg)\n\n\n# 高效 JavaScript 编程：数组方法全攻略\n在这篇文章中，我将全面解析 `JavaScript` 中的各种数组方法，帮助你在实际项目中快速实现数据操作和处理\n\n## map\n\n该方法会在每一次循环时通过 `return` 将新值覆盖旧值，最终形成一个新的数组\n\n```javascript\nlet arr = [10, 20, 30, 40, 50]\nlet newArr = arr.map(item => {\n    return item += 5\n})\nconsole.log(newArr);\n// [15, 25, 35, 45, 55]\n```\n\n\n\n## forEach\n\n该方法与 `map` 在使用上十分相似，都可以对数组进行循环操作，但不同的是 `forEach` 不返回值，只能用于操作数据，可以理解为 `for` 循环的替代者。\n\n如果以得到返回值为目，则需要使用 `map` 方法, 否则两者之间没有任何区别\n\n```javascript\nlet arr = [10, 20, 30, 40, 50]\narr.forEach((item, index) => {\n    console.log(\"索引：\", index, \"每一项的值：\", item);\n})\n// 索引： 0 当前项的值： 10\n// 索引： 1 当前项的值： 20\n// 索引： 2 当前项的值： 30\n// 索引： 3 当前项的值： 40\n// 索引： 4 当前项的值： 50\n```\n\n\n\n注意在 `forEach` 循环中 `return` 将无效\n\n```javascript\nlet arr = [10, 20, 30, 40, 50]\nlet newArr = arr.forEach((item, index) => {\n    return item += 5\n})\nconsole.log(newArr); // undefined\n```\n\n`forEach` 主要用于替代传统的 `for` 循环，因为 `forEach` 非常方便\n\n\n\n## filter\n\n该方法顾名思义，它主要用于过滤数组中的数据\n\n比如过滤数组中大于等于 `30` 的数据，最终会返回一个新数组\n\n```javascript\nlet arr = [10, 20, 30, 40, 50]\nlet newArr = arr.filter(item => {\n    return item >= 30\n})\nconsole.log(newArr);\n// [30, 40, 50]\n```\n\n\n\n## some\n\n该方法用于判断数组中返回的每一项值是否为 `true`，只要有一个条件为 `true` 则它的返回值就为 `true`\n\n```javascript\nlet arr = [10, 20, 30, 40, 50]\nlet newArr = arr.some(item => {\n    return item === 30\n})\nconsole.log(newArr);\n// true\n```\n\n\n\n全部为 `false`，返回值才为 `false`\n\n```javascript\nlet arr = [10, 20, 30, 40, 50]\nlet newArr = arr.some(item => {\n    return item === 60\n})\nconsole.log(newArr);\n// false\n```\n\n\n\n## every\n\n该方法与 `some` 恰恰相反，它的作用是只要有一个值为 `false`，那么结果就为 `false`\n\n该方法通常用于商品购物车全选功能，只要有一个按钮没有被选中，全选按钮就不会被选中\n\n\n\n## find\n\n该方法用于查找数组中某个元素\n\n```javascript\nlet arr = [10, 20, 30, 40, 50]\nlet index = arr.find(item => {\n    return item === 30\n})\nconsole.log(index); //30\n```\n\n\n\n## findIndex\n\n该方法用于查找数组中指定元素的索引下标\n\n```javascript\nlet arr = [10, 20, 30, 40, 50]\nlet index = arr.findIndex(item => {\n    return item === 30\n})\nconsole.log(index); //2\n```\n\n\n\n## reduce\n\n该方法主要用于计算数组中的累加和，参数一表示累加和的变量，参数二表示每一项的值，参数三表示从多少开始累加\n\n```javascript\nlet arr = [10, 20, 30, 40, 50]\nlet sum = arr.reduce((sum, item) => {\n    return sum += item\n}, 0)\nconsole.log(sum); //150\n```\n\n## sort\n\n该方法主要用于对数组进行排序，例如：\n```javascript\nconst list = [3, 1, 2, 7, 9]\n\n// 默认从小到大排序\nlist.sort()\nconsole.log(list);\n// [1, 2, 3, 7, 9]\n```\n可以发现 `sort` 方法会改变原数组（重点！）\n\n\n接下来演示一下复杂的应用场景：循环每一项通过 `cid` 的大小进行排序\n\n```javascript\nconst list = [\n  {\n    name: \"zs\",\n    cid: 1\n  },\n  {\n    name: \"ls\",\n    cid: 3\n  },\n  {\n    name: \"ww\",\n    cid: 6\n  },\n  {\n    name: \"xm\",\n    cid: 2\n  },\n]\n\n// 从小到大排序\nlist.sort((a, b) => a.cid - b.cid)\nconsole.log(list);\n// { name: \'zs\', cid: 1 }\n// { name: \'xm\', cid: 2 }\n// { name: \'ls\', cid: 3 }\n// { name: \'ww\', cid: 6 }\n\n// 从大到小排序 只需要将a与b的位置互换即可\nlist.sort((a, b) => b.cid - a.cid)\nconsole.log(list);\n// { name: \'ww\', cid: 6 }\n// { name: \'ls\', cid: 3 }\n// { name: \'xm\', cid: 2 }\n// { name: \'zs\', cid: 1 }\n```','https://res.liuyuyang.net/usr/uploads/2023/03/3968959890.jpg',803,0,'12','1674470760000'),(1982,'2023努力努力再努力！','所以要敢想、敢做、敢干 不要连想都不敢想就认为自己做不到。\n即使最终无法达到目标，至少全力以赴过','仅剩最后一年半就要面临职场生涯了，我要朝着 `15k` 这个目标努力再努力\n\n如果我的目标是15K，那么最坏的结果可能是10K。但如果我的目标仅仅是10K，可能最终的结果是6K ~ 8K\n\n所以要敢想、敢做、敢干 不要连想都不敢想就认为自己做不到。\n即使最终无法达到目标，至少全力以赴过\n\n希望大家能够对我多多关注，一起做个见证吧\n\n2023，加油！！！\n\n![微信图片_20230206213424.jpg](https://res.liuyuyang.net/usr/uploads/2023/02/59507432.jpg)\n','https://res.liuyuyang.net/usr/uploads/2023/02/59507432.jpg',678,0,'','1675690683000'),(1985,'愿少些BUG吧，可惜了我的秀发','','愿少些BUG吧，可惜了我的秀发\n![微信图片_20230208183426.jpg](https://res.liuyuyang.net/usr/uploads/2023/02/2193058349.jpg)\n','https://res.liuyuyang.net/usr/uploads/2023/02/2193058349.jpg',703,0,'','1675852519000'),(1988,'如果你学业已经输了，还是一个男孩子....','如果你学业已经输了，还是一个男孩子，不努力，不赚钱，不学习，半夜还在为情怀疑人生，那你就等着完蛋吧！','如果你学业已经输了，还是一个男孩子，不努力，不赚钱，不学习，半夜还在为情怀疑人生，那你就等着完蛋吧！\n\n![微信图片_20230304183209.jpg](https://res.liuyuyang.net/usr/uploads/2023/03/4092720168.jpg)\n','https://res.liuyuyang.net/usr/uploads/2023/03/4092720168.jpg',802,0,'','1677926160000'),(1991,'迷雾下的传智','','![微信图片_20230304183727.jpg](https://res.liuyuyang.net/usr/uploads/2023/03/1571278520.jpg)\n','https://res.liuyuyang.net/usr/uploads/2023/03/1571278520.jpg',639,0,'','1677577080000'),(1995,'2023.03.08 时隔285天 我回来了','因为时间一系列的原因距离上一次记录大学生活已经是在 285 天前了，在今后我会每天尽可能抽出半小时的时间总结今天所学到的东西以及生活感想。记录一个从小白到大牛的点点滴滴','因为时间一系列的原因距离上一次记录大学生活已经是在 `285` 天前了，在今后我会每天尽可能抽出半小时的时间总结今天所学到的东西以及生活感想。记录一个从小白到大牛的点点滴滴\n\n今天是2023年3月8日, 是我来传智的第 `530` 天\n今天老师刚把 `Vue3` 给讲完了，因为之前学过 `Vue2` 所以总体来说 `V3` 并不难，只是从 `V2` 过渡到 `V3` 语法比较混乱，需要多加练习才行。\n\n接下来就要学习 `Vue3` 应用 `TypeScript` 语法开发了，紧接着就是小兔鲜儿项目...\n\n到了下午评委老师举办了第一次项目点评，对我们小组参赛的项目进行了优化和建议\n![mmexport1678287452884.png](https://res.liuyuyang.net/usr/uploads/2023/03/3301212449.png)\n\n\n还挺顺利，没有太多的吐槽，仅剩一个月就要提交项目了，不知道能拿第几名。只能说全力以赴吧','https://res.liuyuyang.net/usr/uploads/2023/03/3301212449.png',1228,3,'','1678287420000'),(1996,'2023.03.09 记录我在传智的大学四年','','今天是2023年03月09日，主要学习了使用 `TypeScript` 书写代码 `Vue3`，以及了解了到了 `Vue3` 数据响应式原理\n\n因为最近在学习 `Vue3`，又在赶比赛项目。我们比赛项目是小程序项目而小程序又跟 `Vue` 语法差不多。我总是在小程序中 `wx:if` 条件判断写成了 `Vue` 的 `v-if` 语法\n\n哈哈，这种事情不止一次了\n\n有些时候在写 `Python` 代码时偶尔会使用 `JavaScript` 的 `console.log` 打印，或者在写前端代码时使用 `print` 打印。语法一样很容易搞混 O(∩_∩)O哈哈~',NULL,661,0,'','1678374120000'),(2000,'2023.03.10 有志者事竟成','我的目标是做一名技术顶尖的程序员（架构师），我相信只要我不放弃，实现目标早晚的事儿','今天是2023年03月10日，周五，上午主要学习了 `Vue2` 与 `Vue3` 的响应式原理以及 `customRef` 封装防抖方法，总体还是有一点难度的，但是干就完了！\n\n在中午按照以往的习惯 我会利用其他同学睡觉的两个小时回班继续学习，我始终相信：**“互联网从不缺乏天才，而努力才是最终的入场券！”** 。\n\n正当我在赶比赛项目时，校长路过看到我在班里，然后跟我聊了很多，其中最让我印象深刻的就是他告诉我：**“有志者，事竟成，破釜沉舟，百二秦关终属楚。苦心人天不负，卧薪尝胆，三千越甲可吞吴”** 这段话，简单来说就是只要你有目标，坚持不懈的努力就一定能成功！\n\n就像项羽破釜沉舟，将船只凿穿沉入河底，将煮饭的锅打碎，将所有存活下来的必需品全部毁灭，不留退路，不顾一切地朝着自己的目标去努力定能成功！\n\n我的目标是做一名技术顶尖的程序员（架构师），我相信只要我不放弃，实现目标早晚的事儿',NULL,637,0,'','1678459320000'),(2002,'2023.03.11 比赛项目进度统计','这个过程很累、很煎熬，但真的很快乐。还有最后一个月再努努力，争取拿下上海计算机应用能力大赛第一名！','今天是2023年3月11日周六，又是元气满满的一天\n\n总结一下今天主要干了些啥事情\n![Snipaste_2023-03-12_21-15-33.jpg](https://res.liuyuyang.net/usr/uploads/2023/03/578475677.jpg)\n\n简单统计一下，截止目前为止我们小组的比赛项目进度\n`2` 个人，`3` 个月，完成 `28` 个页面，`74` 个接口，`400+` 次的 `GitHub` 提交记录\n\n这个过程很累、很煎熬，但真的很快乐。还有最后一个月再努努力，争取拿下上海计算机应用能力大赛第一名！','https://res.liuyuyang.net/usr/uploads/2023/03/578475677.jpg',634,0,'','1678544820000'),(2005,'2023.03.12 学习Egg.js','给自己定个小目标，花一星期的时间学习 Eggjs','今天是2023年3月12日周末，给自己定个小目标，花一星期的时间学习 `Eggjs` \n\n虽然未来我们的课程大纲中有 `Python` 的 `Flask` 与 `Django` 这两个 `Web` 框架，但我还是更加喜欢 `JavaScript` 的语法，并且我以前学习过 `Express` 与 `koa` 这两个相关的框架，所以学习 `Eggjs` 会很快\n\n接下来总结一下今天所 `GET` 到的知识点：\n1. 使用 Egg 脚手架生成项目\n2. 了解 MVC 开发模式\n3. 了解 Egg 项目的目录结构\n4. query 与 marse 接收参数的方式\n5. 了解了静态资源\n6. 通过 helper 封装工具\n7. 还有 Service\n\n![Eggjs.jpg](https://res.liuyuyang.net/usr/uploads/2023/03/1288474630.jpg)\n','https://res.liuyuyang.net/usr/uploads/2023/03/1288474630.jpg',640,0,'162','1678628100000'),(2007,'2023.03.14 记录我在传智的大学四年','我们正式切入到了 Vue3 小兔鲜儿项目当中，今天主要任务是把项目铺垫好，总体都还挺顺利的，只是 vue-router 二级路由这个地方因为时间问题导致有一点模糊，还需要进一步加强','今天是2023年3月14日周二，我们正式切入到了 `Vue3` 小兔鲜儿项目当中，今天主要任务是把项目铺垫好，总体都还挺顺利的，只是 `vue-router` 二级路由这个地方因为时间问题导致有一点模糊，还需要进一步加强。\n\n今天中午实在困死了，所以没有在班里学习，就当给自己放的一天假吧。\n\n今天先这样...',NULL,695,0,'','1678803020000'),(2009,'2023.03.19 记录我在传智的大学四年','转眼间已经有 1 星期没有更新日记了，这段时间确实很忙。因为大二是整个教学的核心，上午学习前端小兔鲜儿项目、下午学习 Python、晚上总结小兔鲜以及 Python 的课堂笔记','今天是2023年3月19日，时间过得好快，转眼间已经有 `1` 星期没有更新日记了，这段时间确实很忙。因为大二是整个教学的核心，上午学习前端小兔鲜儿项目、下午学习 `Python`、晚上总结小兔鲜以及 `Python` 的课堂笔记。\n![Snipaste_2023-03-19_21-29-04.jpg](https://res.liuyuyang.net/usr/uploads/2023/03/3655412569.jpg)\n\n如果当天课程不难的话还能有一小段时间赶赶项目，项目还有最后一个月就要提交了，本身项目是3个人参与开发的，我们虽然也是 `3` 个人，但其实是两个人参与开发，剩下一个人全程打酱油。因为刚开始我以为他最起码写写简单的逻辑应该没问题，结果连 `for` 循环写的都费劲，我想了想帮忙也是帮倒忙，所以我干脆让他打酱油算了\n\n我现在每天的时间真的很紧，而且我打算暑假找个前端实习工作提前试探一下行情，到现在面试题都还没时间背\n\n唉... 又难、又累、又卷，没办法谁让我选择了做程序员呢\n\n总而言之祝自己加油吧！有志者，事竟成，破釜沉舟，百二秦关终属楚！','https://res.liuyuyang.net/usr/uploads/2023/03/3655412569.jpg',667,0,'','1679233140000'),(2010,'2023.03.21 记录我在传智的大学四年','明天就要进行第二次项目答辩了，本来应该是下星期三的，老师那边突然提前了一星期。因为时间紧再加上突如其来的提前导致到现在还没有时间准备，唉...','今天是2023年3月21日，周二，明天就要进行第二次项目答辩了，本来应该是下星期三的，老师那边突然提前了一星期。因为时间紧再加上突如其来的提前导致到现在还没有时间准备，唉...\n\n一共有 `4` 次项目答辩，前 `3` 次为模拟，最后一次要到上海那边比赛。\n剩下的时间不多了，还有好多东西没有写完。心累',NULL,575,0,'','1679408817000'),(2011,'2023.03.22 第二次项目模拟答辩','今天下午举行了第二次模拟项目答辩。这一次总体还算顺利，点评老师们对我们项目的评价是: “项目功能很全，但是缺乏一个核心亮点”','今天是2023年3月22日，今天下午举行了第二次模拟项目答辩。这一次总体还算顺利，点评老师们对我们项目的评价是: “项目功能很全，但是缺乏一个核心亮点”\n\n接下来还有一大堆文档和资料要填写，好烦\n每天忙得要死，上午学前端小兔鲜儿项目，下午学无聊的 `Python`，晚上写作业、总结笔记、创新创业大赛、上海市计算机应用能力能力大赛\n\n忙死了～\n\n再还有最后一个月，再坚持坚持！肝就完了',NULL,639,0,'','1679496960000'),(2014,'2023.03.24 月考，日常满分！','这次考试题总体不算太难，就是那些笔试题 对于记忆薄弱的我就比较吃力。编程题写了大概 2 个小时左右，好在写出来了','今天是2023年3月24日周五，今天学校举行了本学期的第一次月考\n这次笔试题跟编程题各占 `50` 分，笔试题相当于面试题。编程题就是让你写一个功能，比如二级导航等等。这次考试题总体不算太难，就是那些笔试题 对于记忆薄弱的我就比较吃力。编程题写了大概 `2` 个小时左右，好在写出来了\n\n给大家看看我们学校的月考题吧，这个题我估计放在全日制本科学校估计都能当期末考试了\n![mmexport1679664417100.jpg](https://res.liuyuyang.net/usr/uploads/2023/03/2942364487.jpg)\n','https://res.liuyuyang.net/usr/uploads/2023/03/2942364487.jpg',716,0,'141','1679670600000'),(2018,'2023.03.30 忙忙碌碌','仅剩最后25天就要提交项目了，所剩的时间不多了','今天是2023年3月30日，仅剩最后25天就要提交项目了，所剩的时间不多了\n![微信图片_20230401215252.png](https://res.liuyuyang.net/usr/uploads/2023/04/2015606976.png)\n\n现在手底下还有八九个文档和资料要写，头大。\n![微信图片_20230401215258.jpg](https://res.liuyuyang.net/usr/uploads/2023/04/3702078293.jpg)\n\n这一星期忙的基本上都没有时间写项目，压力真的好大(>_<)',NULL,603,0,'','1680188100000'),(2019,'2023.03.31 谁懂啊，又是BUG ','今天我在写 Vue 项目时候图片路径明明写对了，但图片一直加载不出来。主要是控制台也没有报错，我大概研究了一节课无果，于是我找了助教老师帮忙。','今天是2023年3月31日，3月份的最后一天，又是愉快的周五。\n\n给大家讲个笑话：\n今天我在写 `Vue` 项目时候图片路径明明写对了，但图片一直加载不出来。主要是控制台也没有报错，我大概研究了一节课无果，于是我找了助教老师帮忙。\n\n结果呢半节课过去了，还是没有解决。我看助理老师眉头紧皱的样子就觉得这个 `BUG` 不简单\n\n后来我无意中看到代码中 `CSS` 的 `opacity: 0;` 顿时恍然大悟，原来是我忘记我把图片透明度设置为 `0` 了，难怪图片一直加载不出来。因为控制台也没有报错，而且我很确定语法是绝对没问题的，所以我当时没有看样式，这才导致浪费了大量时间\n\n此时老师还不知道问题所在，我怕老师笑话我，所以我便找了个外卖到了的理由化解了这场危机',NULL,669,0,'','1680263760000'),(2021,'课堂因生动而精彩，学生因自主而发展','课堂因生动而精彩，学生因自主而发展','课堂因生动而精彩，学生因自主而发展\r\n\r\n![QQ图片20230402134938.jpg](https://res.liuyuyang.net/usr/uploads/2023/04/3460597062.jpg)\r\n','https://res.liuyuyang.net/usr/uploads/2023/04/3460597062.jpg',670,0,'100','1680270480000'),(2045,'2023.04.04 压力巨大！！！ ','其实我并不在乎放不放假，无非就是老师带着学与自己学习的区别。你可能会问我为什么要这么卷，其实我并不想卷大家的，只是因为我们学校的学费实在太高了。我们学校是4年制，不算第四年的实习，在校3年纯学费18万，一年6万块钱只上9个月。加上每个月的生活费3年下来要20多万','今天是2023年4月4日周二，明天是清明节学校通知只放半天假，班里很多同学就有意见了。\n\n其实我并不在乎放不放假，无非就是老师带着学与自己学习的区别。你可能会问我为什么要这么卷，其实我并不想卷大家的，只是因为我们学校的学费实在太高了。我们学校是4年制，不算第四年的实习，在校3年纯学费18万，一年6万块钱只上9个月。加上每个月的生活费3年下来要20多万。这种压力导致我根本没办法闲下来，每天顶着巨大的压力，只要一天不敲代码就会觉得对不起自己，对不起高额的学费，荒废一天相当于300块钱就浪费了\n\n如果是你，你会怎么做？我想你可能会比我更卷吧\n\n还有就是比赛项目时间又缩短了，本应该4月24日提交的，学校这边通知让我们下周三尽可能把项目结束掉\n![Snipaste_2023-04-04_20-45-09.jpg](https://res.liuyuyang.net/usr/uploads/2023/04/4037315048.jpg)\n\n时间总是来的错不及防，这次我的计划又要被重新打乱了。现在手底下还有一大堆文档没有写，心累啊\n![Snipaste_2023-04-04_20-37-51.jpg](https://res.liuyuyang.net/usr/uploads/2023/04/1973842591.jpg)\n\n总而言之再难也不能放弃，最后几天了，再努努力，加油刘宇阳！这一把是必胜局！',NULL,799,0,'','1680612300000'),(2046,'掌握 Python 正则表达式','通过丰富的 `Python` 示例和实际应用场景，本文将深入讲解正则表达式的用法，让你在数据清洗和文本分析中游刃有余','# 掌握 Python 正则表达式\n通过丰富的 `Python` 示例和实际应用场景，本文将深入讲解正则表达式的用法，让你在数据清洗和文本分析中游刃有余\n\n## match\n\n**匹配指定字符串的开头**\n\n判断 `match` 的第二个参数是不是以 `python` 开头，是就返回对应的信息，不是就返回 `None`\n\n```python\n# 导入正则表达式包\nimport re\n\nres = re.match(\"python\", \"python itheima\")\nprint(res)\n# <_sre.SRE_Match object; span=(0, 6), match=\'python\'>\n```\n\n\n\n可以通过 `span` 或 `group` 拿到匹配到的信息\n\n```python\nprint(res.span())  # 拿到匹配到的内容下标：(0, 6)\nprint(res.group())  # 拿到匹配到的内容：python\n```\n\n\n\n如果 `python itheima`  的首字符小写，那么正则表达式需要小写的 `p`\n\n```python\nres = re.match(\"p\", \'python itheima\')\nprint(res.group())  # p\n```\n\n\n\n如果 `python itheima` 的首字符大写，那么正则表达式需要大写的 `P`\n\n```python\nres = re.match(\'P\', \'Python itheima\')\nprint(res.group())  # P\n```\n\n\n\n我们可以这么写，使开头既可以是小写 `p` ，也可以是大写 `P`\n\n```python\nimport re\n\nres = re.match(\"[pP]ython\", \"python itheima\")\nprint(res)\n# <_sre.SRE_Match object; span=(0, 6), match=\'python\'>\n```\n\n\n\n注意 `match` 只会查找开头的第一个 `p` ，不会匹配到后面的\n\n```python\nres = re.match(\"p\", \"python p\")\nprint(res.span())  # (0, 1)\n```\n\n\n\n## search\n\n匹配指定的字符串，从前往后匹配查找，找到第一个后就返回，不会再向后查找了\n\n```python\nres = re.search(\"python\", \"000 python 000\")\nprint(res)\n# <_sre.SRE_Match object; span=(4, 10), match=\'python\'>\n\nprint(res.span())  # (4, 10)\n```\n\n\n\n## findall\n\n匹配整个字符串，找出全部匹配项，找不到就返回空数组，找到了就返回以数组形式的所有配置项\n\n```python\nres = re.findall(\"p\", \"p python p\")\nprint(res)\n# [\'p\', \'p\', \'p\']\n```\n\n\n\n**小结**\n\n**match** 从头开始匹配，匹配第一个命中项\n\n**search** 全局匹配，匹配第一个命中项\n\n**findall** 全局匹配，匹配全部命中项\n\n\n\n## 单字符匹配\n\n| 字符 | 功能                                           |\n| ---- | ---------------------------------------------- |\n| .    | 匹配任意一个字符 (除了 `\\n` ，`\\.` 匹配点本身) |\n| []   | 匹配 `[]` 中列举的字符                         |\n| \\d   | 匹配数字，既 `0-9`                             |\n| \\D   | 匹配非数字                                     |\n| \\s   | 匹配空白、空格、Tab键                          |\n| \\S   | 匹配非空白                                     |\n| \\w   | 匹配单词字符，如：`a-z`、`A-Z`、`0-9`、`_`     |\n\n\n\n**匹配任意字符**\n\n注意：除了 `\\n` ，`\\.` 匹配点本身可以匹配任意字符\n\n```python\nprint(re.findall(r\"py\", \"py1\"))  # [\'py\']\n\nprint(re.findall(r\"py.\", \"py123\"))  # [\'py1\']\nprint(re.findall(r\"py..\", \"py123\"))  # [\'py12\']\nprint(re.findall(r\"py...\", \"py1二③\"))  # [\'py1二③\']\n```\n\n\n\n**匹配数字**\n\n```python\nprint(re.findall(\"\\d+\", \"qw12e34as5d\"))  # [\'12\', \'34\', \'5\']\n```\n\n\n\n**匹配非数字**\n\n匹配所有不是数字字符\n\n```python\nprint(re.findall(\"\\D+\", \"qw12e34as5d\"))  # [\'qw\', \'e\', \'as\', \'d\']\n```\n\n\n\n**匹配空白 空格 Tab键**\n\n```python\nprint(re.findall(\"\\s+\", \"1   3 dd qe        9\"))  # [\'   \', \' \', \' \', \'        \']\n```\n\n\n\n**匹配非空白**\n\n只要不是空白的都能匹配到\n\n```python\nprint(re.findall(\"\\w+\", \"1   3 dd qe      9\"))  # [\'1\', \'3\', \'dd\', \'qe\', \'9\']\n```\n\n\n\n**匹配单词字符**\n\n只匹配这些：`a-z`、`A-Z`、`0-9`、`_`，特殊字符和空白无法匹配到\n\n```python\nprint(re.findall(\"\\w+\", \"qwe123_ ..@  \"))  # [\'qwe123_\']\n```\n\n\n\n**匹配特殊字符**\n\n```python\nprint(re.findall(r\"\\W\", \"Itheima1 @@Python !!666 ##Itccast8\"))\n# [\' \', \'@\', \'@\', \' \', \'!\', \'!\', \' \', \'#\', \'#\']\n```\n\n\n\n**自定义匹配规则**\n\n```python\ns = \"Itheima1 @@Python !!666 ##Itccast8\"\n\n# 匹配s字符串中的所有小写\nprint(re.findall(r\"[a-z]\", s))\n# [\'t\', \'h\', \'e\', \'i\', \'m\', \'a\', \'y\', \'t\', \'h\', \'o\', \'n\', \'t\', \'c\', \'c\', \'a\', \'s\', \'t\']\n\n# 匹配所有大写\nprint(re.findall(r\"[A-Z]\", s))\n# [\'I\', \'P\', \'I\']\n\n# 匹配所有数字\nprint(re.findall(r\"[0-9]\", s))\n# [\'1\', \'6\', \'6\', \'6\', \'8\']\n\n# 匹配大于等于2小于等于6的数字\nprint(re.findall(r\"[2-6]\", s))\n\n# 多个匹配\nprint(re.findall(r\"[A-Z0-9]\", s))\n# [\'I\', \'1\', \'P\', \'6\', \'6\', \'6\', \'I\', \'8\']\n```\n\n\n\n## 数量匹配\n\n| 字符  | 功能                              |\n| ----- | --------------------------------- |\n| *     | 匹配前一个规则的字符出现0至无数次 |\n| +     | 匹配前一个规则的字符出现1至无数次 |\n| ？    | 匹配前一个规则出现0次或1次        |\n| {m}   | 匹配前一个规则的字符出现m次       |\n| {m,}  | 匹配前一个规则的字符出现最少m次   |\n| {m,n} | 匹配前一个规则的字符出现m到n次    |\n\n\n\n**匹配前一个规则的字符出现 0 次至无数次**\n\n中间可以允许没有空格，或者无数个空格\n\n```python\nprint(re.findall(r\"Hello\\s*World\", \"HelloWorld\"))  # [\'HelloWorld\']\nprint(re.findall(r\"Hello\\s*World\", \"Hello World\"))  # [\'Hello World\']\nprint(re.findall(r\"Hello\\s*World\", \"Hello      World\"))  # [\'Hello      World\']\n```\n\n\n\n**匹配前一个规则的字符出现 1 次至无数次**\n\n中间至少要有一个空格\n\n```python\nprint(re.findall(r\"Hello\\s+World\", \"HelloWorld\"))  # []\nprint(re.findall(r\"Hello\\s+World\", \"Hello World\"))  # [\'Hello World\']\nprint(re.findall(r\"Hello\\s+World\", \"Hello        World\"))  # [\'Hello        World\']\n```\n\n\n\n**要求指定的字符串必须出现 3 次**\n\n```python\nprint(re.findall(r\"a{3}\", \"aaa\")) # [\'aaa\']\nprint(re.findall(r\"a{3}\", \"aa\"))  # []\n```\n\n\n\n**要求指定的字符串至少要出现 3 次**\n\n```python\nprint(re.findall(r\"a{3,}\", \"aaa\"))  # [\'aaa\']\nprint(re.findall(r\"a{3,}\", \"aa\"))  # []\n```\n\n\n\n**要求指定的字符串最少出现 3 次，最多出现 5 次**\n\n```python\nprint(re.findall(r\"a{3,5}\", \"aaa\"))  # [\'aaa\']\nprint(re.findall(r\"a{3,5}\", \"aaaaa\"))  # [\'aaaaa\']\nprint(re.findall(r\"a{3,5}\", \"aa1aaa2aaaaa3\"))  # [\'aaa\', \'aaaaa\']\nprint(re.findall(r\"a{3,5}\", \"aa\"))  # []\n```\n\n\n\n## 边界匹配\n\n| 字符 | 功能               |\n| ---- | ------------------ |\n| ^    | 匹配字符串开头     |\n| $    | 匹配字符串结尾     |\n| \\b   | 匹配一个单词的边界 |\n| \\B   | 匹配非单词边界     |\n\n\n\n**匹配字符串的开头**\n\n```python\nprint(re.findall(r\"^a\", \"abc\"))  # [\'a\']\nprint(re.findall(r\"^a\", \"bac\"))  # []\n```\n\n\n\n**匹配字符串的结尾**\n\n```python\nprint(re.findall(r\"a$\", \"cba\"))  # [\'a\']\nprint(re.findall(r\"a$\", \"abc\"))  # []\n```\n\n\n\n**匹配字符串的开头与结尾**\n\n```python\nprint(re.findall(r\"^a$\", \"a\"))  # [\'a\']\nprint(re.findall(r\"^a$\", \"ab\"))  # []\nprint(re.findall(r\"^a..a$\", \"abca\"))  # [\'abca\']\n```\n\n\n\n## 分组匹配\n\n| 字符 | 功能                     |\n| ---- | ------------------------ |\n| \\|   | 匹配左右任意一个表达式   |\n| ()   | 将括号中字符作为一个分组 |\n\n\n\n**只匹配为 a 或 b 的字符串**\n\n```python\nprint(re.findall(r\"a|b\", \"a\"))  # [\'a\']\nprint(re.findall(r\"a|b\", \"b\"))  # [\'b\']\nprint(re.findall(r\"a|b\", \"c\"))  # []\n```\n\n\n\n**匹配所有 h1 标签里面的字符串**\n\n```python\nprint(re.findall(r\'<h1>(.*)<h1>\', \'<h1>Hello<h1>\'))  # [\'Hello\']\nprint(re.findall(r\'<h1>(.*)<h1>\', \'<h2>Hello<h2>\'))  # []\n```\n\n\n\n**匹配所有 h1 标签中为 Hello 的字符串**\n\n```python\nprint(re.findall(r\'<h1>(Hello)<h1>\', \'<h1>Hello<h1>\'))  # [\'Hello\']\nprint(re.findall(r\'<h1>(Python)<h1>\', \'<h1>Hello<h1>\'))  # []\n```\n\n\n\n## 综合案例\n\n**匹配账号：** 只能由字母、数字组成 并且 长度限制 `6-10` 位\n\n```python\nprint(re.findall(r\"^[a-zA-Z0-9]{6,10}$\", \"YuYang1024\"))\n# [\'YuYang1024\']\n```\n\n\n\n**匹配QQ号：** 要求纯数字 `5-11` 位数 并且 第一位不为 `0`\n\n```python\nprint(re.findall(r\"[1-9][0-9]{4,10}\", \"3311118881\"))\n# [\'3311118881\']\n```',NULL,651,0,'4','1680697860000'),(2048,'2023-04-15 大结局了，传智专修学院','传智学院所有活动全部取消、老师也被疯狂裁员，要么降薪调到中专要么自行离职、就连校长也被换了、学校 Logo 也换成了中专的、地图上再也没有了传智专修学院的痕迹','今天是2023年04月15日，从今天过后，传智专修学院将不复存在\n\n在去年传智播客旗下的传智专修学院因为行情办不下去了就把学校改成了传智互联网中等专业技术学校，跟我们传智学院在一个校区里面，左边中专，右边大学。一个学校两个 `LOGO`，真是罕见\n![微信图片_20230414230812.jpg](https://res.liuyuyang.net/usr/uploads/2023/04/3281038980.jpg)\n\n疫情 `3` 年经济本身就紧张，大家都还没缓过来，可传智又把学费提高了 `3` 万，`22` 级学费已经达到 `22` 万了，这个学费在整个江苏估计都是数一数二的贵。\n\n从而导致传智 `2022` 级招不到学生，直接宣布暂缓两年招生，其实说白了就是为了传智在山西大同新办的学校做准备的，现在这边要逐步改成传智中专了\n\n但是这几天让我没想到的是，我们 `2021` 级还没毕业，传智专修学院的 `Logo` 就已经被换了\n![微信图片_20230415120332.jpg](https://res.liuyuyang.net/usr/uploads/2023/04/2851883980.jpg)\n\n路灯的招牌也改成传智中专了\n![微信图片_20230415120319.jpg](https://res.liuyuyang.net/usr/uploads/2023/04/4182456480.jpg)\n\n这让我想起了传智董事长黎活明当年办学的宣传语：“**宁可学院倒，也绝不无人子弟！**”  现在想想传智真让人心寒的\n\n我们每个学生交 `18` 万的学费，传智晚上连路灯都舍不得开，到了晚上整个学校伸手不见五指，我从来没有见过像这样的学校。即使是不收学费的学校，也不至于晚上连灯都不舍得开吧，更何况我们交的这么多学费\n\n我不夸张的说来传智两年了，只见传智开过一次灯就是我们入学迎新那天开的\n![微信图片_20230415132823.jpg](https://res.liuyuyang.net/usr/uploads/2023/04/110833667.jpg)\n\n但不得不说传智专修学院确实辉煌过，上海市计算机能力大赛面向整个上海所有的 `985 / 211` 院校，传智的录取率是最高的，而且一二三等奖也不在其数。传智学院能跟 `985 / 211` 这些院校抗衡多多少少还是有点实力的\n![微信图片_20230415124203.jpg](https://res.liuyuyang.net/usr/uploads/2023/04/115512734.jpg)\n\n往年有些学生大二还没毕业就已经拿到了 `13K 15k` 的 `offer`。也有在校给别人公司兼职的，一天 `300` 块钱，还没毕业就买了车。\n\n实习工资破万的也是不在其数，那时候从传智出来技术上绝对不比那些 `985 / 211` 差。\n\n如今传智满脑子都是钱，以前我们学校是有很严格的入学考试，只要你不通过，你交了钱也不让你入学，那时候传智学院很在乎口碑，能留下来的都是一些大佬。\n\n反而现在 `2021` 级，入学考试直接取消了，只要你给钱就一定能入学，从而导致班里年龄小的有 `15` 岁的，年龄大的有 `23` 岁的，整整相差 `8` 岁，彻底不在乎口碑了\n\n但不得不承认传智的老师确实很负责，每个班分为主讲老师和助理老师，遇到不懂的知识点老师会想方设法的教你。\n老师的技术也没问题，只是学校的做法太让人心寒了\n\n现在传智学院所有活动全部取消、老师也被疯狂裁员，要么降薪调到传智中专要么自行离职、就连校长也被换了、学校 `Logo` 也换成了中专的、地图上再也没有了传智专修学院的痕迹。\n\n我想传智这么对我们，我也没有必要再写大学生活这个系列给传智学院打广告了。\n\n唉，就这样~\n\n![微信图片_20230415130956.jpg](https://res.liuyuyang.net/usr/uploads/2023/04/6819582.jpg)\n','https://res.liuyuyang.net/usr/uploads/2023/04/4182456480.jpg',1579,0,'101,129','1681535400000'),(2065,'前途未必光明坦荡，但一定充满渴望！','前途未必光明坦荡，但一定充满渴望！','# 前途未必光明坦荡，但一定充满渴望！\r\n\r\n![微信图片_20230409173006.jpg](https://res.liuyuyang.net/usr/uploads/2023/04/2690349609.jpg)\r\n![微信图片_20230409173009.jpg](https://res.liuyuyang.net/usr/uploads/2023/04/118126858.jpg)\r\n![微信图片_20230409173014.jpg](https://res.liuyuyang.net/usr/uploads/2023/04/3678049175.jpg)\r\n![微信图片_20230409173017.jpg](https://res.liuyuyang.net/usr/uploads/2023/04/1486159151.jpg)\r\n![微信图片_20230409173021.jpg](https://res.liuyuyang.net/usr/uploads/2023/04/2432061332.jpg)\r\n','https://res.liuyuyang.net/usr/uploads/2023/04/2690349609.jpg',545,0,'128','1681620840000'),(2069,'云上校园项目成功晋级','云上校园项目成功晋级，哈哈，1500块钱到手，进入决赛后还会再给1500，再接再厉，加油！','云上校园项目成功晋级，哈哈，1500块钱到手，进入决赛后还会再给1500，再接再厉，加油！\r\n\r\n![微信图片_20230428130400.jpg](https://res.liuyuyang.net/usr/uploads/2023/04/694400165.jpg)\r\n![微信图片_20230428130404.jpg](https://res.liuyuyang.net/usr/uploads/2023/04/3260788968.jpg)\r\n','https://res.liuyuyang.net/usr/uploads/2023/04/694400165.jpg',567,0,'118,116,120','1682658387000'),(2077,'云上校园项目介绍','云上校园 是一个现代化大学生综合服务平台。该项目的立意是为了打造一个完整的校园生态圈，使校园 触手可及！','![logo.png](https://res.liuyuyang.net/usr/uploads/2023/04/1047989359.png)\n\n# 项目介绍\n\n云上校园 是一个现代化大学生综合服务平台。该项目的立意是为了打造一个完整的校园生态圈，使校园 触手可及！\n\n# 项目背景\n\n随着社会的不断发展和进步，校园生活也越来越多元化，在校园中，学生们需要更多的便利和服务来满足他们的需求。因此，我们开发了一个校园小程序，为学生们提供更多的便利和服务。\n\n# 项目解决了哪些问题\n\n一、校园信息化服务中心：解决了学校可以直接将信息展示给学生，不必再通过微信 / QQ群进行群发传播\n\n二、校园AI机器人：解决了每个班级学生过多导致老师问题回答不及时的痛点，该功能可以通过AI机器人实现辅助教学\n\n三、校园兼职 / 校园跑腿：主要给在校大学生提供了一个额外的收入，使那些想要考研的学生可以将这些时间充分利用起来做一些更有意义的事情。而且还能给那些想要赚钱为家庭减轻生活压力的同学一个机会\n\n四、校园科技馆：主要为了给学校老师、学生提供更便利的服务，让重复性的事情变的更加高效，比如图片或手写字转换为文本\n\n五、校园维权中心：主要为了给学生提供一个诉讼平台，可以很方便的匿名向学校举报校园暴力或者校园建议等\n\n# 项目技术栈\n\n![3965207150.png](https://res.liuyuyang.net/usr/uploads/2023/04/3231307812.png)\n\n# 项目统计\n\n1. 84个API接口\n2. 29个前端小程序页面\n3. 8个中后台控制端页面\n4. 15个数据表\n\n![Snipaste_2023-04-28_13-33-31.jpg](https://res.liuyuyang.net/usr/uploads/2023/04/2701358949.jpg)\n\n这个项目包含支付功能，也算是一个从0到1开发的大项目了。\n\n项目总开发人数2人，5个月。其实真正开发时长算下来可能也就3个月那样，因为学业繁忙基本上都是利用课下碎片化的时间来开发的，所以开发比较慢\n\n# 项目演示\n\n<iframe src=\"https://player.bilibili.com/player.html?bvid=BV1ss4y1d7A5&page=1\" scrolling=\"no\" border=\"0\" frameborder=\"no\" framespacing=\"0\" allowfullscreen=\"true\"> </iframe>\n[/BiliVideo]\n\n<iframe src=\"https://player.bilibili.com/player.html?bvid=BV1ss4y1d7A5&page=1\" scrolling=\"no\" border=\"0\" frameborder=\"no\" framespacing=\"0\" allowfullscreen=\"true\"> </iframe>\n[/BiliVideo]\n','https://res.liuyuyang.net/usr/uploads/2023/04/3231307812.png',950,2,'118,120,116','1682659500000'),(2080,'越来越喜欢后端开发了','说真的我现在越来越喜欢后端这个领域了','说真的我现在越来越喜欢后端这个领域了\r\n\r\n![微信图片_20230428203919.png](https://res.liuyuyang.net/usr/uploads/2023/04/681224643.png)\r\n','https://res.liuyuyang.net/usr/uploads/2023/04/681224643.png',1002,2,'127,4,11','1682686403000'),(2081,'连云港花果山之旅','前几天我跟几个朋友约定好五一去旅游，带上我一共 4 个人 打算一起去江苏连云港花果山\n\n没想到的是 3 个人都放我鸽子，约定好的突然说不想去了，我也是服了。我很厌倦那些做事情没有决心的人，所以我做任何事情只要下定决心，不达目的誓不罢休。要么不做，要么就必须做好。','前几天我跟几个朋友约定好五一去旅游，带上我一共 4 个人 打算一起去江苏连云港花果山\r\n\r\n没想到的是 3 个人都放我鸽子，约定好的突然说不想去了，我也是服了。我很厌倦那些做事情没有决心的人，所以我做任何事情只要下定决心，不达目的誓不罢休。要么不做，要么就必须做好。\r\n\r\n然后我跟他们商量了一下，我包来回车费，最后就我们两个人去了。\r\n因为我怕路上堵车再加上人多所以就在五一前一天去。\r\n下午4点出发，打车直达连云港花果山景区。计划在附近住一晚，明天一早就上山⛰️\r\n\r\n ![https://res.liuyuyang.net/usr/uploads/2023/06/20230501164555.jpg](https://res.liuyuyang.net/usr/uploads/2023/06/20230501164555.jpg) \r\n\r\n没想到的是路上居然不怎么堵车，在晚上 18:56 时抵达花果山\r\n然后浅浅的拍个照吧，随手拍的，不怎么会拍照📸\r\n\r\n接下来打算去吃个饭顺便定个房间，当我看了酒店价格时让我震惊了，附近酒店价格比以往翻了 将近 **10** 倍，平时 **100** 的房间，五一直接涨到 **1000** 一晚，这个价格不是我们学生能承受的。\r\n\r\n过了一会我想再看看有没有便宜点的，结果发现网上的房间基本上都没了，现在处于有钱也住不了的情况，我们便挨个在附近找旅馆。\r\n ![https://res.liuyuyang.net/usr/uploads/2023/06/20230501164601.jpg](https://res.liuyuyang.net/usr/uploads/2023/06/20230501164601.jpg) \r\n\r\n不幸的是全部爆满，无奈之下只好去网吧将就一晚上了\r\n ![https://static.liuyuyang.net/liuyuyang.net/upload/20230501163743.jpg](https://res.liuyuyang.net/usr/uploads/2023/06/20230501163743.jpg) \r\n\r\n再后来我们在网吧花了 20 块钱包夜，将就一晚上。我看到网吧里也有不少旅客带着行李箱借宿在网吧里，但是网吧里也有一些本地人在打游戏，声音实在太吵了。\r\n这一晚断断续续的根本没办法睡觉，然后我们干脆不睡了，大概在7点左右吃了早饭就直接去景区爬山了。\r\n\r\n **7点50 进入景区正式开始爬山** \r\n ![https://res.liuyuyang.net/usr/uploads/2023/06/20230501163755.jpg](https://res.liuyuyang.net/usr/uploads/2023/06/20230501163755.jpg) \r\n\r\n **一个小时之后...** \r\n ![https://res.liuyuyang.net/usr/uploads/2023/06/20230501163805.jpg](https://res.liuyuyang.net/usr/uploads/2023/06/20230501163805.jpg) \r\n\r\n **四个小时之后：**\r\n成功登顶，江苏第一高峰（玉女峰）\r\n\r\n只要我下定决心做一件事，就不存在半途而废这一说，我会不达目的誓不罢休的前行，即使是一夜未眠，也不畏惧目标。要爬山就爬到顶峰，要做程序员就做最牛逼的程序员！\r\n ![https://res.liuyuyang.net/usr/uploads/2023/06/20230501163808.jpg](https://res.liuyuyang.net/usr/uploads/2023/06/20230501163808.jpg) \r\n\r\n接下来收收心，未来两天假期的安排 把 `Vue3` 再复习复习，小兔鲜儿项目再巩固巩固。好了，就这样！','https://res.liuyuyang.net/usr/uploads/2023/06/20230501163755.jpg',1028,1,'124,125,126','1682931840000'),(2083,'这五个月的努力没有白忙活','这五个月的努力没有白忙活\n\n上海市计算机能力大赛、创新项目大赛这两个比赛成功晋级，即将进入总决赛。再接再厉!\n\n周五我们会到上海进行项目答辩，希望通过这五个月的努力能够在简历上写这么一句话：“上海市计算机能力大赛一等奖”','这五个月的努力没有白忙活\n\n上海市计算机能力大赛、创新项目大赛这两个比赛成功晋级，即将进入总决赛。再接再厉!\n\n周五我们会到上海进行项目答辩，希望通过这五个月的努力能够在简历上写这么一句话：“上海市计算机能力大赛一等奖”\n',NULL,591,0,'116,120,123','1684214880000'),(2085,'出发上海，进行决赛答辩！','','今天是周五，早上九点半我们出发 前往上海海事大学进行项目决赛答辩，很激动也很憧憬大城市的高楼大厦。\r\n我们从宿迁 -> 淮安 -> 上海虹桥站 -> 最后又挤了一个半小时的地铁先到达了上海开放大学，此时已经16:52\r\n ![https://res.liuyuyang.net/usr/uploads/2023/06/24ec675e6c9192d2b3dac675bbadcfa.jpg](https://res.liuyuyang.net/usr/uploads/2023/06/24ec675e6c9192d2b3dac675bbadcfa.jpg) \r\n\r\n\r\n接着上开那边老师先给我们安排了晚饭，等我们吃完之后，老师让我们猜猜这份饭多少钱。我们都觉得在上海最多也就20左右，结果老师说45块钱。我被震惊了，这种饭在其他地方最多15块钱这样子，在上海一份饭居然都这么贵。\r\n\r\n吃完饭后上海开放大学教授对我们开了一个短会，随后带我们模拟了最后一次的项目答辩。\r\n ![https://res.liuyuyang.net/usr/uploads/2023/06/e9732c7662be4d635d51c958193b905.jpg](https://res.liuyuyang.net/usr/uploads/2023/06/e9732c7662be4d635d51c958193b905.jpg) \r\n\r\n在晚上睡觉时候由于明天就要比赛了，非常紧张，导致彻夜难眠。\r\n因为如果没有发挥好，这五个月的努力可能就白费了。这不仅对不起我们小组3个人的努力，更对不起同学、老师以及网友们对我的厚望，所以这一把我不能输。\r\n\r\n加油，希望明天能够超常发挥！\r\n\r\n ![https://res.liuyuyang.net/usr/uploads/2023/06/f1d8f9de9a3c3ba1fd30dc439d5bb7e1.jpg](https://res.liuyuyang.net/usr/uploads/2023/06/f1d8f9de9a3c3ba1fd30dc439d5bb7e1.jpg) ','https://res.liuyuyang.net/usr/uploads/2023/06/f1d8f9de9a3c3ba1fd30dc439d5bb7e1.jpg',899,1,'123,116','1684511700000'),(2086,'上海之行','进入到海事大学的那一刻，我不禁的感叹，一个一本大学就已经规模这么大了更何况是 985、211 呢。不夸张的说，这个学校的一个公园就比我们整个学校要大了，顿时有种自卑的心理。\n\n如果当时我能够好好学习，或许我也能在这样的大学追逐自己的梦想，就不用再为自己的学历而自卑了。可人生中哪有那么多如果呢','今天是周六，早上我提前了一个小时起床，对项目答辩流程重新过了几遍。\r\n\r\n在六点半我们集合赶往上海海事大学临港校区进行项目决赛答辩\r\n\r\n ![](https://res.liuyuyang.net/usr/uploads/2023/06/b706ddcea91bf34a043b1778a098113.jpg) \r\n当进入到海事大学的那一刻，我不禁的感叹，一个一本大学就已经规模这么大了更何况是 985、211 呢。不夸张的说，这个学校的一个公园就比我们整个学校要大了，顿时有种自卑的心理。\r\n\r\n如果当时我能够好好学习，或许我也能在这样的大学追逐自己的梦想，就不用再为自己的学历而自卑了。可人生中哪有那么多如果呢\r\n\r\n ![](https://res.liuyuyang.net/usr/uploads/2023/06/8b42e5b40b711c06e0cedf775994fe8.jpg) \r\n这是我们学校在比赛前的一个合照\r\n\r\n后来海事大学这边先安排我们进入到了等候室，能够进入到等候室的同学实力都不容小觑，就在我前面坐的那位正是上海双一流985 211院校的 同济大学，四面八方基本上全是双一流院校，顿时自卑的心理又浮上心头。\r\n\r\n答辩室中有五六个大学教授，每个组只有15分钟的时间。8分钟作为项目演示，剩下7分钟作为教授的点评时间。这次答辩教授一共问我了以下几个问题：\r\n1. 数据库使用的哪一个？\r\n2. 有没有用到多表查询？\r\n3. AI机器人是否使用了ChatGPT？\r\n4. 图片转文本技术是如何实现的？\r\n5. 项目中的图片是自己设计的还是？\r\n6. 用户提现后，钱会到哪里？\r\n7. 点赞收藏业务逻辑是怎么实现的？\r\n8. 数据是从哪里来？\r\n9. 项目是面向多个学校还是单个学校？\r\n\r\n自我感觉本次项目答辩还算顺利，中途没有卡壳，教授问的问题也都回答上了。\r\n\r\n在答辩结束后，这5个月的压力在这一瞬间就烟消云散了。\r\n ![](https://res.liuyuyang.net/usr/uploads/2023/06/9ea8a649f3364a5d24cb7543f871cb5.jpg) \r\n\r\n **这里我就对项目进行一个总结吧：** \r\n通过云上校园项目，我们学会了如何去解决问题和我们应该以怎样的心态去面对问题，这是我们本次开发过程中最大的收获。\r\n\r\n时间很紧，我们在下午1点半就准备返程了，这次返程我们从上海站出发，在途中路过了上海最繁华的地段，第一次见到这么壮观的高楼大厦，无比的震撼！\r\n\r\n接着看到了小时候语文课本中的东方明珠，只可惜当时被一个车挡到了，没能拍下来。\r\n等我找工作前，我一定要来上海东方明珠打卡\r\n\r\n上海之行，就先这样！','https://res.liuyuyang.net/usr/uploads/2023/06/8b42e5b40b711c06e0cedf775994fe8.jpg',773,0,'120,116,123','1684591680000'),(2087,'这次的对手很强','上海市最权威的计算机比赛，经过层层选拔，最后进入决赛的有430个组，对手几乎都是上海一流院校，甚至还有复旦大学的。\n\n这一把顺风也好，逆风也罢，我要竭尽全力给这五个月的努力画上一个圆满的句号。','上海市最权威的计算机比赛，经过层层选拔，最后进入决赛的有430个组，对手几乎都是上海一流院校，甚至还有复旦大学的。\r\n\r\n这一把顺风也好，逆风也罢，我要竭尽全力给这五个月的努力画上一个圆满的句号。\r\n\r\n ![](https://res.liuyuyang.net/usr/uploads/2023/06/20230521163416.jpg) ','https://res.liuyuyang.net/usr/uploads/2023/06/20230521163416.jpg',590,0,'116,120','1684420380000'),(2088,'薪资目标15K+ 一起见证吧！','最近看到网上出现了很多言论，比如：前端已死、IT行情彻底崩盘、甚至还有些培训机构直接把前端课程去除了，就连IT培训机构的老大黑马程序员都面临招生困难了，前几天还有一位被黑马裁员的讲师引起了众多程序员的关注，这也就意味着IT行情已经成为不可否认的事实了','最近看到网上出现了很多言论，比如：前端已死、IT行情彻底崩盘、甚至还有些培训机构直接把前端课程去除了，就连IT培训机构的老大黑马程序员都面临招生困难了，前几天还有一位被黑马裁员的讲师引起了众多程序员的关注，这也就意味着IT行情已经成为不可否认的事实了\r\n\r\n就在昨天我拿外卖时听到有个同学说找到了一个月2000的前端工作，我在想这2000块钱能干什么，每个月的生活费 + 房租不倒贴钱就已经不错了。现在干什么工作拿不了2000块钱，哪怕是进厂打工包吃住一个月都有五六千。\r\n\r\n看到网上这些言论我们班又有2位同学退学了，这一连串的事情让我对现在的IT行情感到非常焦虑。\r\n\r\n如果我是其他学校的，我可以接受两三千的薪资，但我的学校是传智专修学院，3年 20万 一天就接近 `300` 块钱的学费，让我毕业拿个两三千块钱我怎么可能甘心\r\n​\r\n还有最后​一年就要面临职场了，我再给自己施压点压力，目标15k。\r\n\r\n朋友圈的各位，​一起做个见证吧！\r\n\r\n![微信图片_20230708155133.jpg](https://res.liuyuyang.net/usr/uploads/2023/07/4211428117.jpg)\r\n','https://res.liuyuyang.net/usr/uploads/2023/07/4211428117.jpg',957,4,'113','1688802780000'),(2089,'曾经的一个爱好做到现在的理想','转眼已经在IT道路上摸爬滚打四年已久\n\n曾经的一个爱好做到现在的理想，一个理想坚持了下来，没有回报的努力着。也不知道这条路还能走多久、多远！','转眼已经在IT道路上摸爬滚打四年已久\r\n\r\n曾经的一个爱好做到现在的理想，一个理想坚持了下来，没有回报的努力着。也不知道这条路还能走多久、多远！\r\n\r\n ![](https://res.liuyuyang.net/usr/uploads/2023/06/20230521164336.jpg) ',NULL,719,0,'121,122','1684658640000'),(2090,'上海市计算机能力大赛三等奖','终于可以在简历中写上这么一句话了: “上海市计算机应用能力大赛三等奖”\n\n虽然对手都是那些双一流985/211院校的，但他们也是人，不试试怎么知道自己一定不如他们呢','终于可以在简历中写上这么一句话了: “上海市计算机应用能力大赛三等奖”\r\n\r\n虽然对手都是那些双一流985/211院校的，但他们也是人，不试试怎么知道自己一定不如他们呢\r\n\r\n这次比赛遗憾的是自己的一个失误导致与二等奖擦肩而过\r\n​\r\n​最后总结一下这五个月的努力: “通过云上校园项目，我学会了如何去面对问题以及解决问题，这是本次开发过程中最大的收获”\r\n\r\n ![Test](https://res.liuyuyang.net/usr/uploads/2023/06/Snipaste_2023-05-24_18-35-43.jpg) \r\n\r\n\r\n下面是 2023年(第十五届)上海市大学生计算机应用能力大赛获奖名单公示：\r\n\r\n [2023年(第十五届)上海市大学生计算机应用能力大赛获奖名单公示](https://res.liuyuyang.net/usr/uploads/2023/06/results.xlsx) ',NULL,989,0,'116,120','1684924860000'),(2091,'我的全栈开发之路','我在17年时候进入站长圈\n\n将自己的网站部署到服务器上，通过域名能够让身边朋友访问到，让我感到是一件非常有成就感的事情\n\n这也让我对网站开发领域产生了浓厚的兴趣\n\n慢慢的\n\n我开始思考网站是如何诞生的\n','我在17年时候进入站长圈\n\n将自己的网站部署到服务器上，通过域名能够让身边朋友访问到，让我感到是一件非常有成就感的事情\n\n这也让我对网站开发领域产生了浓厚的兴趣\n\n慢慢的\n\n我开始思考网站是如何诞生的\n\n在后来我接触到了HTML CSS，开始了我的编程旅途\n\n在完成第一个页面时心里充满了无比的成就感\n\n但我意识到写出来的网站没有后端，不是一个完整的网站\n\n因此我有了一个想法，希望有朝一日能够独立完成一个Web全栈项目\n\n正所谓：“不谋全局者，不足谋一域！”\n\n从此我踏上了Web全栈开发的旅途\n\n **下面是我在写的全栈项目部分演示：** \n\n# 前端\n所用到的技术栈：Vue3 + Vite + Ts + Pinia + Element Plus\n\nVue3 版本目前还在处于开发阶段，不过大家可以看看之前我用纯原生JS写的： [http://yuexing.liuyuyang.net/](http://yuexing.liuyuyang.net/) \n\n **记得点个Star：** \n Gitee： [https://gitee.com/liu_yu_yang666/yuexing](https://gitee.com/liu_yu_yang666/yuexing) \n GitHub： [https://github.com/LiuYuYang01/Yuexing-Blog](https://github.com/LiuYuYang01/Yuexing-Blog) \n\n下面是新版本预览图↓\n\n## 首页\n![Snipaste_2023-06-10_19-43-01.jpg](https://res.liuyuyang.net/usr/uploads/2023/06/1705766133.jpg)\n\n## 文章页\n![Snipaste_2023-06-10_19-43-44.jpg](https://res.liuyuyang.net/usr/uploads/2023/06/1630042878.jpg)\n\n## 个人主页\n![Snipaste_2023-06-10_19-43-17.jpg](https://res.liuyuyang.net/usr/uploads/2023/06/3268831128.jpg)\n\n## 数据统计\n![Snipaste_2023-06-10_19-44-09.jpg](https://res.liuyuyang.net/usr/uploads/2023/06/470476253.jpg)\n\n\n\n# 后端\n所用到的技术栈：Python Flask + MySQL + Vue2 + Element Ui + Vuex\n\n## 登录页\n![Snipaste_2023-06-10_19-46-33.jpg](https://res.liuyuyang.net/usr/uploads/2023/06/2864349454.jpg)\n\n## 首页\n![Snipaste_2023-06-10_19-46-40.jpg](https://res.liuyuyang.net/usr/uploads/2023/06/642506408.jpg)\n\n## 发布文章\n![Snipaste_2023-06-10_19-46-56.jpg](https://res.liuyuyang.net/usr/uploads/2023/06/3598878496.jpg)\n\n## 文章管理\n![Snipaste_2023-06-10_19-47-07.jpg](https://res.liuyuyang.net/usr/uploads/2023/06/1350689198.jpg)\n\n## 分类管理\n![Snipaste_2023-06-10_19-47-13.jpg](https://res.liuyuyang.net/usr/uploads/2023/06/949421091.jpg)\n\n## 友情链接管理\n![Snipaste_2023-06-10_19-47-17.jpg](https://res.liuyuyang.net/usr/uploads/2023/06/2228058658.jpg)\n\n## 标签管理\n![Snipaste_2023-06-10_19-47-23.jpg](https://res.liuyuyang.net/usr/uploads/2023/06/1364572024.jpg)\n\n## 轮播图管理\n![Snipaste_2023-06-10_19-47-28.jpg](https://res.liuyuyang.net/usr/uploads/2023/06/3512357456.jpg)\n\n## 资源库\n![Snipaste_2023-06-10_19-47-38.jpg](https://res.liuyuyang.net/usr/uploads/2023/06/2476262371.jpg)\n\n## 网站设置\n![Snipaste_2023-06-10_19-48-03.jpg](https://res.liuyuyang.net/usr/uploads/2023/06/267032716.jpg)\n\n## API文档\n![Snipaste_2023-06-11_12-47-39.jpg](https://res.liuyuyang.net/usr/uploads/2023/06/1076246018.jpg)\n\n\n# 最后\n该项目开发进度目前处于40%，等开发完成后会免费开源出去，到时候希望大家给个 `Star` 哦！\n\n最后非常感谢 [Cuteen](https://blog.zwying.com/) 主题的灵感参考\n','https://res.liuyuyang.net/usr/uploads/2023/06/1705766133.jpg',1371,5,'114','1686456120000'),(2111,'在传智的最后一年','就在今天教我们两年的前端讲师被传智裁员了，心里纵使有一万个舍不得，但也无可奈何。\n\n真的非常感谢李忠国老师的培养，在这两年中我从一个只会写 HTML CSS 的小白到现在已经具备独立项目开发的能力。','就在今天教我们两年的前端讲师被传智裁员了，心里纵使有一万个舍不得，但也无可奈何。\n\n真的非常感谢李忠国老师的培养，在这两年中我从一个只会写 HTML CSS 的小白到现在已经具备独立项目开发的能力。\n\n我还记得当初老师带我们的第一节课中说过一句让我印象深刻的话: “放心吧同学们，我一定能把大家教会的，绝不会放弃任何一个学生”。\n\n可惜的是因为时间问题到最后连合影的机会都没有。\n\n在接下来的最后一年里是由之前拉钩教育的高级讲师教我们，这个老师听说非常厉害，是老师中的老师\n\n最后一年我们主学 `React` 全家桶 跟 框架核心源码。最后的最后就要告别求学之路，迎接职场生涯了\n\n加油刘宇阳，未来的架构师！\n\n![IMG_20230713_175316.jpg](https://res.liuyuyang.net/usr/uploads/2023/07/2529043900.jpg)\n','https://res.liuyuyang.net/usr/uploads/2023/07/2529043900.jpg',675,0,'101,102','1689336600000'),(2114,'挑战从0到1开发一个完整的前后端博客项目','挑战从0到1开发一个完整的前后端博客项目','# 挑战从0到1开发一个完整的前后端博客项目\r\n\r\n![Snipaste_2023-07-26_19-50-58.jpg](https://res.liuyuyang.net/usr/uploads/2023/07/1986946761.jpg)\r\n\r\n![Snipaste_2023-07-26_19-43-29.jpg](https://res.liuyuyang.net/usr/uploads/2023/07/1958036587.jpg)\r\n\r\n![Snipaste_2023-07-26_17-34-12.jpg](https://res.liuyuyang.net/usr/uploads/2023/07/1941469734.jpg)','https://res.liuyuyang.net/usr/uploads/2023/07/1986946761.jpg',1203,16,'119,17','1690371840000'),(2119,'毁灭级事故：8个月的数据烟消云散','本以为无非就是换个域名，我直接就没有备份，让我没想到的是宝塔这边有个bug，我点击删除网站时并没有勾选数据库，没想到居然把数据库删了，并且当时我没有任何备份。这意味着这5年 接近400篇文章全部毁于一旦，相当于毁灭级的事故','就在昨天我的网站差点就要消失在大家的视野当中了\r\n\r\n因为我的博客域名是 `liuyuyang.net`，而我在简历上写的项目线上地址都是这个域名的二级。所以我就打算把域名换掉，不然面试官很可能会访问一级域名看到我还是个在校生，一下子就露馅了。\r\n\r\n本以为无非就是换个域名，我直接就没有备份，让我没想到的是宝塔这边有个bug，我点击删除网站时并没有勾选数据库，没想到居然把数据库删了，并且当时我没有任何备份。这意味着这5年 接近400篇文章全部毁于一旦，相当于毁灭级的事故。\r\n![PixPin_2024-04-24_14-19-43.png](https://res.liuyuyang.net/usr/uploads/2024/04/2029697334.png)\r\n\r\n\r\n后来我折腾了好久也无济于事，最后还花钱在淘宝找了技术人员也无法破镜重圆。\r\n![PixPin_2024-04-24_14-21-02.png](https://res.liuyuyang.net/usr/uploads/2024/04/2172768060.png)\r\n\r\n上一次这么大的事故还是在五年前。正当我绝望的时候，我在电脑上找到了2023年8月份的数据，只不过这期间8个月的数据相当于烟消云散了，唉～\r\n![PixPin_2024-04-24_14-22-24.png](https://res.liuyuyang.net/usr/uploads/2024/04/1454143247.png)\r\n\r\n\r\n友联信息也止步于去年的8月份，所以麻烦大家看看自己在不在友联当中，如果不在的话麻烦留言，我重新添加，麻烦大家了。\r\n\r\n经过这次事故我想提醒大家一定要养成多备份的好习惯。',NULL,2090,22,'84','1713939780000'),(2121,'下雨天，听音乐，写代码，氛围感拉满','下雨天，听音乐，写代码，氛围感拉满','下雨天，听音乐，写代码，氛围感拉满\r\n\r\n![微信图片_20240427132034.jpg](https://res.liuyuyang.net/usr/uploads/2024/04/225263384.jpg)\r\n','https://res.liuyuyang.net/usr/uploads/2023/07/2529043900.jpg',101,0,'103,104','1689254400000'),(2122,'你继续堕落下去的话，你的天赋就会被全部收走','你继续堕落下去的话，你的天赋就会被全部收走。你身边原本比你差的人，也会靠努力一个一个超越你，你继续差的话没有人会等你','你继续堕落下去的话，你的天赋就会被全部收走。你身边原本比你差的人，也会靠努力一个一个超越你，你继续差的话没有人会等你\r\n\r\n![微信图片_20240427132241.jpg](https://res.liuyuyang.net/usr/uploads/2024/04/313046536.jpg)','https://res.liuyuyang.net/usr/uploads/2024/04/313046536.jpg',333,1,'','1704374520000'),(2125,'大器晚成也好 永远到不了山顶也罢','大器晚成也好\n永远到不了山顶也罢\n但一定要快乐和真诚一点\n也许努力的结果会来的晚一些\n但只要往前走\n一直走\n总有一天会看到结果','大器晚成也好\r\n永远到不了山顶也罢\r\n但一定要快乐和真诚一点\r\n也许努力的结果会来的晚一些\r\n但只要往前走\r\n一直走\r\n总有一天会看到结果\r\n\r\n![微信图片_20240427132547.jpg](https://res.liuyuyang.net/usr/uploads/2024/04/1501149756.jpg)\r\n','https://res.liuyuyang.net/usr/uploads/2024/04/1501149756.jpg',201,0,'','1694787900000'),(2128,'害~ 今天，先这样','害~ 今天，先这样','害~ 今天，先这样\r\n\r\n![微信图片_20240427132817.jpg](https://res.liuyuyang.net/usr/uploads/2024/04/2265843942.jpg)\r\n![微信图片_20240427132821.jpg](https://res.liuyuyang.net/usr/uploads/2024/04/4043461752.jpg)\r\n',NULL,255,0,'','1702470420000'),(2132,'遇到问题总想放弃','遇到问题总想放弃 当解决之后又能继续学 两者之间不断拉扯','遇到问题总想放弃 当解决之后又能继续学 两者之间不断拉扯\r\n\r\n![微信图片_20240427133224.jpg](https://res.liuyuyang.net/usr/uploads/2024/04/770988734.jpg)\r\n','https://res.liuyuyang.net/usr/uploads/2024/04/770988734.jpg',203,0,'','1696861920000'),(2142,'跨越 1900 公里来到成都','跨越 1900 公里来到一个陌生的城市，这是我迄今为止走过最长的一段路','跨越 1900 公里来到一个陌生的城市，这是我迄今为止走过最长的一段路\r\n\r\n![微信图片_20240519192223.jpg](https://res.liuyuyang.net/usr/uploads/2024/05/2417173625.jpg)\r\n','https://res.liuyuyang.net/usr/uploads/2024/05/2417173625.jpg',2012,5,'3','1716117832000'),(2153,'终于可以给传智三年画上一个圆满的句号了','有一段时间没有更新动态了，主要是最近确实太忙了，发生了很多事情。这里就简单记录一下吧\n\n一切从5月8号开始，那天我拿到了一家无锡的 `offer`，`6.5k` 双休，本以为这将会是我职业生涯当中第一份工作，当时也没有具体了解就直接到了无锡，当晚就把房子定了下来，`950`押一付一。','有一段时间没有更新动态了，主要是最近确实太忙了，发生了很多事情。这里就简单记录一下吧\r\n\r\n一切从5月8号开始，那天我拿到了一家无锡的 `offer`，`6.5k` 双休，本以为这将会是我职业生涯当中第一份工作，当时也没有具体了解就直接到了无锡，当晚就把房子定了下来，`950`押一付一。\r\n\r\n隔天上班才发现这家公司是做赌博软件的，直接把我整无语了。当时我就打算跑路，但是租房合同都签了，房东告诉我一切按合同办事，只退押金，不退房租。顿时让我束手无策，继续干下去的话感觉早晚有一天要进去，但不干的话房租又不退。没办法，我当晚就借了 `2` 个 `Boos` 号，加上我的一共 `4` 个号，一口气投了 `400` 份简历。\r\n![1.png](https://res.liuyuyang.net/usr/uploads/2024/05/4016624051.png)\r\n\r\n\r\n投了大概 `3` 天左右，拿了一家成都 `7k` 的 `offer`，不过这家公司是做自研+外包的，且是单休，不过当时我不想那么多了，只要不是违法的，管他单休还是外包就是干，然后就跟领导谈好了 `18` 号之前入职。\r\n![2.jpg](https://res.liuyuyang.net/usr/uploads/2024/05/3521248811.jpg)\r\n\r\n当我在看机票时，突然又有一家成都的公司给我打电话，他们公司本来是不接受线上面试的且必须是科班出身，但面试官看到了我的简历后在商量之下决定对我特殊处理，于是就进行了线上面试。\r\n\r\n但这次面试结果并不理想，因为他们公司技术栈是 `React`，而我的技术栈是 `Vue`，虽然 `React` 我也会，但毕竟是这几天才学的，目前只会做项目，很多原理不太理解。所以就导致了一面不太理想，接着又开始了二面，二面是一位技术非常强的大佬，他对我的帮助很大。\r\n\r\n不过二面过后就没有消息了，我当时觉得这次面试已经到此为止了。第二天又又有一家苏州的公司联系到了我，约了晚上的面试，好在一面通过了，不过二面必须去公司面，于是我考虑了一番就打算到苏州试一下，就算不通过，我也可以到上海虹桥机场做飞机到成都，反正也顺路。\r\n\r\n二面真不简单，直接让你手写快速排序、二叉树、正则表达式，注意是手写，给你支笔和纸把这些代码写下来。\r\n习惯了编辑器的提示，遇到这种面试真是噩梦级，不过好在都除了二叉树其他都写出来了，面试也顺利通过，接着就是 `3` 天的试岗期。\r\n![3.jpg](https://res.liuyuyang.net/usr/uploads/2024/05/461371448.jpg)\r\n\r\n`3` 天过后，我通过了试岗期，不过我的一位同事并没有通过，我觉得大多数原因在我。\r\n因为那个同事主攻后端方向且是 `3` 年经验，而我是主攻前端方向，后端是业余爱好并且是实习生的角色。\r\n\r\n那位同事比我来的早一天，主管让我们写后端登录注册接口，当时我已经写完了且增加了额外的短信登录，但那位同事还在装环境，最后主管可能是觉得他性价比不高，`3` 年的后端不如我这业余后端水平强，于是就把他辞退了。\r\n其实互联网就是这样，能者上、庸者下，这就是现实。\r\n后来我也顺利进入到了试用期，给我定了薪资 `8k`，试用期80%，`6.5k`。\r\n\r\n下班后突然第二家成都那个面试没过的公司告诉我要跟我三面，做最后一次沟通。最后也如愿以偿通过了面试，因为这家公司待遇和福利非常好，所以我不想失去这次机会，薪资就要的很低，我看公司招聘要求是 `8-10k`，我就要了 `6.5k`，但是听 `HR` 说他们公司技术总监主动将我的薪资提到了 `7k` 并且他们公司的两个面试官很看好我，一直在不断的帮我争取机会。他们分别是一面和二面我的两位面试官，其中一位就在我的博客友联当中的全站置顶位置，大家可以去看看\r\n\r\n这是他的哔哩哔哩账号，大家也可以关注一波\r\n![PixPin_2024-05-26_21-22-59.png](https://res.liuyuyang.net/usr/uploads/2024/05/3481459650.png)\r\n传送门： [https://space.bilibili.com/10433048?spm_id_from=333.337.0.0](https://space.bilibili.com/10433048?spm_id_from=333.337.0.0) \r\n\r\n经过我仔细考虑之下，我选择了第二家成都公司，于是我就从苏州公司离职了\r\n![PixPin_2024-05-26_21-21-00.png](https://res.liuyuyang.net/usr/uploads/2024/05/1084217127.png)\r\n\r\n虽然苏州这家薪资给的更高，但我觉得成都这家更有发展，能够学到很多东西并且公司里有很多大佬，以及对我的未来职业发展有重大的帮助。\r\n\r\n后来我就买了机票，跨越 `1900` 公里来到了成都，这将会是我互联网职业生涯的开始，我能明白这一切的功劳都是那两位面试官帮我争取的，在此非常感谢。\r\n如果不是因为这两位面试官，估计这家公司已经是我的遥不可及了\r\n![PixPin_2024-05-26_21-41-06 (1).png](https://res.liuyuyang.net/usr/uploads/2024/05/2022000386.png)\r\n![微信图片_20240526214007.jpg](https://res.liuyuyang.net/usr/uploads/2024/05/664550513.jpg)\r\n\r\n\r\n大家不要小看 `7k` 这个薪资，`0` 工作经验公司还愿意给你 `7k` 这已经是当前阶段的天花板了，大家如果不相信可以去打听一下身边刚毕业的朋友实习超过 `5k` 的有几个。\r\n\r\n在 `3` 年前我的目标薪资是 `18k`，由于行情原因降到了 `15k`、`10k`，最后到现在的 `7k`，我尽力了，我不是输给了技术，而是输给了行情。这三年我对自己问心无愧\r\n![微信图片_20240526213610.jpg](https://res.liuyuyang.net/usr/uploads/2024/05/1522136333.jpg)\r\n','https://res.liuyuyang.net/usr/uploads/2024/05/3521248811.jpg',974,10,'','1716729000000'),(2164,'互联网公司入职半个月的感受','转眼间入职半个月了，谈一谈最近我工作的感受吧，这半个月压力还是挺大的，因为我的技术栈与公司完全不匹配','转眼间入职半个月了，谈一谈最近我工作的感受吧，这半个月压力还是挺大的，因为我的技术栈与公司完全不匹配\r\n\r\n比如说我最擅长的 `Vue` 框架，而公司却使用的是 `React` + `Nextjs`，CSS 也使用了我比较陌生的 `TailWindCSS`，就连网络请求也使用了 `Fetch` 而不是 `Axios`，相当于所有东西都要重学，而且还是现学现做需求。最关键的是公司使用的都是最新技术栈，比如 `Next14` 去年10月份才发布，现在都已经投入使用了。\r\n\r\n这门框架学习资料少之又少，`ChatGPT` 的回复也不太完善，且视频课程几乎没有，因此想学习它只能去阅读官方文档。可官方文档大家懂的都懂，真的不适合小白，明明很简单的东西非要说那么多专业词汇搞的难以理解。\r\n\r\n唉，总而言之慢慢来，关关难过关关过，加油！\r\n\r\n![微信图片_20240601225454.jpg](https://res.liuyuyang.net/usr/uploads/2024/06/1448958884.jpg)\r\n','https://res.liuyuyang.net/usr/uploads/2024/06/1448958884.jpg',1238,13,'3','1717253817000'),(2166,'IT行业就如同18点以后的太阳一样下山了...','今天在抖音看到了一位程序员的话：“去年还是 `15k` 的程序员，今年沦落到找 `4k` 的工作，莫名感到心酸”\n\n我看到这句话也是有很大的感触，好好的行业说不行就不行了。','![PixPin_2024-06-16_01-17-09.png](https://res.liuyuyang.net/usr/uploads/2024/06/3612879146.png)\r\n\r\n今天在抖音看到了一位程序员的话：“去年还是 `15k` 的程序员，今年沦落到找 `4k` 的工作，莫名感到心酸”\r\n\r\n我看到这句话也是有很大的感触，好好的行业说不行就不行了。\r\n\r\n其实最让人难以接受的是你身边的亲戚、朋友甚至家人对于计算机的认知都是那种随随便便月入过万的高薪职业，但他们并不知道计算机已经大不如从前了，如果你的薪资没有过万他们在内心就会觉得你这个人没有好好学，上课绝对没有好好听，这一点就很难解释。\r\n\r\n对于双非同学来讲毕业不包装情况下能找到一份6k的工作绝对不亚于当年月薪过万的那群人\r\n\r\n我也算是亲眼见证了这个行业从繁荣到没落的全过程，拿前端来说刚开始那会只要 HTML、CSS、JavaScript学完就能找到一份月入过万的工作。\r\n\r\n可现在学会了 TypeScript、Vue、React、Nextjs、Nodejs、微信小程序、Uniapp、Echarts 甚至 学会了 Spring Boot、微服务... 都举步维艰。\r\n\r\n学了一大堆框架，薪资反而越来越低，并且后端要会前端，前端要会后端，一个人干开发、运维、测试，最后还是月薪4k，且你不干有的是人干···\r\n\r\n现在想想年少时错误的选择，杀死的是未来的自己\r\n\r\n这个行业就如同18点以后的太阳一样下山了...',NULL,1299,12,'3','1718472845000'),(2167,'上海开放大学创新项目大赛','新的比赛，再接再厉！','新的比赛，再接再厉！\r\n\r\n ![Test](https://res.liuyuyang.net/usr/uploads/2023/09/1771017433.jpg) ','https://res.liuyuyang.net/usr/uploads/2023/09/1771017433.jpg',69,0,'116,117,118','1694270820000'),(2168,'如果你每天用别人学习的时间来打游戏，到了毕业你有什么底气跟面试官谈论薪资','如果你每天用别人学习的时间来打游戏，到了毕业你有什么底气跟面试官谈论薪资','如果你每天用别人学习的时间来打游戏，到了毕业你有什么底气跟面试官谈论薪资\r\n\r\n ![Test](https://res.liuyuyang.net/usr/uploads/2023/09/1288256427.jpg) ','https://res.liuyuyang.net/usr/uploads/2023/09/1288256427.jpg',81,0,'','1694357460000'),(2169,'记录此刻：21全栈烧烤团建','','![Test](https://res.liuyuyang.net/usr/uploads/2023/09/2528226785.jpg)\n![Test](https://res.liuyuyang.net/usr/uploads/2023/09/1826211262.jpg)\n','https://res.liuyuyang.net/usr/uploads/2023/09/2528226785.jpg',78,0,'111,112','1694703180000'),(2170,'新装备：腹灵MK870','这是我之前的键盘 RK987，花了270块钱用了大概1年半时间，这几天不明原因导致键盘在蓝牙模式使用时就 V 这个键失灵，在有线模式情况下 F6 8 I K , Alt 这一列6个键都失灵。','![Test](https://res.liuyuyang.net/usr/uploads/2023/09/273830728.jpg)\n这是我之前的键盘 RK987，花了270块钱用了大概1年半时间，这几天不明原因导致键盘在蓝牙模式使用时就 V 这个键失灵，在有线模式情况下 F6 8 I K , Alt 这一列6个键都失灵。\n\n本来我打算找客服安排维修一下，但客服跟我说如果修的话，费用是这个新键盘价格的3/2，还不如重新买个。\n\n然后我也就放弃了维修的念头\n\n后来我打开抖音，不知道是巧合还是什么，就很奇怪，仿佛抖音监视了我的输入法一样，知道我的键盘坏了然后就一直给我推送键盘视频。刚开始我没太在意，直到我看到了一条 腹灵MK870键盘 的视频时，我就被这个键盘外观深深的吸引。 这个键盘我选的是三模版本，450块钱 当我看到价格时就有点犹豫到底买不买，毕竟这个价钱对于一个学生来说并不是一个小的数目。\n不过经过我的一番思想斗争之后还是买了，所谓工欲善其事必先利其器，经常写代码的总要有个好的装备吧。 这是我目前入手最贵的一个键盘，哈哈！\n','https://res.liuyuyang.net/usr/uploads/2023/09/273830728.jpg',73,0,'110','1694876040000'),(2171,'承载梦想的字母身份：liuyuyang.net','今天收到了阿里云域名续费通知的邮件，我才意识到域名又到期了，我在感叹时间过得如此之快。 转眼间 `liuyuyang.net` 这个域名已经陪伴我三年已久，它见证了我从一个对 HTML、CSS、JS一无所知的小白，到现在已经具备全栈开发的能力 这让我不禁感叹起追梦的艰辛之路 未来，我会不断维护我的网站，也许会有10年、20年......',' ![Test](https://res.liuyuyang.net/usr/uploads/2023/09/1470643050.png) \r\n ![Test](https://res.liuyuyang.net/usr/uploads/2023/09/2934578083.png) \r\n \r\n今天收到了阿里云域名续费通知的邮件，我才意识到域名又到期了，我在感叹时间过得如此之快。 转眼间 `liuyuyang.net` 这个域名已经陪伴我三年已久，它见证了我从一个对 HTML、CSS、JS一无所知的小白，到现在已经具备全栈开发的能力 这让我不禁感叹起追梦的艰辛之路 未来，我会不断维护我的网站，也许会有10年、20年......',NULL,72,0,'','1695394620000'),(2173,'微信一响，我就知道又有新的BUG了','微信一响，我就知道又有新的BUG了\n事实上我非常乐意帮助同学解决 bug 的，这样不仅能提高自己解决问题的能力并且还能帮助他人。\n然而，我很反感那些低级的错误，比如说单词拼写错误导致的 bug，这种出了问题有时候控制台连错误提示都没有，解决起来就非常费时间。\n如果解决了，对自己也没有任何技术提升反而浪费了自己的时间。\n如果没解决，对方可能就会觉得自己能力不行。\n唉，没办法，谁让我是班级学习委员呢',' ![Test](https://res.liuyuyang.net/usr/uploads/2023/12/4288200008.jpg) \r\n微信一响，我就知道又有新的BUG了\r\n事实上我非常乐意帮助同学解决 bug 的，这样不仅能提高自己解决问题的能力并且还能帮助他人。 \r\n然而，我很反感那些低级的错误，比如说单词拼写错误导致的 bug，这种出了问题有时候控制台连错误提示都没有，解决起来就非常费时间。 \r\n如果解决了，对自己也没有任何技术提升反而浪费了自己的时间。 \r\n如果没解决，对方可能就会觉得自己能力不行。 \r\n唉，没办法，谁让我是班级学习委员呢\r\n\r\n ![Test](https://res.liuyuyang.net/usr/uploads/2023/12/3958599107.png) \r\n![Test](https://res.liuyuyang.net/usr/uploads/2023/12/2749603551.png) \r\n ![Test](https://res.liuyuyang.net/usr/uploads/2023/12/451373208.jpg) \r\n\r\n','https://res.liuyuyang.net/usr/uploads/2023/12/4288200008.jpg',84,0,'108,109','1701865320000'),(2174,'换来换去，还是轻薄本好用','换来换去，还是轻薄本好用','换来换去，还是轻薄本好用\r\n\r\n ![Test](https://res.liuyuyang.net/usr/uploads/2023/12/455240723.jpg) ',NULL,67,0,'95,96','1703346240000'),(2175,'搞不懂天天考一些增删改查有什么意思','像这种 XXX 管理系统也许对于其他学校来说是期末考试级别的，但对于我们学校来说只是个最简单的测试，每个月要考四五次。\n没有任何技术含量，关键是前后端一起写，非常费时间。有这时间我感觉不如学习新的技术或者深入学习一些技术栈。搞不懂学校怎么想的','像这种 XXX 管理系统也许对于其他学校来说是期末考试级别的，但对于我们学校来说只是个最简单的测试，每个月要考四五次。\n没有任何技术含量，关键是前后端一起写，非常费时间。有这时间我感觉不如学习新的技术或者深入学习一些技术栈。搞不懂学校怎么想的\n\n![Test](https://res.liuyuyang.net/usr/uploads/2023/12/110391624.png)\n![Test](https://res.liuyuyang.net/usr/uploads/2023/12/2367196531.png)\n![Test](https://res.liuyuyang.net/usr/uploads/2023/12/3836657307.png)\n![Test](https://res.liuyuyang.net/usr/uploads/2023/12/638851402.png)\n','https://res.liuyuyang.net/usr/uploads/2023/12/110391624.png',88,0,'107','1703601960000'),(2176,'1个页面 562行代码 2个小时 100块钱','昨天晚上经朋友介绍了一个写页面的单子，正好最近一直在搞微服务 Spring Cloud 压力很大，就当写个页面解解压吧。3 个页面 300 块钱，要求自适应布局。由于时间问题我写了一个，剩下 2 个，分给我同学做了。 最后在老板验收成果时候更改了很多地方 其他的倒还好，就是自适应布局改起来挺麻烦的，牵扯很多地方的样式。 总体来说还算顺利吧','昨天晚上经朋友介绍了一个写页面的单子，正好最近一直在搞微服务 Spring Cloud 压力很大，就当写个页面解解压吧。3 个页面 300 块钱，要求自适应布局。由于时间问题我写了一个，剩下 2 个，分给我同学做了。 最后在老板验收成果时候更改了很多地方 其他的倒还好，就是自适应布局改起来挺麻烦的，牵扯很多地方的样式。 总体来说还算顺利吧\r\n\r\n ![Test](https://res.liuyuyang.net/usr/uploads/2024/01/1000721903.png) \r\n  ![Test](https://res.liuyuyang.net/usr/uploads/2024/01/744630473.png) \r\n   ![Test](https://res.liuyuyang.net/usr/uploads/2024/01/887305576.png) \r\n    ![Test](https://res.liuyuyang.net/usr/uploads/2024/01/769492819.png) ','https://res.liuyuyang.net/usr/uploads/2024/01/744630473.png',108,0,'97','1705071060000'),(2177,'写代码是爱好，不是工作，也不是为了生活','写代码是爱好，不是工作，也不是为了生活，就是喜欢，即使代码不能给我带来任何收入','写代码是爱好，不是工作，也不是为了生活，就是喜欢，即使代码不能给我带来任何收入\r\n\r\n ![Test](https://res.liuyuyang.net/usr/uploads/2024/01/3244455018.jpg) ','https://res.liuyuyang.net/usr/uploads/2024/01/3244455018.jpg',108,0,'87','1705845180000'),(2178,'转眼间已经在IT这条道路上摸爬滚打5年之久','转眼间已经在IT这条道路上摸爬滚打5年之久，回想起这一路走来的艰辛真的不容易。 在5年前我还是一个连HTML都写不明白的人，到现在已经从0到1独立开发了一套完整的前后端全栈项目并部署上线',' ![Test](https://res.liuyuyang.net/usr/uploads/2024/02/2887721393.jpg) \r\n \r\n转眼间已经在IT这条道路上摸爬滚打5年之久，回想起这一路走来的艰辛真的不容易。 在5年前我还是一个连HTML都写不明白的人，到现在已经从0到1独立开发了一套完整的前后端全栈项目并部署上线。  [http://thrive.liuyuyang.net/](http://thrive.liuyuyang.net/) \r\n\r\n“梦想做一名技术顶尖的架构师” 为了这短短的几个字，我放弃了很多东西，一直在不断的努力，不断的学习。我相信只要我不放弃，终有一天 定能梦想成真！ 最后半年努努力，不留遗憾！\r\n\r\n ![Test](https://res.liuyuyang.net/usr/uploads/2024/02/1630367476.jpg) ',NULL,102,0,'90','1709222100000'),(2179,'因为热爱，所以执着','亲眼见证了这个行业从繁荣到没落的全过程，不知道未来怎么样，但还是选择了做一名软件开发工程师。因为热爱，所以执着','亲眼见证了这个行业从繁荣到没落的全过程，不知道未来怎么样，但还是选择了做一名软件开发工程师。因为热爱，所以执着\r\n\r\n ![Test](https://res.liuyuyang.net/usr/uploads/2024/03/185320588.png) ','https://res.liuyuyang.net/usr/uploads/2024/03/185320588.png',130,0,'87,88,89','1710860280000'),(2180,'近期的规划','计划可以简单，但制定后就必须实施且完成。只说不做不是我的风格','计划可以简单，但制定后就必须实施且完成。只说不做不是我的风格\r\n\r\n ![Test](https://res.liuyuyang.net/usr/uploads/2024/03/3519038626.jpg) ','https://res.liuyuyang.net/usr/uploads/2024/03/3519038626.jpg',117,0,'86','1711285200000'),(2181,'纠结要不要转行嵌入式开发','我在想要不要报名嵌入式，我现在最大的问题就是前端、Python、Java 都已经让我吃不消了，而嵌入式又是一个非常吃经验的专业，需要不断的学习、试错以及积累经验。如果我选择了嵌入式，那么我必须从前端、Python、Java中舍弃一些，不然就真的摘不下去广而不精的 title 了。虽然我对嵌入式也感兴趣，但更倾向的是软件开发方向。 唉~ 真的纠结要不要报名',' ![Test](https://res.liuyuyang.net/usr/uploads/2024/03/1047000660.png) \r\n \r\n最近我们学校根据去年20级前后端的就业情况做了一个分析，大多数同学的薪资为6k，相比19级一大把15k、20k来说简直就是天差地别。\r\n\r\n因为我们入学有个合同，月薪不达8000不收学费，按照现在的行情来说，8000确实很难。所以学校从黑马程序员北京总部调过来了一个嵌入式讲师，准备在我们学校再开设一个为期2个月的培训班。\r\n\r\n我们是第二批，之前那批学嵌入式的同学基本上都是前后端找不到工作的，培训了2个月就业率100%。 前后端学了3年还不如学嵌入式2个月，相比之下嵌入式最起码比现在的开发岗好找工作。\r\n但未来学的人只会越来越多，说不准嵌入式会成为第二个 Java ，毕竟物以稀为贵。 \r\n\r\n我在想要不要报名嵌入式，我现在最大的问题就是前端、Python、Java 都已经让我吃不消了，而嵌入式又是一个非常吃经验的专业，需要不断的学习、试错以及积累经验。如果我选择了嵌入式，那么我必须从前端、Python、Java中舍弃一些，不然就真的摘不下去广而不精的 title 了。虽然我对嵌入式也感兴趣，但更倾向的是软件开发方向。 唉~ 真的纠结要不要报名\r\n\r\n\r\n ![Test](https://res.liuyuyang.net/usr/uploads/2024/03/2869775923.png) \r\n  ![Test](https://res.liuyuyang.net/usr/uploads/2024/03/2523999388.png) ','https://res.liuyuyang.net/usr/uploads/2024/03/1047000660.png',109,0,'85','1711893780000'),(2182,'历时一年有余 打造一款现代化博客管理系统','Thrive 是一个简而不简单的现代化博客管理系统，专注于分享技术文章和知识，为技术爱好者和从业者提供一个分享、交流和学习的平台。用户可以在平台上发表自己的技术文章，或浏览其他用户分享的文章，并与他们进行讨论和互动。','# 🎉 Thrive 现代化博客管理系统\r\n\r\n🔥 **首先最重要的事情放第一**\r\n\r\n1. 开源不易，麻烦占用 `10` 秒钟的时间帮忙点个免费的 `Star`，再此万分感谢！\r\n2. 如果大家觉得这个项目还不错，碰巧你们公司缺人。不介意的话可以内推我😁，正好我也准备找工作了，我的邮箱：liuyuyang1024@yeah.net\r\n\r\n\r\n\r\n**下面开始进入主题↓↓↓**\r\n\r\n\r\n\r\n🌈 **项目介绍：** Thrive 是一个简而不简单的现代化博客管理系统，专注于分享技术文章和知识，为技术爱好者和从业者提供一个分享、交流和学习的平台。用户可以在平台上发表自己的技术文章，或浏览其他用户分享的文章，并与他们进行讨论和互动。\r\n\r\n\r\n\r\n🗂️ **项目预览：** [http://thrive.liuyuyang.net/](http://thrive.liuyuyang.net/)\r\n\r\n\r\n\r\n🛠️ **技术架构：**\r\n\r\n前端： Vue3、TypeScript、Pinia、Element-plus、Scss、Echarts、Vite\r\n\r\n后端：Python Flask、SQLAlchemy、MySQL\r\n\r\n后期会采用 `Spring Boot` 重构项目后端\r\n\r\n\r\n\r\n🪧 **优缺点：**\r\n\r\n优点：相比其他博客系统来说，这款系统采用前后端分离开发模式，如果你觉得默认的前端不好看，你完全可以不懂后端，只要你会调接口拿数据，你就可以通过现有的后端 `API` 自己写一个前端\r\n\r\n缺点：前后端分离开发模式必然都存在一个痛点，那就是 `SEO` 问题，针对这个问题在未来我会采用 `Nuxt3` 服务端渲染这门框架对前端进行重构。\r\n\r\n\r\n\r\n❤️ **项目初衷：**\r\n\r\n一直对网站开发领域很感兴趣，从小就希望有一个属于自己的网站，因此踏上了 `Web` 全栈开发的旅途，立志有朝一日也能开发一款属于自己的网站。如今历时1年有余，一个人从0到1独立完成前端、控制端、后端、数据库。也算是完成了从小的一个心愿吧\r\n\r\n\r\n\r\n🔥 **项目演示：**\r\n\r\n![image-20240408093322586](https://res.liuyuyang.net/usr/uploads/2024/04/2753555887.png)\r\n\r\n![image-20240408093347003](https://res.liuyuyang.net/usr/uploads/2024/04/3620445579.png)\r\n\r\n\r\n\r\n🏹 **未来计划：**\r\n\r\n![image-20240408103633402](https://res.liuyuyang.net/usr/uploads/2024/04/4004116805.png)\r\n\r\n\r\n\r\n🌈 **项目运行：**\r\n\r\n前端 or 控制端\r\n\r\n环境：Nodejs16、18\r\n\r\n```\r\nnpm i\r\nnpm run dev\r\n```\r\n\r\n\r\n\r\n后端\r\n\r\nPython3.9、10\r\n\r\n```python\r\n# 创建虚拟环境\r\nvirtualenv venv\r\n\r\n# 进入虚拟环境\r\nvenv/Scripts/activate\r\n\r\n# 在虚拟环境中安装对应的依赖\r\npip3 install -r requirements.txt\r\n\r\n# 在虚拟环境中运行项目，python app.py的相对路径\r\npython C:\\Thrive\\Thrive_API-2.0\\app.py\r\n```\r\n\r\n\r\n🏷️ **开源地址：**\r\n\r\n前端：[LiuYuYang01/Thrive_Blog (github.com)](https://github.com/LiuYuYang01/Thrive_Blog)\r\n\r\n控制端：[LiuYuYang01/Thrive_Admin (github.com)](https://github.com/LiuYuYang01/Thrive_Admin)\r\n\r\n后端：[LiuYuYang01/Thrive_Api_Py (github.com)](https://github.com/LiuYuYang01/Thrive_Api_Py)\r\n\r\n\r\n\r\n这个项目从前端到后端都是我从0到1敲出来的，所以刚开始一定会有很多隐藏的 `BUG`，希望大家能够及时在 `GitHub` 反馈，这样我也好加以改正，不断改善，成为最佳！当然如果大家能够提交 `PR` 那再好不过了\r\n',NULL,195,0,'3','1712585160000'),(2183,'记录在黑马程序员大学的一天','这就是我忙碌的一天，早八晚十 一年三百六十五天皆如此 我想告诉大家，我并不是为了写这篇文章而故意把自己整的这么忙，而这确确实实是我最真实的一天，虽然累，但做着自己喜欢的事情就很快乐。','# 给大家分享一下我忙碌的一天\r\n\r\n## 07:34 起床\r\n ![Test](https://res.liuyuyang.net/usr/uploads/2024/01/1793534881.jpg) \r\n \r\n早晨 07:34 起床洗头、洗脸、刷牙准备上课\r\n ![Test](https://res.liuyuyang.net/usr/uploads/2024/01/1056635025.jpg) \r\n\r\n07:53 洗漱完毕，准备赶往教学楼\r\n ![Test](https://res.liuyuyang.net/usr/uploads/2024/01/2437500715.jpg) \r\n \r\n大家有没有觉得我们学校的建筑风格跟清华大学有些相似之处？没错，我们学校就是清华大学建筑院设计的\r\n ![Test](https://res.liuyuyang.net/usr/uploads/2024/01/3829547125.jpg) \r\n \r\n永远是第一个到班里的\r\n![Test](https://res.liuyuyang.net/usr/uploads/2024/01/1372079644.jpg) \r\n\r\n老规矩，进班先交手机，开启美好的一天\r\n![Test](https://res.liuyuyang.net/usr/uploads/2024/01/3891707466.jpg) \r\n \r\n7:58 班长拍照点名\r\n ![Test](https://res.liuyuyang.net/usr/uploads/2024/01/5377087.jpg) \r\n ![Test](https://res.liuyuyang.net/usr/uploads/2024/01/3620331120.png) \r\n\r\n## 8:00 准备上课\r\n![Test](https://res.liuyuyang.net/usr/uploads/2024/01/1909601610.png) \r\n\r\n8:04 元气满满~ \r\n![Test](https://res.liuyuyang.net/usr/uploads/2024/01/3075221514.png) \r\n\r\n## 9:50 大课间\r\n大课间休息20分钟，这个点我一般会出来透透气\r\n![Test](https://res.liuyuyang.net/usr/uploads/2024/01/3600150091.jpg) \r\n\r\n他们还在班里卷\r\n![Test](https://res.liuyuyang.net/usr/uploads/2024/01/730614229.jpg) \r\n \r\n## 11:50 午饭\r\n上午就先到这 拿外卖 准备吃饭\r\n![Test](https://res.liuyuyang.net/usr/uploads/2024/01/3512223934.jpg) \r\n![Test](https://res.liuyuyang.net/usr/uploads/2024/01/2387590988.jpg) \r\n\r\n## 12:30 午休\r\n我们午休时间是11:50到2:30，中间有2个小时左右的时间，如果上午的课程压力不大的话，我一般会选择午休一小时\r\n ![Test](https://res.liuyuyang.net/usr/uploads/2024/01/3817602546.jpg) \r\n\r\n## 14:22 准备赶往教室上课，接着卷\r\n ![Test](https://res.liuyuyang.net/usr/uploads/2024/01/1432786453.jpg) \r\n ![Test](https://res.liuyuyang.net/usr/uploads/2024/01/1626997995.jpg) \r\n\r\n## 18:20 晚饭时间\r\n因为后天就放寒假了，老师在给我们布置寒假作业，要求我们从0到1独立完成一款前后端全栈项目，作为毕业设计\r\n ![Test](https://res.liuyuyang.net/usr/uploads/2024/01/3874353010.png) \r\n\r\n18:20 ~ 19:50 是下课时间，这个时间点，我会充分利用起来，比如总结上午讲过的知识点，或者继续完善我的博客项目 \r\n ![Test](https://res.liuyuyang.net/usr/uploads/2024/01/2518769982.jpg) \r\n ![Test](https://res.liuyuyang.net/usr/uploads/2024/01/262971866.jpg) \r\n\r\n哈哈，每次都是我第一个来，最后一个走\r\n ![Test](https://res.liuyuyang.net/usr/uploads/2024/01/945784592.png) \r\n\r\n老师在群里发布晚自习的作业了 \r\n ![Test](https://res.liuyuyang.net/usr/uploads/2024/01/361490103.jpg) \r\n\r\n## 9:30 晚自习下课\r\n通常这时候我会点个外卖，什么时候走取决于外卖什么时候到。\r\n ![Test](https://res.liuyuyang.net/usr/uploads/2024/01/500386663.jpg) \r\n \r\n这段时间内如果没有什么事情的话，我一般会在博客的友邻里面转转，看看大家有没有新的动态\r\n ![Test](https://res.liuyuyang.net/usr/uploads/2024/01/1927281185.png) \r\n \r\n好了外卖到了, 准备拿外卖，电脑工作一天也该休息了\r\n ![Test](https://res.liuyuyang.net/usr/uploads/2024/01/1261881228.jpg) \r\n\r\n此时班里还有2位同学在卷\r\n ![Test](https://res.liuyuyang.net/usr/uploads/2024/01/3939402467.jpg) \r\n \r\n最后总结一下今天的产出\r\n ![Test](https://res.liuyuyang.net/usr/uploads/2024/01/3979141640.png) \r\n \r\n这就是我忙碌的一天，早八晚十 一年三百六十五天皆如此 我想告诉大家，我并不是为了写这篇文章而故意把自己整的这么忙，而这确确实实是我最真实的一天，虽然累，但做着自己喜欢的事情就很快乐。','https://res.liuyuyang.net/usr/uploads/2024/01/3829547125.jpg',215,0,'91,92','1706280960000'),(2184,'2023 年终总结','时间真快，转眼又是年末。是时候给2023做个年终总结了，为这一年的学习、生活以及成长画上一个圆满的句号。\n\n这一年相比去年经历了很多事情，接下来我会一一说起\n全文大概4000字，可能会占用你15分钟左右的时间','# 起笔\n时间真快，转眼又是年末。是时候给 `2023` 做个年终总结了，为这一年的学习、生活以及成长画上一个圆满的句号\n\n这一年相比去年经历了很多事情，接下来我会一一说起\n全文大概 `4000` 字，可能会占用你 `15` 分钟左右的时间\n\n# 经历\n先来给大家分享我这一年的经历\n\n## 报名上海市计算机比赛\n **时间：** 2022年12月7日\n\n在年初由我带队与班里 `2` 名同学一起参与了上海市教育局举办的第十五届计算机应用能力大赛。\n\n项目名为: **“云上校园 - 校园触手可及”** \n\n[比赛介绍：关于举办2023年（第十五届）上海市大学生计算机应用能力大赛](https://mp.weixin.qq.com/s?__biz=MzUzMTcyNTA5MA==&mid=2247492943&idx=1&sn=2e9cd7eac4a283e0d0f1e38fc9cc3dc1&chksm=fabc8b02cdcb0214bc810109a8efe09c581ce1029c865a125be1331f4a0f8748ca239a3740c5&scene=27) \n\n![微信图片_20231216181723.jpg](https://res.liuyuyang.net/usr/uploads/2023/12/1648534294.jpg)\n\n\n## 新手机小米13\n **时间：** 2023年2月10日\n \n小米13是我目前使用过体验最好的一部手机，尤其是外观方面我个人认为是小米的封神之作\n![832535523.jpg](https://res.liuyuyang.net/usr/uploads/2023/12/1715612259.jpg)\n![4091064167.jpg](https://res.liuyuyang.net/usr/uploads/2023/12/4213415355.jpg)\n\n\n## 打卡连云港花果山\n **时间：** 2023年5月1日\n \n原文：[连云港花果山之旅](https://res.liuyuyang.net/index.php/archives/2081/) \n![4158388566.jpg](https://res.liuyuyang.net/usr/uploads/2023/12/2505194423.jpg)\n\n## 上海东方明珠\n **时间：** 2023年5月20日\n\n经过 `5` 个月的努力后，我们的项目成功晋级，准备前往上海进行总决赛\n\n**项目统计：** 84个接口、29个小程序页面、8个控制端页面、15张数据表，用时5个月\n [项目介绍：云上校园 - 校园触手可及](https://res.liuyuyang.net/index.php/archives/2077/) \n\n![2373206831.jpg](https://res.liuyuyang.net/usr/uploads/2023/12/542360903.jpg)\n\n在列表中参赛的队伍大多是名牌大学，简直是神仙打架，给我带来史无前例的压力\n\n2023年5月20号出发上海进行项目决赛答辩\n ![https://res.liuyuyang.net/usr/uploads/2023/06/8b42e5b40b711c06e0cedf775994fe8.jpg](https://res.liuyuyang.net/usr/uploads/2023/06/8b42e5b40b711c06e0cedf775994fe8.jpg) \n \n 原文：[出发上海，进行项目决赛答辩](https://res.liuyuyang.net/index.php/archives/2085/) \n \n 原文：[上海之行](https://res.liuyuyang.net/index.php/archives/2086/) \n\n答辩结束后，在返回学校的途中，我看到了小学语文课本中的上海东方明珠。我望着中国第一城市的高楼大厦，不禁感叹万分。\n![812612496 (1).jpg](https://res.liuyuyang.net/usr/uploads/2023/12/630522038.jpg)\n\n当时距离东方明珠有很长的距离，这是放大数倍拍下的，并且在车里，拍的不是很好\n\n## 上海计算机大赛三等奖\n **时间：** 2023年5月23日\n \n通过5个月的努力换来了简历上的一句话：“第十五届上海市计算机应用能力大赛三等奖”\n![1522127504.jpg](https://res.liuyuyang.net/usr/uploads/2023/12/3706704035.jpg)\n\n通过这次比赛，我学会了如何去解决问题以及以怎样的心态去面对问题，这是本次比赛中最大的收获。\n\n遗憾的是我的失误导致与二等奖无缘，我们的项目是小程序移动端项目，而我误将赛道报名为了 `Web` 端，从而导致丢失了优势只拿了三等奖。  \n\n## 陪伴了两年的老师被裁员\n **时间：** 2023年7月15日\n\n`2023` 年我看到了网上很多说 `IT` 行情崩盘的舆论：毕业即失业，投几千份简历已读不回，找不到工作的不在其数。起初我是不相信这些舆论的。\n\n直到有一天我们老师突然说：**“前端已经不行了，大家最好都跟家里人说一声，如果有更好的出路就不要再学习前端了”。**\n\n能从老师口中听到这些话，对我们来说是无比绝望的\n\n后来我带着答案的在网上查阅前端真实行情，让我没想到的是今年不少培训机构取消了前端学科，包括 `IT` 培训界的巨头黑马程序员也将很多校区的前端课程取消了。\n\n之后，各各培训机构又开始了疯狂裁员。\n\n当时黑马程序员济南校区某个前端知名讲师被裁的消息火遍了整个程序员圈\n![3818422770.jpg](https://res.liuyuyang.net/usr/uploads/2023/12/1328012182.jpg)\n\n我大概看了看他的课程，讲的还是蛮不错的，我认为因为技术被裁的可能性不大，只能说这个行业真的不行了\n![574415491.jpg](https://res.liuyuyang.net/usr/uploads/2023/12/808299295.jpg)\n\n据可靠消息透露黑马程序员所有校区有 `150` 位前端讲师，裁员 `80%` 仅剩 `30` 位了，这个数据太可怕了，一次性裁员 `80%` !\n\n当然我们学校也不幸免，前端讲师一个不留。其中也包括教了我们两年前端的老师。他的人品非常好，在学习中遇到 `BUG` 很耐心的给我们解答，讲课也通俗易懂。这两年的时间把我从一个只会写 `HTML CSS` 的小白到现在已经具备独立项目开发的能力。\n\n我还记得当初他带我们的第一节课中说过一句让我印象深刻的话: **“放心吧同学们，我一定能把大家教会的，绝不会放弃任何一个学生”。**\n\n可惜的是没有带我们到毕业那天，唉。这是我 `2023` 第一个意难平\n![离职.jpg](https://res.liuyuyang.net/usr/uploads/2023/10/1105330218.jpg)\n\n这是他的B站UID：`525704703`，大家可以关注一下\n![2567235073.jpg](https://res.liuyuyang.net/usr/uploads/2023/12/2103742320.jpg)\n\n\n## 一场斯里兰卡的面试\n **时间：** 2023年7月28日\n\n经朋友给我介绍了一份在斯里兰卡那边的前端开发岗位工作。面试过程总体还算顺利，除了比较模糊的性能优化回答的不是很好，其他的都没问题。\n\n![offer.jpg](https://res.liuyuyang.net/usr/uploads/2023/10/528928004.jpg)\n\n面试官也是给到了 `18k` 这个薪资。我个人认为那边应该不是骗人的，毕竟在视频面试的时候他的确是在国外。而且可以自行前去直达斯里兰卡，不需要跟着他们的行程这也就防止了转机缅北的可能。\n\n后来身边很多朋友对我进行了劝说，最后经过我的深思熟虑，我决定放弃了这次机会。\n\n## 前端转后端\n **时间：** 2023年8月23日\n\n我们最后一年的安排本应该是学习 `React` 技术栈，但因为行情问题导致学校将前端课程取消，安排我们最后一年学习 `Java` 后端开发。 \n\n![微信图片_20231029175858.jpg](https://res.liuyuyang.net/usr/uploads/2023/10/3938454948.jpg)\n\n![微信图片_20231216182506.png](https://res.liuyuyang.net/usr/uploads/2023/12/1466470001.png)\n\n\n学习 `Java` 我倒没什么问题，因为我认为 `Java` 全栈才算真正意义上的全栈。而成为一名优秀的全栈开发工程师一直是我毕生的梦想。\n\n\n## 最好的朋友退学\n **时间：** 2023年8月25日\n\n因为我们从前端转后端，跨度太大，所以就导致一些喜欢前端同学接受不了，无奈之下只能选择退学。\n\n其中就包括了我在传智最好的朋友，我们经常一起钻研、探讨技术相关问题。\n\n可惜没能走到最后，这是我 `2023` 的第二个意难平\n![3713502733.jpg](https://res.liuyuyang.net/usr/uploads/2023/12/3091852058.jpg)\n\n如今他已经在苏州找到了一份实习 `8K` 的前端开发工作并已转正，非常 `Nice` ！\n\n## 学会骑车（9月）\n **时间：** 2023年9月3日\n\n在很早时候 学骑车被摔过一次就再也没有骑过车了。今年考虑到马上面临职场生涯 到时候不会骑车上下班比较麻烦，所以我就下定决心学骑车。\n\n起初，我还以为要学习几天，结果不到 `1` 个小时就学会了。后来我就开始尝试了单手操作等花里胡哨的技巧，结果翻车了。磕的双腿双手还有脖子浑身上下七个地方有伤口。甚至左手当时肌肉拉伤半个月都弯不了。一口吃成大胖子的教训真是领教了\n![微信图片_20231213185050.jpg](https://res.liuyuyang.net/usr/uploads/2023/12/2090400044.jpg)\n\n\n## 创新项目大赛\n **时间：** 2023年9月9日\n 接着又参与了上海开放大学举办的创新项目大赛\n![https://res.liuyuyang.net/usr/uploads/2023/09/1771017433.jpg](https://res.liuyuyang.net/usr/uploads/2023/09/1771017433.jpg) \n\n\n## 奖学金\n **时间：** 2023年9月13日\n\n![微信图片_20231029171301.jpg](https://res.liuyuyang.net/usr/uploads/2023/10/954557474.jpg)\n![微信图片_20231029171304.jpg](https://res.liuyuyang.net/usr/uploads/2023/10/827383767.jpg)\n\n\n## 烧烤团建活动\n **时间：** 2023年9月14日\n\n![3200520400.jpg](https://res.liuyuyang.net/usr/uploads/2023/12/3551696263.jpg)\n![647811414.jpg](https://res.liuyuyang.net/usr/uploads/2023/12/4292391882.jpg)\n\n\n## 打卡徐州欧乐堡海底世界\n**时间：** 2023年9月30日\n\n 原文：[徐州欧乐堡海底世界](https://res.liuyuyang.net/index.php/archives/2168/) \n\n## 打卡五岳独尊泰山\n**时间：** 2023年10月5日\n\n 原文：[青春没有售价，泰山就在脚下](https://res.liuyuyang.net/index.php/archives/2169/) \n![345536275.jpg](https://res.liuyuyang.net/usr/uploads/2023/12/1094133631.jpg)\n\n## 国服牛魔王\n**时间：** 2023年12月11日\n\n也算是拿了个小国标，o(*￣︶￣*)o，不过要退游一段时间了\n![4104272381.jpg](https://res.liuyuyang.net/usr/uploads/2023/12/3696727189.jpg)\n\n## 新电脑\n**时间：** 2023年12月17日\n这是我之前的电脑：联想拯救者 `R9000K`，当时 `9400` 元入手的，在咸鱼这台电脑同等配置情况下能卖 `5000` 左右，由于急用钱就将电脑就直接一口价 `4500` 卖给同学了，省得一些不必要的风险。\n\n换这台电脑的主要理由是内存不够，起初我不知道要学 `Java`，所以选择的 `16G`。现在情况是 前端 + 中后台两个项目一起开，再加上 `Java` 微服务项目 瞬间内存爆满，这还是没有开虚拟机的情况下。而且这台电脑买了 `2` 年左右，打游戏的次数屈指可数，有些过于浪费显卡了。所以我想把这台电脑卖掉，换一台轻薄本\n![微信图片_20231221191213.jpg](https://res.liuyuyang.net/usr/uploads/2023/12/3130578522.jpg)\n\n最后我入手了12月15号刚发布的 **华硕灵耀14 2024** 这款电脑，选择这款电脑的理由：轻薄、简约、屏幕\n![PixPin_2023-12-21_19-07-54.png](https://res.liuyuyang.net/usr/uploads/2023/12/2917048692.png)\n\n## 冬至包饺子\n**时间：** 2023年12月21日\n\n![微信图片_20231221193025.jpg](https://res.liuyuyang.net/usr/uploads/2023/12/1717402826.jpg)\n\n\n# 总结\n\n## 体重\n只要是昔日的朋友见到我，基本上第一句话就是说我胖了。哈哈，不过确实，今年胖了30斤，不知道为什么，明明跟往年吃的一模一样啊。搞不懂\n![3466594446.jpg](https://res.liuyuyang.net/usr/uploads/2023/12/3270480026.jpg)\n\n## 意难平\n2023所有的意难平：\n1. 最喜欢的老师被裁\n2. 最好的朋友退学\n\n## GitHub\n **GitHub** 提交次数 `1074` 次\n\n![Snipaste_2023-11-04_20-18-37.jpg](https://res.liuyuyang.net/usr/uploads/2023/11/2022667734.jpg)\n\n## 2023所 Get 到的知识点\n1. TypeScript\n2. Vue3\n3. Vue3 小兔鲜电商项目\n4. Vue3 优医问诊项目\n5. Python Flask\n6. Flask 黑马头条项目\n7. Java\n8. MySQL\n9. Mybatis\n10. Spring\n11. Spring Boot\n12. Spring MVC\n13. Mybatis\n14. Mybatis Plus\n15. Spring Cloud\n16. Nuxt3\n\n# 目标\n对于 `2024` 年的目标就这一个：找到一份满意的工作',NULL,99,0,'106,105','1704640980000'),(2185,'好久不见，我回来了！','转眼间我已经在互联网公司实习将近5个月的时间了，时间总是过的这么快~\n\n博客从6月份以来就没有再更新过了，接下来我给大家分享一下我消失的这4个月时间做了哪些事。','转眼间我已经在互联网公司实习将近5个月的时间了，时间总是过的这么快~\n\n博客从6月份以来就没有再更新过了，接下来我给大家分享一下我消失的这4个月时间做了哪些事。\n\n# 消失的四个月\n\n首先学习了 `TailwindCSS`、`Nextjs`、`Electron`、`Uniapp` 这四门技术栈，接着又全方位重学了 `Spring Boot`。后来想着新学了这么多技术栈，缺少实际项目经验。于是我就打算把我之前写过的这个博客系统项目：[Thrive](https://github.com/LiuYuYang01/Thrive_Blog) 全部重构\n\n这款项目前端和中台都是：`Vue3` + `TypeScript`，后端是：`Python Flask` 框架。\n\n刚好这个项目前端不支持 `SEO`，所以这次我就采用刚学的 `Nextjs` 服务端渲染解决这个痛点。\n\n至于后端直接无脑采用目前最强的 `Spring Boot` 框架\n\n我是一个执行力非常强的人，只要我下定决心做一件事时候，我会不惜一切代价的完成。\n最后经过3个月的日日夜夜努力终于重构完毕了。\n![记录.png](https://res.liuyuyang.net/usr/uploads/2024/10/2481077675.png)\n\n下面给大家看一下项目新增了哪些核心功能\n\n# 项目更新介绍\n\n## 前端\n\n**足迹页面：** 记录在这个世界上留下的旅行足迹\n![足迹.png](https://res.liuyuyang.net/usr/uploads/2024/10/3128661408.png)\n![足迹2.png](https://res.liuyuyang.net/usr/uploads/2024/10/1584452956.png)\n\n**留言墙页面：** 吸取建议，不断改善\n![留言墙.png](https://res.liuyuyang.net/usr/uploads/2024/10/2072204072.png)\n\n其他的功能大家就自行探索吧，就不一一介绍了，项目线上地址： [https://res.liuyuyang.net/](https://res.liuyuyang.net/)\n\n## 控制端\n\n**订阅中心：** 当友联中的网站发布了新的内容就会被自动同步到后台订阅中心，方便我们时刻关注友联网站的动态\n![订阅中心.png](https://res.liuyuyang.net/usr/uploads/2024/10/607924387.png)\n\n**工作台：** 当游客申请了新的评论、留言、友联都会在这里显示，你可以选择审核通过或者拒审\n![工作台.png](https://res.liuyuyang.net/usr/uploads/2024/10/2481138286.png)\n\n**文件系统：** 这里是网站的所有图片资源，你可以很方便的管理，并且在上传图片时还新增了图片优化功能，可以选择原图或压缩上传\n![文件系统2.png](https://res.liuyuyang.net/usr/uploads/2024/10/2808054579.png)\n![文件系统.png](https://res.liuyuyang.net/usr/uploads/2024/10/4434175.png)\n\n**AI创作神器：** 当然必不可少的是AI功能，我们可以通过AI实现续写、生成、优化文章\n![AI续写.png](https://res.liuyuyang.net/usr/uploads/2024/10/975104974.png)\n\n**数据可视化：** 对接了百度统计API实现网站的访客、IP等可视化，方便浏览网站的数据\n![数据可视化.png](https://res.liuyuyang.net/usr/uploads/2024/10/1188545543.png)\n\n**多布局：** 这里我们可以选择前端的布局方式，我们内置了经典布局、卡片布局以及瀑布流布局\n![多布局.png](https://res.liuyuyang.net/usr/uploads/2024/10/838776108.png)\n\n## 闪念\n\n接下来我还打算在 `pc` 端开发一个类似于朋友圈的功能，然后在手机端可以随时记录此刻的心情\n![闪念.png](https://res.liuyuyang.net/usr/uploads/2024/10/4165704220.png)\n![闪念2.png](https://res.liuyuyang.net/usr/uploads/2024/10/205146222.png)\n\n# 最后\n\n明天就是自己的22岁生日了，借此机会许个愿：“希望明年能够实现月薪过万的目标”\n',NULL,861,0,'5,8,12,17,54','1728563789100'),(2187,'🎉 ThriveX 现代化博客管理系统','Thrive 是一个简而不简单的现代化博客管理系统，专注于分享技术文章和知识，为技术爱好者和从业者提供一个分享、交流和学习的平台。用户可以在平台上发表自己的技术文章，或浏览其他用户分享的文章，并与他们进行讨论和互动。','首先我想跟大家说一句话：\"国内做开源真的不容易，没有任何受益，纯为爱发电。如果大家觉得这个项目还不错，那么非常希望能够占用你 `10` 秒钟的宝贵时间点上一个免费的 `star` 支持一下开源\"\n\n \n\n# 🎉 ThriveX 现代化博客管理系统\n\n🎉 `ThriveX` 是一个 `Next14` + `Spring Boot` 的产物，该项目专注于分享技术文章和知识，为技术爱好者和从业者提供一个分享、交流和学习的平台。用户可以在平台上发表自己的技术文章，或浏览其他用户分享的文章，并与他们进行讨论和互动。\n\n\n🗂️ **项目预览：** [https://liuyuyang.net/](https://liuyuyang.net/)\n\n\n\n🛠️ **技术架构：**\n\n前端：React、**Nextjs**、TypeScript、Zustand、**TailwindCSS**、Antd、Scss、Echarts\n\n\n后端：**Spring Boot**、Mybatis Plus、MySQL、Qiniu、Socket.io、Swagger\n\n\n\n❤️ **项目初衷：**\n\n一直对网站开发领域很感兴趣，从小就希望有一个属于自己的网站，因此踏上了 `Web` 全栈开发的旅途，立志有朝一日也能开发一款属于自己的网站。如今历时 `2` 年有余，一个人从 `0` 到 `1` 独立完成整个项目的全栈开发，也算是完成了从小的一个心愿\n\n\n\n## 项目演示\n\n### 前端\n\n这里只演示部分前端界面，具体大家可以自行查看 **->** [https://liuyuyang.net](https://liuyuyang.net)\n![首页](https://bu.dusays.com/2024/10/28/671f7a44631d7.png)\n![足迹](https://bu.dusays.com/2024/09/17/66e97036dddcb.png)\n\n\n\n### 控制端\n\n![数据分析](https://bu.dusays.com/2024/09/17/66e97035726ae.png)\n![文件系统](https://bu.dusays.com/2024/09/17/66e97031cd456.png)\n\n\n\n## 项目运行\n\n最近比较忙，过段时间写一篇详细的项目部署教程，这里先简单教大家在本地跑起来\n\n**前端 or 控制端**\n\n环境：Nodejs18 及以上\n\n```\nnpm i\nnpm run dev\n```\n\n后台账号：`admin`   密码：`123456`\n\n\n\n在控制端项目根目录下创建 `.env` 文件，添加如下配置\n\n```bash\n# 百度统计相关配置\nVITE_BAIDU_TONGJI_KEY=\nVITE_BAIDU_TONGJI_SECRET_KEY=\nVITE_BAIDU_TONGJI_SITE_ID=\nVITE_BAIDU_TONGJI_ACCESS_TOKEN=\nVITE_BAIDU_TONGJI_REFRESH_TOKEN=\n\n# 星火AI相关配置\nVITE_AI_APIPassword=\nVITE_AI_MODEL=\n```\n\n百度接口申请地址：[https://tongji.baidu.com/api/manual/Chapter2/openapi.html](https://tongji.baidu.com/api/manual/Chapter2/openapi.html)\n星火大模型接口申请地址：[https://www.xfyun.cn/](https://www.xfyun.cn/)\n\n\n\n**后端**\n\n环境：Java8 + MySQL8\n\n安装 `maven` 依赖，配置 `application-dev.yml` 相关的信息\n\n```yml\nlyy:\n  email:\n    host: smtp.qq.com\n    port: 465\n    username: 你的邮箱账号\n    password: 你的邮箱授权码\n\n  oss:\n    accessKey: 七牛云的accessKey\n    secretKey: 七牛云的secretKey\n    bucket: thrive\n```\n\n导入后端根目录的 `ThriveX.sql` 数据库文件，最后运行项目即可\n\n\n\n## 项目部署\n\n前端：[https://liuyuyang.net/article/2206](https://liuyuyang.net/article/2206)\n\n后端：[https://liuyuyang.net/article/2207](https://liuyuyang.net/article/2207)\n\n\n\n\n## 项目结构\n\n```\n├── public // 存放公共资源\n├── src // 核心源码\n│   ├── api // 所有API接口\n│   ├── app\n│   │   ├── error.tsx // 自定义错误页\n│   │   ├── favicon.ico // 项目图标\n│   │   ├── layout.tsx // 网站布局\n│   │   ├── loading.tsx // 自定义加载页\n│   │   ├── not-found.tsx // 自定义404页\n│   │   ├── page.tsx // 首页\n│   ├── assets // 存放项目所有资源\n│   │   ├── font\n│   │   ├── image\n│   │   └── svg\n│   ├── components // 公共组件\n│   ├── stores // 数据全局共享\n│   ├── styles // 全局样式\n│   ├── types // 全局类型\n│   └── utils // 通用方法\n├── package-lock.json\n├── package.json\n├── postcss.config.mjs\n├── tailwind.config.ts\n└── tsconfig.json\n```\n\n\n\n\n## 开源地址\n\n### 最新版（Nextjs + Spring Boot）\n\n前端：[LiuYuYang01/ThriveX-Blog (github.com)](https://github.com/LiuYuYang01/ThriveX-Blog)\n\n控制端：[LiuYuYang01/ThriveX-Admin (github.com)](https://github.com/LiuYuYang01/ThriveX-Admin)\n\n后端：[LiuYuYang01/ThriveX-Server (github.com)](https://github.com/LiuYuYang01/ThriveX-Server)\n\n\n\n### 旧版（Vue3 + Python Flask）\n\n前端：[LiuYuYang01/Thrive-Blog (github.com)](https://github.com/LiuYuYang01/Thrive-Blog)\n\n控制端：[LiuYuYang01/Thrive-Admin (github.com)](https://github.com/LiuYuYang01/Thrive-Admin)\n\n后端：[LiuYuYang01/Thrive-Server (github.com)](https://github.com/LiuYuYang01/Thrive-Server)\n\n![后台](https://bu.dusays.com/2024/09/17/66e96ca781d49.png)\n\n\n\n## 开源协议\n\n该项目仅针对个人或公司使用，请遵守开源协议：**AGPL-3.0 license** \n如果对该项目进行二次开发，需将项目进行开源，禁止任何商业行为\n\n弘扬开源精神，从你我做起！\n\n\n\n## 关于项目\n\n这个项目是我一个人从设计 -> 产品 -> 前端 -> 控制端 -> 后端以及数据库从 `0` 到 `1` 创造的，一个人的精力有限在刚开始可能会有很多隐藏的 `BUG`，希望大家能够及时在 `GitHub` 向我反馈，这样我也好加以改正，不断改善，成为最佳！\n\n当然我更希望大家能够提交 `PR` 成为 `ThriveX` 的贡献者，大家一起参与进来，构建一个强大的博客管理系统！\n\n最后我想说该项目的风格借鉴了很多网站的灵感，下面我主要列举几个：\n\n[https://blog.zwying.com/](https://blog.zwying.com/)\n[https://www.blatr.cn/](https://www.blatr.cn/)\n[https://poetize.cn/](https://poetize.cn/)\n\n\n\n# 常见疑惑\n\n下面总结一些大家常问的疑惑\n\n\n\n## 为什么会想到开发这个项目？\n\n**问：** 为什么会想到开发这个项目？\n\n**答：** 在开发这个项目之前我也使用了很多流行的博客系统，比如：`WordPress`（使用了两年）、`Emlog`、`Zblog`（一年）、`Typecho`（两年）\n\n这些系统都有一个共同点，它们都是基于 `PHP` 开发的，如果不会 `PHP` 就不好自定义网站主题和功能插件，只能去找别人写好的，如果别人没有写，那么你就没办法用，这样就会有很大的局限性。\n\n关键是 `PHP` 在国内已经被淘汰了，所以没有必要再去刻意学习这门语言。因此我就萌生了自己开发一整个博客系统的想法，从 `22` 年正式落实并开发，目前已经持续完成三大版本，分别是：\n\n1. Vue2 + Express（Nodejs）\n2. Vue3 + Flask（Python）\n3. Next14 + Spring Boot（Java）\n\n样式借鉴了很多大佬的网站风格，但代码都是自己一行一行敲出来的，目前在 `Github` 已有近 `3000` 次代码提交记录\n\n项目的所有技术栈都是目前最主流的，是一个非常年轻的现代化博客管理系统 🎉\n\n\n\n## 为什么不采用纯前端做全栈？\n\n**问：** 为什么技术栈不采用纯前端做全栈？比如 `Nextjs + Prisma`，目前 `Nextjs + Spring Boot` 实在太臃肿了\n\n**答：** 因为我想把前端、控制端、后端全部分离，任何地方都可以相互独立出来。比如你想自己写前端，不管你使用哪些技术栈，只需要调用后端接口就可以自己开发。\n\n如果使用了 `Nextjs` 做全栈，那么前后端就会捆绑起来，这样的话前端就必须使用 `React` 而且如果不懂 `Nextjs` 会加大开发以及学习成本\n\n\n\n## 项目后期是否会考虑收费？\n\n**问：** 后期是否会考虑收费\n\n**答：** 有很多跟我一样从 `0` 到 `1` 写博客系统的同行，但他们大多数以盈利为目地而开发，而且更新频率并不高\n\n我可以在此承诺，`ThriveX` 在现在乃至未来不会以任何方式收费，就连赞助二维码都不会有，格局直接拉满 😁\n\n这个项目纯纯为爱发电，这一点是所有博客系统当中比不了的\n\n\n\n## 项目会保持长期维护吗？\n\n**问：** 大家可能会觉得我不以盈利为目的最终会丧失热情导致不再维护，其实我想说这个顾虑可以打消\n\n**答：** 在这两年期间内我已经累计提交了近 `3000` 次代码，只要工作之余有时间我都会不断的更新维护\n\n\n\n## 项目后续的开发计划\n\n![PixPin_2024-11-11_18-03-02.png](https://bu.dusays.com/2024/11/11/6731d7056b4ee.png)','https://bu.dusays.com/2024/09/17/66e97036dddcb.png',614,0,'17,54','1729253143238'),(2188,'诚邀 ThriveX 开源项目贡献者','大家有需要开源项目 `Pr` 的吗？我给大家开绿灯，只要提交一个空格都可以成为 `ThriveX` 项目贡献者，如果能实际解决某些问题那再好不过了。希望大家的加入！','# 诚邀 ThriveX 开源项目贡献者\n\n大家有需要开源项目 `Pr` 的吗？我给大家开绿灯，只要提交一个空格都可以成为 `ThriveX` 项目贡献者，如果能实际解决某些问题那再好不过了。希望大家的加入！\n\n![项目](https://res.liuyuyang.net/article/WechatIMG390.jpg)\n\n![提交记录](https://res.liuyuyang.net/article/WechatIMG389.jpg)\n','https://res.liuyuyang.net/article/WechatIMG390.jpg',435,0,'80','1729746299606'),(2198,'欲买桂花同载酒，终不似少年游','在我初中时候我有非常大的网瘾，每天沉迷于网络游戏，甚至经常在学校翻墙出去上网，那时候就非常希望买一台电脑打游戏。可现如今有钱了，却对游戏再也提不起兴趣了','最近我朋友想买 `iPad` 的心达到了巅峰，但他一直在观望 舍不得买。因为他是农村出身，一台平板电脑接近一万块钱，这些钱可以买很多很多东西。\n\n![image.png](https://res.liuyuyang.net/article/59c9910eac65bb656e282d03e0b25746.png)\n\n最后经过我的劝说，他终于全款拿下了。\n\n其实我觉得趁年轻想买什么就买，在我初中时候我有非常大的网瘾，每天沉迷于网络游戏，甚至经常在学校翻墙出去上网，那时候就非常希望买一台电脑打游戏。可现如今有钱了，却对游戏再也提不起兴趣了，正所谓：**”欲买桂花同载酒，终不似少年游“**\n\n最终，我还是选择买了一台打不了游戏的 `MacBook`，我知道一万块钱很难挣，但我最终还是买了，因为我不想到了 `30` 岁再去买 `18` 岁喜欢的东西那将毫无意义。\n\n![image.png](https://res.liuyuyang.net/article/48175b84825b72f161da1aed211887c8.png)','http://res.liuyuyang.net/article/59c9910eac65bb656e282d03e0b25746.png',249,0,'174','1730805251019'),(2199,'无废话、光速上手 React-Router','React Router 是一个用于 React 应用的声明式路由库。它允许开发者通过组件化的方式定义应用的路由结构，使得路由管理更加直观和可维护','# React-Router\n\n`React Router` 是一个用于 `React` 应用的声明式路由库。它允许开发者通过组件化的方式定义应用的路由结构，使得路由管理更加直观和可维护\n\n\n\n**安装**\n\n```tsx\npnpm i react-router-dom\n```\n\n\n\n## 定义路由\n\n定义路由有两种方式，分别是对象路由和路由组件，下面将逐步介绍这两种方式的用法\n\n\n\n### 两种方式\n\n#### 对象路由\n\n对象路由通过 `createBrowserRouter` 数组中的每一项来定义，该方式适合复杂的情况下使用\n\n```tsx\nimport ReactDOM from \'react-dom/client\';\nimport { createBrowserRouter, RouterProvider } from \'react-router-dom\'\n\nfunction Home() {\n  return (\n    <>\n      <h1>Home</h1>\n    </>\n  )\n}\n\nfunction Cate() {\n  return (\n    <>\n      <h1>Cate</h1>\n    </>\n  )\n}\n\n// 核心代码\nconst router = createBrowserRouter([\n  {\n    // 路由访问路径\n    path: \"/\",\n    // 对应的页面组件\n    element: <Home />\n  },\n  {\n    path: \"/cate\",\n    element: <Cate />\n  }\n])\n\nconst root = ReactDOM.createRoot(document.getElementById(\'root\')!);\n\n// 使用路由                                 \nroot.render(\n  <RouterProvider router={router}></RouterProvider>\n);\n```\n\n\n\n#### 组件路由\n\n直接通过组件来定义路由，这种方式适合简单的情况下使用\n\n```tsx\nimport ReactDOM from \'react-dom/client\';\nimport { BrowserRouter, Route, Routes } from \'react-router-dom\'\n\nfunction Home() {\n  return (\n    <>\n      <h1>Home</h1>\n    </>\n  )\n}\n\nfunction Cate() {\n  return (\n    <>\n      <h1>Cate</h1>\n    </>\n  )\n}\n\nconst root = ReactDOM.createRoot(document.getElementById(\'root\')!);\n\nroot.render(\n  <BrowserRouter>\n    <Routes>\n      <Route path=\"/\" element={<Home />} />\n      <Route path=\"/cate\" element={<Cate />} />\n    </Routes>\n  </BrowserRouter>\n);\n```\n\n\n\n### 嵌套路由\n\n当多个页面需要使用相同组件时，比如网站导航栏和底部，这两个组件通常会出现在所有页面当中，而这些公共组件我们没必要在多个页面单独引入，所以就需要用到嵌套路由\n\n\n\n对象路由\n\n```tsx\nimport ReactDOM from \'react-dom/client\';\nimport { createBrowserRouter, Outlet, RouterProvider } from \'react-router-dom\'\n\n// 布局路由\nfunction Layout() {\n  return (\n    <>\n      <div>这是一个通用导航栏组件</div>\n    	{/* 核心：这里一定要加 Outlet 否则无法显示子路由 */}\n      <Outlet />\n      <div>这是一个通用底部组件</div>\n    </>\n  )\n}\n\nfunction Home() {\n  return (\n    <>\n      <h1>Home</h1>\n    </>\n  )\n}\n\nfunction Cate() {\n  return (\n    <>\n      <h1>Cate</h1>\n    </>\n  )\n}\n\nfunction Login() {\n  return (\n    <>\n      <h1>Login</h1>\n    </>\n  )\n}\n\nconst router = createBrowserRouter([\n  {\n    path: \"/\",\n    element: <Layout />,\n    children: [\n      {\n        // 定义为默认路由：当访问 / 时，会显示 Home 组件\n        index: true,\n        element: <Home />\n      },\n      {\n        path: \"cate\",\n        element: <Cate />\n      }\n    ]\n  },\n  {\n    path: \"/login\",\n    element: <Login />\n  }\n])\n\nconst root = ReactDOM.createRoot(document.getElementById(\'root\')!);\n\nroot.render(\n  <RouterProvider router={router}></RouterProvider>\n);\n```\n\n\n\n组件路由\n\n```tsx\n<BrowserRouter>\n    <Routes>\n        <Route path=\"/\" element={<Layout />}>\n          <Route index element={<Home />} />\n          <Route path=\"cate\" element={<Cate />} />\n        </Route>\n      \n        {/* <Route element={<Layout />}>\n            <Route path=\"/\" element={<Home />} />\n            <Route path=\"cate\" element={<Cate />} />\n        </Route> */}\n\n        <Route path=\"/login\" element={<Login />} />\n    </Routes>\n</BrowserRouter>\n```\n\n\n\n### 404 路由\n\n当访问一个不存在的页面时会匹配到我们自定义的 404 路由\n\n```tsx\n// 404页\nfunction NotFound() {\n  return (\n    <>\n      <h1>404：页面未找到</h1>\n    </>\n  )\n}\n\nconst router = createBrowserRouter([\n  ...,\n  {\n			path: \"*\",\n			element: <NotFound />\n  }\n])\n```\n\n```tsx\n<BrowserRouter>\n    <Routes>\n        ...\n        <Route path=\"*\" element={<NotFound />} />\n    </Routes>\n</BrowserRouter>\n```\n\n\n\n## 动态路由\n\n通常应用于通过 `id` 获取接口中对应的数据\n\n```tsx\nconst router = createBrowserRouter([\n    // 单个：/cate/100\n    {\n      path: \"/cate/:id\",\n      element: <Cate />\n    },\n    // 多个：/cate/100/200\n    {\n      path: \"/cate/:one/:two\",\n      element: <Cate />\n    },\n  	// 可选：/cate 或 /cate/100\n    {\n      path: \"/cate/:id?\",\n      element: <Cate />\n    },\n    // 无限：/cate/100/200/300/400/500\n    {\n      path: \"/cate/*\",\n      element: <Cate />\n    }\n])\n```\n\n```tsx\n<BrowserRouter>\n    <Router>\n        <Routes>\n            {/* 路由组件不支持可选方式，但可以这样实现同样的效果 */}\n            <Route path=\"/cate\" element={<Cate />} />\n            <Route path=\"/cate/:id\" element={<Cate />} />\n\n            <Route path=\"/cate/:one/:two\" element={<Cate />} />\n            <Route path=\"/cate/*\" element={<Cate />} />\n        </Routes>\n    </Router>\n</BrowserRouter>\n```\n\n\n\n**获取动态路由数据**\n\n通过 `useParams()` 来获取动态路由的参数数据\n\n```tsx\nfunction Cate() {\n  const params = useParams();\n\n  return (\n    <>\n      <h1>Cate</h1>\n      <pre>{JSON.stringify(params)}</pre>\n    </>\n  );\n}\n```\n\n访问：`/cate/100/200`\n\n结果：`{\"one\":\"100\",\"two\":\"200\"}`\n\n\n\n## 路由跳转\n\n通过 `Link` 进行路由跳转，其实它的本质还是通过 `a` 标签进行跳转的\n\n```tsx\n<Link to=\"/cate\">跳转</Link>\n{/* 最终会编译成 */}\n<a href=\"/cate\">跳转</a>\n```\n\n\n\n### 声明式跳转\n\n```tsx\nfunction Layout() {\n  return (\n    <>\n      <div>这是一个通用导航栏组件</div>\n      <Outlet />\n      <div>这是一个通用底部组件</div>\n    </>\n  )\n}\n\nfunction Home() {\n  return (\n    <>\n      <h1>Home</h1>\n\n      <Link to=\"/cate\">跳转到分类页</Link>\n      <Link to=\"/cate/100\">跳转到分类页(带参数)</Link>\n    </>\n  )\n}\n\nfunction Cate() {\n  return (\n    <>\n      <h1>Cate</h1>\n      <Link to=\"/\">跳转到首页</Link>\n    </>\n  );\n}\n\nconst router = createBrowserRouter([\n  {\n    path: \"/\",\n    element: <Layout />,\n    children: [\n      {\n        index: true,\n        element: <Home />\n      },\n      {\n        path: \"cate/:id?\",\n        element: <Cate />\n      }\n    ]\n  }\n])\n```\n\n\n\n### 编程式跳转\n\n更多关于 `useNavigate` 的用法请见下方 `API` 目录\n\n```tsx\nimport { ..., useNavigate } from \'react-router-dom\'\n\nfunction Home() {\n  const navigator = useNavigate()\n\n  return (\n    <>\n      <h1>Home</h1>\n\n      <div onClick={() => navigator(\"/cate\")}>跳转到分类页</div>\n      <button onClick={() => navigator(\"cate/100\")}>跳转到分类页(带参数)</button>\n    </>\n  )\n}\n```\n\n\n\n### 获取跳转参数\n\n```tsx\nfunction Home() {\n  const navigator = useNavigate()\n\n  return (\n    <>\n      <h1>Home</h1>\n\n      <Link to=\"/cate?title=大前端\">跳转到分类页</Link>\n      <button onClick={() => navigator(\"/cate/100?title=Java\")}>跳转到分类页(带参数)</button>\n    </>\n  )\n}\n\nfunction Cate() {\n  // 获取路由动态参数的数据\n  const params = useParams()\n  \n  // 获取查询参数?后面的数据\n  const [searchParams] = useSearchParams()\n  console.log(searchParams); // URLSearchParams {size: 1}\n\n  return (\n    <>\n      <h1>Cate</h1>\n      \n      <div>{JSON.stringify(params)}</div>\n      {/* {id: \'100\'} */}\n\n      <div>{JSON.stringify(searchParams.get(\"title\"))}</div>\n      {/* Java */}\n    </>\n  );\n}\n```\n\n\n\n## 路由模式\n\n各个主流框架的常用路由模式有两种，分别是 `history` 和 `hash` 模式, `ReactRouter` 分别由 `createBrowerRouter` 和  `createHashRouter` 函数负责创建\n\n| 路由模式    | url表现       | 底层原理                         |\n| ----------- | ------------- | -------------------------------- |\n| **history** | `url/login`   | `history` 对象 + `pushState`事件 |\n| **hash**    | `url/#/login` | 监听 `hashChange` 事件           |\n\n\n\n## 路由懒加载\n\n默认情况下像以下代码在页面被访问时尽管条件为 `false` , 组件也一样会被加载。而如果使用了路由懒加载，那么只有条件满足时候 或者说 组件被使用时才会被加载，这样有助于性能优化及加载速度\n\n```tsx\n{false && <Article>}\n```\n\n\n\n假设 `pages` 中有 `Home` 和 `Cate` 组件，我们可以通过 `lazy` 将他们定义为懒加载模式\n\n```tsx\nconst router = createBrowserRouter([\n    {\n      path: \"/\",\n      lazy: () => import(\"@/pages/Home/index.tsx\")\n    },\n    {\n      path: \"/cate\",\n      // 可以省略：index.tsx\n      lazy: () => import(\"@/pages/Cate\")\n    }\n])\n```\n\n\n\n## loader\n\n通过 `loader` 函数我们可以在页面 **渲染之前** 传递给页面指定的数据，并通过 `useLoaderData` 来接收数据\n\n```tsx\nfunction Cate() {\n  const loaderData = useLoaderData()\n  console.log(loaderData); // Hello World\n\n  return ...\n}\n\nconst router = createBrowserRouter([\n  {\n    path: \"/\",\n    element: <Layout />,\n    children: [\n      {\n        index: true,\n        element: <Home />\n      },\n      {\n        page: \"cate/:id\",\n        element: <Cate />,\n        loader: ({params}) => {\n          return \"Hello World!\"\n        }\n      }\n    ]\n  }\n])\n```\n\n\n\n数据也可以是异步的，通常用于获取后端接口的数据\n\n```tsx\nloader: () => {\n    return new Promise((resolve) => {\n      setTimeout(() => {\n        resolve(\"Hello World!\")\n      }, 3000)\n    })\n}\n```\n\n\n\n还可以获取路由参数，通过参数来获取对应的数据\n\n```tsx\n{\n    path: \"/cate/:id\",\n    element: <Cate />,\n    loader: ({ params }) => {\n        return new Promise((resolve) => {\n            setTimeout(() => {\n              resolve(`分类的参数：${params.id}`)\n            }, 3000)\n        })\n    }\n}\n```\n\n\n\n## API\n\n### useLocation\n\n该方法返回当前 `location` 对象，主要用于监听路由的变化执行对应的逻辑\n\n```tsx\nfunction Home() {\n  let location = useLocation();\n\n  useEffect(() => {\n    // 逻辑代码\n  }, [location]);\n\n  return ...;\n}\n```\n\n\n\n假如访问：`/cate/100?title=Java#123`，那么 `location` 的结果如下\n\n```javascript\n{\"pathname\":\"/cate/100\",\"search\":\"?title=Java\",\"hash\":\"#123\",\"state\":{\"data\":\"Hello World!\"},\"key\":\"8lu1q217\"}\n```\n\n\n\n### useNavigate\n\n该方法主要用于编程式导航的跳转\n\n```tsx\nfunction Home() {\n  const navigator = useNavigate()\n\n  return (\n    <>\n      <div onClick={() => navigator(\"/cate\")}>跳转</div>\n    </>\n  )\n}\n```\n\n\n\n**replace**\n\n指定 `replace: true` 将替换历史记录堆栈中的当前条目，而不是添加新的条目。简单来说就是默认情况下它的值为 `false` 也就意味着当你从 `A` 页面跳转到 `B` 页面时，点击浏览器的回退功能可以正常回退到 `A` 页面。但如果将值设置为 `true` 则跳转到 `B` 页面时无法回退到 `A` 了，因为 `A` 的历史记录栈被 `B` 替换了\n\n```tsx\nnavigator(\"/cate\", { replace: true })\n```\n\n```tsx\n<Navigate to=\"/cate\" replace />\n```\n\n\n\n**preventScrollReset**\n\n默认情况下该参数的值为 `false`，表示组件重新渲染或重新跳转进入时会自动滚到顶部，如果设置为 `true` 则表示保持当前位置\n\n\n\n**state**\n\n在跳转时也可以通过 `state` 进行传递数据，通过 `useLocation` 接收数据\n\n```tsx\nnavigator(\"/cate\", { state: { data: \"Hello World!\" } })\n```\n\n```tsx\n<Navigate to=\"/cate\" state={{ data: \"Hello World!\" }} />\n```\n\n\n\n示例：\n\n```tsx\nfunction Home() {\n  const navigator = useNavigate()\n\n  return (\n    <>\n      <h1>Home</h1>\n      <div onClick={() => navigator(\"/cate\", { state: { data: \"Hello World!\" } })}>跳转</div>\n    </>\n  )\n}\n\nfunction Cate() {\n  const location = useLocation()\n\n  return (\n    <>\n      <h1>Cate</h1>\n      <div>{JSON.stringify(location.state)}</div>\n      {/* {\"data\":\"Hello World!\"} */}\n    </>\n  );\n}\n```\n\n\n\n`<Navigate>` 该组件会在渲染时自动重定向到指定的路径。它是 `useNavigate` 的组件包装器，并接受与 `props` 相同的所有参数\n\n我们可以应用于以下场景：当有 `token` 时显示页面，反之跳转到 `login` 页\n\n```tsx\nimport { Navigate } from \'react-router-dom\'\n\nconst AuthRoute = ({ children }: { children: React.ReactNode }) => {\n  const token = \"...\"\n\n  if (token) {\n    return <>{children}</>\n  } else {\n    return <Navigate to=\"/login\" replace />\n  }\n}\n\nexport default AuthRoute\n```\n\n','https://i-blog.csdnimg.cn/direct/946efe0541db47ba96ebf28be4b234fc.png',48,0,'8,176','1729753797000'),(2200,'分享我收藏的互联网资源 - 持续更新🔥','分享我收藏的互联网资源 - 持续更新🔥','# 前端\n\n## 组件\n\n### React-github-calendar\n\n介绍：通过 `GitHub` 名称生成自己的贡献图，可以将其引入到自己的项目\n\n网站：https://grubersjoe.github.io/react-github-calendar\n\n\n\n### React-calendar-heatmap\n\n介绍：类似于 `GitHub` 贡献图的组件\n\n1. https://github.com/haripo/react-github-contribution-calendar\n2. https://github.com/kevinsqi/react-calendar-heatmap\n\n\n\n### Typedjs\n\n介绍：打字机组件\n\n网站：https://github.com/mattboldt/typed.js/\n\n\n\n### React-photo-gallery\n\n介绍：响应式、可访问、可组合和可定制的瀑布流组件\n\n网站：https://github.com/neptunian/react-photo-gallery\n\n\n\n### Tailwindcss-highlights\n\n介绍：为文本添加高光\n\n网站：https://github.com/jln13x/tailwindcss-highlights\n\n\n\n### Aos\n\n介绍：一款好用的网页滚动库\n\n网站：https://github.com/michalsnik/aos\n\n\n\n### Canvas-confetti\n\n介绍：🎉在浏览器中展示五彩纸屑动画\n\n网站：https://github.com/catdad/canvas-confetti\n\n\n\n### Dicebear\n\n介绍：该组件可以随机生成各种有趣的头像，可以作为项目的默认头像使用\n\n网站：[https://www.dicebear.com/](https://www.dicebear.com/)\n\n\n\n\n### Ztext\n\n介绍：将文字转换为 3D 立体感\n\n网站：[https://bennettfeely.com/ztext/](https://bennettfeely.com/ztext/)\n\n\n\n### Toast\n\n收藏的一些好用、好看的消息提示组件\n\n1. https://react-hot-toast.com/\n2. https://fkhadra.github.io/react-toastify/introduction/\n\n\n\n### ByteMD\n\n介绍：一款很好用的 `markdown` 编辑器组件，掘金同款哦\n\n网站：https://github.com/pd4d10/bytemd\n\n\n\n### WangEditor\n\n介绍：目前市面上最好用的一款富文本编辑器组件\n\n网站：https://www.wangeditor.com/en/\n\n\n\n## 设计\n\n### 图标\n\n收藏的一些好看、免费的图标库\n\n1. https://react-icons.github.io/react-icons/\n\n### 插画\n\n收藏的一些好看、免费的插画库\n\n1. [https://themeisle.com/illustrations/](https://themeisle.com/illustrations/)\n\n\n\n## 其他\n\n### Loading\n\n介绍：聚集了很多有趣的 `loading` 效果，可以一键复制使用\n\n1. https://css-loaders.com/classic/\n2. https://uiball.com/ldrs/\n3. https://cssloaders.github.io/\n\n\n\n\n### Scrollbar\n\n介绍：在线可视化生成好看的浏览器滚动条\n\n网站：[https://scrollbar.app/](https://scrollbar.app/)\n\n\n\n\n### Uiverse\n\n介绍：聚合了各种好玩、有趣的 `Web` 组件，可以在线查看、编辑\n\n网站：[https://uiverse.io/](https://uiverse.io/)\n\n\n\n### Box Shadows\n\n介绍：在线可视化制作好看的 `css` 阴影效果\n\n网站：https://box-shadow.dev/\n\n\n\n### Tailwind CSS Cheat Sheet\n\n介绍：通过原生 `css` 快速查找 `TailWindCSS` 对应的语法\n\n网站：[https://www.creative-tim.com/twcomponents/cheatsheet/](https://www.creative-tim.com/twcomponents/cheatsheet/)\n\n\n\n### Skill Icons\n\n介绍：在你的 `GitHub` 上轻松展示你的技能！\n\n网站：https://skillicons.dev/\n\n\n\n# 网站\n\n## Contributions\n\n介绍：输入你的 `GitHub` 用户名即可生成各种样式的贡献图\n\n网站：https://github-contributions.vercel.app/\n\n\n\n## Emojiall\n\n介绍：提供了最新、完整的Emoji搜索和相关信息，包括表情符号含义、使用示例、Unicode代码点、高分辨率图片、复制和粘贴，以及Emoji大数据排名、矢量图形和动态图表、智能算法情感分析和表情符号语言学研究\n\n网站：[https://www.emojiall.com/](https://www.emojiall.com/)\n\n\n\n\n## TTSMaker\n\n介绍：一款免费好用的在线配音网站\n\n网站：[https://ttsmaker.cn/](https://ttsmaker.cn/)\n\n\n\n## 比特虫\n\n介绍：在线将图片转换为 `favicon.ico`\n\n网站：https://www.bitbug.net/\n\n\n\n# 软件\n\n## ScreenStudio\n\n介绍：专为 `macOS` 设计的屏幕录制软件, 几分钟内即可制作精美且有吸引力的录屏\n\n网站：[https://ad.screenstudio.vip/](https://ad.screenstudio.vip/)\n\n\n\n# 宝藏博主\n\n| 博主   | 网站                             | 推荐指数 |\n| ------ | -------------------------------- | -------- |\n| 阮一峰 | https://www.ruanyifeng.com/blog/ | ⭐️⭐️⭐️⭐️⭐️    |\n| 廖雪峰 | https://liaoxuefeng.com/         | ⭐️⭐️⭐️⭐️     |\n| 峰华   | https://zxuqian.cn/              | ⭐️⭐️⭐️⭐️     |\n\n',NULL,63,0,'179,178,177','1730892272062'),(2201,'别再分不清 em 与 rem 了','在前端开发中 em 和 rem 是常用的单位，通常用于设置元素的字体大小、间距等。\n我发现很多人容易把两者搞混，分不清他们两者的区别。本文将带领大家详细解释两者','# 别再分不清 em 与 rem 了\n在前端开发中，`em` 和 `rem` 是常用的单位，通常用于设置元素的字体大小、间距等。\n我发现很多人容易把两者搞混，分不清他们两者的区别。本文将带领大家详细解释两者\n\n## em\n先来看 `em`，它的值取决于父元素的 `font-size` 文字大小\n假设父元素 `font-size` 为 `20px` ，那么子元素在使用 `em` 时相当于： `1em === 20px` \n\n- `em` 的值取决于父元素的文字大小，假设父元素没有指定，则往上一层找\n- 假设都没有设置，那么 `1em` 就是默认的 `16px`\n- 假设有多个父级并且都设置了字体大小，那么将会采取就近原则\n\n```html\n<style>\n    .a {\n        font-size: 20px;\n    }\n    .a .b {\n        font-size: 30px; // 就近原则\n    }\n    .a .b span {\n        font-size: 2em; // 60px\n    }\n</style>\n\n<body>\n    <div class=\"a\">\n        <div class=\"b\">\n            <span>Hello World!</span>\n        </div>\n    </div>\n</body>\n```\n\n## rem\n再来看 `rem`，它的值取决于 `html` 的文字大小，与父元素没有关系\n假设 `html` 的 `font-size` 为 `10px` ，则 `1rem === 10px` \n如果没有给 `html` 指定文字大小，则默认为 `16px `\n\n```html\n<style>\n    html {\n        font-size: 10px; // 取决于 html 的文字大小\n    }\n\n    .a {\n        font-size: 20px;\n    }\n\n    .a .b {\n        font-size: 30px;\n    }\n\n    .a .b span {\n        font-size: 2rem; // 20px\n    }\n</style>\n\n<body>\n    <div class=\"a\">\n        <div class=\"b\">\n            <span>Hello World!</span>\n        </div>\n    </div>\n</body>\n```',NULL,11,0,'180,181','1659842908200'),(2202,'React Hooks Form','React Hooks Form 是一个专注于管理 React 表单状态的库。它的核心理念是利用 Hooks 来简化表单的处理过程。与其他表单管理库相比，它的优势在于性能和简洁性。它不需要在每次输入更改时重新渲染整个表单组件，从而提高了性能。','\n![image.png](http://res.liuyuyang.net/article/d7ca422dead9f7cf32ea99a087c35d95.png)\n\n# React Hooks Form\n\n`react-hook-form` 是一个专注于管理 `React` 表单状态的库。它的核心理念是利用 `React Hooks` 来简化表单的处理过程。与其他表单管理库相比，它的优势在于性能和简洁性。它不需要在每次输入更改时重新渲染整个表单组件，从而提高了性能。\n\n其实最主要的原因是有很多组件库并没有提供表单校验功能，而且每个组件库的表单校验功能用法都不一致，因此我选择使用 `react-hook-form`  这样在使用不同组件库时表单的校验方式完成了统一。\n\n下面我来介绍一下这个表单校验库：\n\n\n**安装**\n\n```\nnpm install react-hook-form\n```\n\n**官方快速入门教程：** [Get Started (react-hook-form.com)](https://react-hook-form.com/get-started#Quickstart)\n\n\n\n## Register\n\n用于注册表单字段使表单能够监听到该字段的数据\n\n```tsx\nimport { useState } from \"react\";\nimport { SubmitHandler, useForm } from \"react-hook-form\";\n\ninterface FormData {\n    name: string;\n    age: number;\n}\n\nexport default () => {\n    const [defaultValues, setDefaultValues] = useState({ name: \"\", age: 0 })\n    const { register, handleSubmit } = useForm<FormData>({ defaultValues });\n    const onSubmit: SubmitHandler<FormData> = (data, event) => {\n        // 阻止默认提交行为\n        event?.preventDefault();\n\n        console.log(data)\n        // {name: \'yuyang\', age: \'21\'}\n    }\n\n    return (\n        <>\n            <form onSubmit={handleSubmit(onSubmit)}>\n                <input {...register(\"name\")} type=\"text\" />\n                <input {...register(\"age\")} type=\"text\" />\n\n                <button type=\"submit\">提交</button>\n            </form>\n        </>\n    )\n}\n```\n\n\n\n### 约束表单数据\n\n```html\n<form onSubmit={handleSubmit(onSubmit)}>\n    <input {...register(\"name\", { required: true, maxLength: 3 })} type=\"text\" />\n    <input {...register(\"age\", { min: 0, max: 99 })} type=\"text\" />\n\n		<button type=\"submit\">提交</button>\n</form>\n```\n\n当然也可以使用正则\n\n```html\n<input {...register(\"age\", { pattern: /^(0|[1-9][0-9]?)$/ })} type=\"text\" />\n```\n\n\n\n### 显示错误信息\n\n```tsx\nconst { register, handleSubmit, formState: { errors } } = useForm<FormData>({ defaultValues });\n```\n\n```html\n<form onSubmit={handleSubmit(onSubmit)}>\n    <input\n        {...register(\"name\",\n            {\n                required: { value: true, message: \"请输入名称\" },\n                maxLength: { value: 3, message: \"名称不符合长度\" }\n            })}\n        type=\"text\"\n    />\n    <span>{errors.name && errors.name.message}</span>\n\n    <input {...register(\"age\", { pattern: { value: /^(0|[1-9][0-9]?)$/, message: \"输入的年龄错误\" } })} type=\"text\" />\n    <span>{errors.age && errors.age.message}</span>\n\n    <button type=\"submit\">提交</button>\n</form>\n```\n\n\n\n### 重置表单数据\n\n `reset` 它的作用是重置表单 `defaultValues` 初始数据，我们一般用于获取接口数据后，将数据回显给表单\n\n```javascript\nconst [ defaultValues, setDefaultValues ] = useState({ name: \"\", age: 0 })\nconst { register, handleSubmit, reset } = useForm<FormData>({ defaultValues });\n```\n\n**示例：** `1` 秒钟后将数据更改\n\n```ts\nuseEffect(() => {\n    setTimeout(() => {\n      	// 错误：如果我们直接修改它的值，实际上确实可以修改，不过数据虽然更改了但表单数据还是之前的并不会同步\n  			// setDefaultValues({ name: \"yuyang\", age: 21 })\n      \n      	// 所以可以使用 reset 来重置默认数据实现回显效果\n        reset({ name: \"宇阳\", age: 21 })\n    }, 1000)\n}, [])\n```\n\n\n\n### 手动触发表单验证\n\n通过 `trigger` 可以实现手动触发表单的验证，通常适用于表单失去焦点时验证表单\n\n```tsx\nconst { register, handleSubmit, formState: { errors }, trigger } = useForm<FormData>({ defaultValues });\n```\n\n```html\n<input\n    {...register(\"name\", { required: { value: true, message: \"请输入名称\" } })}\n    type=\"text\"\n    onBlur={() => { trigger(\'name\') }}\n/>\n<span>{errors.name && errors.name?.message}</span>\n```\n\n\n\n### 监听表单数据变化\n\n通过 `watch` 可以监听表单某一项或整个表单的数据变化\n\n```tsx\nconst { register, handleSubmit, watch } = useForm<FormData>({ defaultValues });\n```\n\n```tsx\n// 监听单个数据的变化\nconst data = watch(\"name\");\n// const data = watch(\"name\", \"宇阳\"); // 默认值\n// 宇阳\n\n// 监听多个数据的变化\n// const data = watch([\"name\", \"age\"]);\n// [\"宇阳\", \"21\"]\n\n// 监听表单所有数据的变化\n// const data = watch();\n// { name: \'宇阳\', age: \'21\' }\n\nuseEffect(() => {\n    console.log(data);\n}, [data])\n```\n\n```html\n<form onSubmit={handleSubmit(onSubmit)}>\n    <input {...register(\"name\")} type=\"text\" />\n    <input {...register(\"age\")} type=\"text\" />\n\n    <button type=\"submit\">提交</button>\n</form>\n```\n\n\n\n### 自定义行为\n\n默认情况下 `react hooks form` 自动帮我们对 `value ` 和 `onChange` 等操作做了处理，所以我们可以不用写他们。\n\n但有些场合，比如说我们需要对输入的值做一些处理，那么我们可以自定义 `onChange` \n\n但需要注意的是需要手动调用一下 `register(\"age\").onChange(e)`，否则这个表单就失去了 `react hooks form` 的特性\n\n```html\n<form onSubmit={handleSubmit(onSubmit)}>\n    <input {...register(\"name\")} type=\"text\" />\n    <input {...register(\"age\")} type=\"text\" onChange={(e) => {\n        // 在这里做一些自定义的操作\n        console.log(e.target.value);\n\n        // 但一定不要忘记 调用 onChange\n        register(\"age\").onChange(e)\n    }} />\n\n    <button type=\"submit\">提交</button>\n</form>\n```\n\n\n\n### 其他 API\n\n这些比较有用，但过于简单，就不必展开细说了，大家可以查阅官方文档\n\n#### 获取表单焦点\n\n**参考：** https://react-hook-form.com/docs/useform/setfocus\n\n#### 获取表单的值\n\n**参考：** https://react-hook-form.com/docs/useform/getvalues\n\n#### 操作表单的值\n\n**参考：** https://react-hook-form.com/docs/useform/setvalue\n\n#### 清除表单验证的错误\n\n**参考：** https://react-hook-form.com/docs/useform/clearerrors\n\n\n\n## Controller（推荐）\n\n它的功能与 `Register` 类似，都是用于注册表单的字段 并且 `Register` 的 `API` 都可以使用。但不同的是该方式时候于第三方组件库使用，因为有些组件库可能并没有提供 `value` 和 `onChange` 或者属性名不一致导致使用 `Register` 会有些问题。\n\n所以该方式适用于第三方组件库。如果组件库具有 `value` 和 `onChange` 那么使用`Register`也是可行的，不过最好使用 `Controller` 方式。下面将演示一下它的使用：\n\n```tsx\nimport { Input } from \"@nextui-org/react\";\nimport { useState } from \"react\";\nimport { Controller, SubmitHandler, useForm } from \"react-hook-form\";\n\ninterface FormData {\n    name: string;\n    age: number;\n}\n\nexport default () => {\n    const [defaultValues, setDefaultValues] = useState({ name: \"\", age: 0 })\n    const { register, handleSubmit, control, formState: { errors }, trigger } = useForm<FormData>({ defaultValues });\n    const onSubmit: SubmitHandler<FormData> = (data, event) => {\n        // 阻止默认提交行为\n        event?.preventDefault();\n\n        console.log(data)\n        // {name: \'yuyang\', age: \'21\'}\n    }\n\n    return (\n        <>\n            <form onSubmit={handleSubmit(onSubmit)}>\n                <Controller\n                    name=\"name\"\n                    control={control}\n                    rules={{ required: \'请输入名称\' }}\n                    render={({ field }) => (\n                        <>\n                            <Input {...field} type=\"text\" onChange={(e) => {\n                                // 自定义行为\n                                console.log(e.target.value);\n\n                                // 务必调用 onChange\n                                field.onChange(e)\n                            }} onBlur={() => trigger(\'name\')} />\n                            <span>{errors.name && errors.name?.message}</span>\n                        </>\n                    )}\n                />\n\n                {/* 两种方式也可以混合使用 */}\n                <input {...register(\"age\")} type=\"text\" />\n\n                <button type=\"submit\">提交</button>\n            </form>\n        </>\n    )\n}\n```\n\n**总结：**\n\n虽然很明确组件库具有 `value`、`onChange` 时 `Register` 也可以使用 或者 `Controller` 也可以直接使用原生表单。但还是有必要区分一下\n\n**Register：** 用于简单的原生表单\n\n**Controller：** 用于复杂的第三方组件表单\n\n\n![image.png](http://res.liuyuyang.net/article/50a9c62054f1ddeb09d20f9cd4bdf364.png)','http://res.liuyuyang.net/article/d7ca422dead9f7cf32ea99a087c35d95.png)',39,0,'188,8,187,189','1726129179300'),(2203,'React-Hooks-Form 集成 Zod 校验库','使用 React Hook Form 和 Zod，我们可以轻松地创建一个功能丰富且校验严格的表单组件。这样不仅提升了用户体验，还确保了数据的正确性。希望本文能帮助你在项目中更好地集成表单校验功能','# React-Hooks-Form 集成 Zod 校验库\n使用 `React Hook Form` 和 `Zod`，我们可以轻松地创建一个功能丰富且校验严格的表单组件。这样不仅提升了用户体验，还确保了数据的正确性。希望本文能帮助你在项目中更好地集成表单校验功能，好了废话不多说，我们开始进入主题：\n\n首先需要安装 `react-hooks-form` 官方的解析器 和 `zod` 校验库\n\n```\nnpm install @hookform/resolvers zod\n```\n\n它不仅支持 `Zod` 校验库同时还支持目前各种主流的校验库比如：`Yup、Zod、Joi、Ajv、Vest、Custom`\n\n**具体查看官方文档：** [https://react-hook-form.com/docs/useform#resolver](https://react-hook-form.com/docs/useform#resolver)\n\n\n\n**我们就拿 Zod 举例：**\n\n```js\nimport { useState } from \"react\";\nimport { SubmitHandler, useForm } from \"react-hook-form\";\nimport { zodResolver } from \"@hookform/resolvers/zod\"\nimport * as z from \"zod\"\n\n// 定义校验参数\nconst schema = z.object({\n    name: z.string().min(1, { message: \"名称不能为空\" }),\n    age: z.number().min(1, { message: \"年龄不能小于1\" }).max(99, { message: \"年龄不能超过99\" }),\n})\n\ntype Schema = z.infer<typeof schema>\n\nexport default () => {\n    const [defaultValues, setDefaultValues] = useState<Schema>({ name: \"\", age: 0 })\n    const { register, handleSubmit, formState: { errors } } = useForm<Schema>({\n        // 默认值\n        defaultValues,\n        // 配置校验解析器\n        resolver: zodResolver(schema),\n    });\n\n    const onSubmit: SubmitHandler<Schema> = (data, event) => {\n        // 阻止默认提交行为\n        event?.preventDefault();\n\n        console.log(data)\n    }\n\n    return (\n        <>\n            <form onSubmit={handleSubmit(onSubmit)}>\n                <input {...register(\"name\")} type=\"text\" />\n                <span>{errors.name && errors.name.message}</span>\n\n                <input {...register(\"age\")} type=\"text\" />\n                <span>{errors.age && errors.age.message}</span>\n\n                <button type=\"submit\">提交</button>\n            </form>\n        </>\n    )\n}\n```\n\n详细的校验配置信息可查看 `Zod` 官方文档：[https://zod.dev/](https://zod.dev/)',NULL,52,0,'8,187,190','1726132169300'),(2204,'你未必知道的 CSS 阴影','很多人只知道 box-shadow 属性，而忽略了 drop-shadow 的强大功能。本文将详细介绍如何使用 filter: drop-shadow 来实现更自然的阴影效果，并解决 box-shadow 无法满足的需求。通过比较和代码示例，你将学会如何在项目中灵活运用这两种阴影技术','# 你未必知道的 CSS 阴影\n很多人只知道 `box-shadow` 属性，却忽略了 `drop-shadow` 的强大功能。\n本文将详细介绍如何使用 `filter: drop-shadow` 来实现更自然的阴影效果，并解决 `box-shadow` 无法满足的需求。通过比较和代码示例，你将学会如何在项目中灵活运用这两种阴影技术\n\n假如我们有这样的需求，给图片或元素周围设置阴影效果那么大家一定会联想到 `box-shadow` 属性，但其实效果是不对的\n![image.png](http://res.liuyuyang.net/article/e8aa5c440a6c6edbbfed23f8678939db.png)\n可以看到左边是需求效果，而右边使用了 `box-shadow` 后，效果并不是我们想要的那样\n\n解决这个问题的方法非常简单，可以通过 `filter: frop-shadow` 来设置阴影，\n\n他们的区别是 `filter` 能够根据周围的像素点来设置，而 `box-shadow` 会给整个盒子设置阴影\n![image.png](http://res.liuyuyang.net/article/498035a695e2d4e221480002a9540b2e.png)\n\n **核心代码：** `filter: drop-shadow(0px 0px 10px rgba(255, 0, 0, 1));`\n\n **完整代码：** \n```html\n<script setup lang=\"ts\">\n\n</script>\n\n<template>\n    <div class=\"container\">\n        <img src=\"../../public/avatar.png\" alt=\"\" class=\"avatar\">\n\n        <div class=\"box\"></div>\n    </div>\n</template>\n\n<style scoped lang=\"scss\">\n.container {\n    display: flex;\n    justify-content: space-between;\n    width: 550px;\n}\n\n.avatar {\n    width: 200px;\n    height: 200px;\n    // box-shadow: 0px 0px 10px rgba(255, 0, 0, 1);\n    // 核心代码\n    filter: drop-shadow(0px 0px 10px rgba(255, 0, 0, 1));\n}\n\n.box {\n    position: relative;\n    width: 200px;\n    height: 200px;\n    background-color: burlywood;\n    // box-shadow: 0px 0px 10px rgba(255, 0, 0, 1);\n    // 核心代码\n    filter: drop-shadow(0px 0px 10px rgba(255, 0, 0, 1));\n\n    &::after {\n        content: \"\";\n        position: absolute;\n        width: 0;\n        height: 0;\n        border-top: 60px solid burlywood;\n        border-right: 60px solid transparent;\n        top: 35%;\n        left: -14%;\n        transform: rotate(-45deg);\n    }\n}\n</style>\n\n```','http://res.liuyuyang.net/article/e8aa5c440a6c6edbbfed23f8678939db.png',16,0,'191,14,192','1709771716000'),(2205,'盘点 Vue 的生命周期每个阶段都做了哪些事儿','在开发 Vue 应用时，理解组件的生命周期是至关重要的。生命周期钩子让开发者能够在组件的不同阶段执行代码','# 盘点 Vue 的生命周期每个阶段都做了哪些事儿\n在开发 `Vue` 应用时，理解组件的生命周期是至关重要的。\n\n生命周期钩子让开发者能够在组件的不同阶段执行代码。\n\n本文将逐步讲解 `Vue` 的生命周期钩子每一步的作用。\n\n\n## Vue2\n**beforeCreate：** 这个阶段还不能访问 `data` 中的属性以及 `method` 中的方法，因为 `Vue` 实例还没有初始化成功。\n\n**created：** 此时 `Vue` 的实例已经挂载完毕，可以访问 `data` 和 `method` 了，一般在这里发起 `axios` 网络请求并赋值给 `data` 中的数据。但是还不能获取或修改 `dom` 元素，因为 `dom` 还没有挂载成功。如果情况特殊，可以使用 `nextTick` 来操作 `dom` \n\n**beforeMount：** 此时还是无法获取 `dom`，因为 `dom` 还没有挂载到页面上。\n\n**mounted：** 到这一步 `dom` 就挂载成功了，可以进行操作了。\n\n**beforeUpdate：** 此时 `Vue` 中数据虽然发生了变化，但页面还没开始重新渲染\n\n**Updated：** 这时候页面重新渲染完成，数据是最新的\n\n**beforeDestroy：** 此时 `Vue` 实例仍然可用，可以访问 `data`、`method` 等，一般在这里进行一些清理工作或者在销毁之前做一些操作\n\n**destroyed：** 此时 `Vue` 的实例已经被销毁了，不能再访问 `data`、`method` 等\n\n\n\n## Vue3\n`V3` 与 `V2` 的生命周期大同小异，只是语法略有改变\n\n- `beforeCreate` -> 使用 `setup()`\n- `created` -> 使用 `setup()`\n- `beforeMount` -> `onBeforeMount`\n- `mounted` -> `onMounted`\n- `beforeUpdate` -> `onBeforeUpdate`\n- `updated` -> `onUpdated`\n- `beforeDestroy` -> `onBeforeUnmount`\n- `destroyed` -> `onUnmounted`\n- `errorCaptured` -> `onErrorCaptured`',NULL,14,0,'163,7,202','1709771611000'),(2206,'ThriveX 前端项目部署','本教程将以三种方式进行项目部署，分别是：宝塔、Vercel、Docker，下面直接进入主题','# ThriveX 前端项目部署\n\n本教程将以三种方式进行项目部署，分别是：宝塔、Vercel、Docker，下面直接进入主题\n\n## 宝塔部署\n\n**1、下载项目，配置相关信息，打包**\n\n前端项目地址：[https://github.com/LiuYuYang01/ThriveX-Blog](https://github.com/LiuYuYang01/ThriveX-Blog)\n\n因为前端技术栈为`Nextjs`，所以在打包时候体积非常非常大，在 `GitHub`平台我估计上传不了这么大的文件且因为网络问题可能会导致下载失败。所以这里大家将项目下载到本地，用编辑器打开，配置后端域名然后自行打包。\n\n本地环境：`Nodejs18+`\n\n![image.png](http://res.liuyuyang.net/article/7ce42ef86e77275d41ece7c7fdbbd464.png)\n\n\n**2、将项目上传到服务器**\n\n将刚刚打包生成的 `.next`和项目根目录的`package.json`、`package-lock.json` 文件上传到服务器\n\n\n![image.png](http://res.liuyuyang.net/article/580747b366cac08fd78450d4d2803ab1.png)\n\n\n\n**3、安装 Nodejs 环境**\n\n+ 选择国内镜像 \n+ 找到 `Nodejs 20` 版本，点击右侧安装按钮 \n+ 如果没有对应的`20`版本，点击右侧更新版本列表再找一下\n\n\n![image.png](http://res.liuyuyang.net/article/670384704e46b7712b646cb126b77ca4.png)\n\n\n\n**4、创建项目**\n\n\n![image.png](http://res.liuyuyang.net/article/3f9c32d9d323029dd1ccd1cc8d008462.png)\n\n\n\n**5、访问项目**\n\n[https://blog.liuyuyang.net/](https://blog.liuyuyang.net/)\n\n\n\n## Vercel 部署（推荐）\n\n前端项目采用了宝塔部署，那么控制端项目我就换一种方式教大家\n\n**1、注册 Vercel 账号**\n\n官网：[https://vercel.com/](https://vercel.com/)   (科学上网)\n\n注册成功并登录后会看到这样的界面，这些都是部署的应用程序\n\n我们点击右侧 `Add New -> Project` 按钮创建项目\n\n\n![image.png](http://res.liuyuyang.net/article/cd2450bcbc8ef8df4e85fe6e5a0a96a9.png)\n\n\n**2、部署项目**\n\n控制端项目地址：[https://github.com/LiuYuYang01/ThriveX-Admin](https://github.com/LiuYuYang01/ThriveX-Admin)\n\n\n![image.png](http://res.liuyuyang.net/article/1dde0a0d4989befb51a671a9f77a7959.png)\n\n![image.png](http://res.liuyuyang.net/article/c6d8aa25e44138d57f25bad7b505b8de.png)\n\n\n\n**3、自定义域名**\n\n需要注意的是 `Vercel` 是国外的平台，因此部署的网站默认只能翻墙访问，但我们可以配置国内 `cdn` 解决这个文件\n\n![image.png](http://res.liuyuyang.net/article/ab594a6c3f2b483095ead9924740cec0.png)\n\n\n\n**4、替换为自己的后端域名**\n\n+ 在自己的 `GitHub` 仓库找到刚刚在 `Vercel` 创建的仓库 `my-blog`\n+ 进入到 `src -> urils -> request.ts` 文件夹，点击右侧编辑按钮 \n+ 替换为自己的后端域名 \n+ 点击右侧 `Commit changes` 按钮保存 \n+ 保存之后等待 `Vercel` 自动重新部署\n\n\n![image.png](http://res.liuyuyang.net/article/e6aaf53cb83672ac2a28ea1124c23414.png)\n\n这里我补充一下，配置自己的后端域名时必须是 `https`协议，图文中 `http`是错误的\n\n\n![image.png](http://res.liuyuyang.net/article/354842f54d72e6768802011913aa89df.png)\n\n\n\n**5、配置环境变量**\n\n百度接口申请地址：[https://tongji.baidu.com/api/manual/Chapter2/openapi.html](https://tongji.baidu.com/api/manual/Chapter2/openapi.html](https://tongji.baidu.com/api/manual/Chapter2/openapi.html))\n\n星火大模型接口申请地址：[https://www.xfyun.cn/](https://www.xfyun.cn/](https://www.xfyun.cn/](https://www.xfyun.cn/))\n\n```bash\n# 百度统计相关配置\nVITE_BAIDU_TONGJI_KEY=\nVITE_BAIDU_TONGJI_SECRET_KEY=\nVITE_BAIDU_TONGJI_SITE_ID=\nVITE_BAIDU_TONGJI_ACCESS_TOKEN=\nVITE_BAIDU_TONGJI_REFRESH_TOKEN=\n\n# 星火AI相关配置\nVITE_AI_APIPassword=\nVITE_AI_MODEL=\n```\n\n\n![image.png](http://res.liuyuyang.net/article/a6c952b89d3c3dc08fa3df100bc66944.png)\n\n\n\n**6、部署成功**\n\n默认账号：admin     密码：123456\n\n\n![image.png](http://res.liuyuyang.net/article/1ceef46582789d77efecaf1107b6a872.png)\n\n\n## Docker 部署\n\n持续更新\n\n',NULL,12,0,'216,217','1731997507756'),(2207,'ThriveX 后端项目部署','本教程将以三种方式进行项目部署，分别是：宝塔、Docker，下面直接进入主题','# ThriveX 后端项目部署\n\n本教程将以三种方式进行项目部署，分别是：宝塔、Docker，下面直接进入主题\n\n## 宝塔部署（推荐）\n\n**1、打开项目地址：**[https://github.com/LiuYuYang01/ThriveX-Server/releases](https://github.com/LiuYuYang01/ThriveX-Server/releases)\n\n\n![image.png](http://res.liuyuyang.net/article/fc1b7b54d20e153a4264a325afad1a09.png)\n\n\n\n**2、在宝塔软件商店安装以下环境**\n\n\n![image.png](http://res.liuyuyang.net/article/737f5f39e8ccb5bd9429fc096e50beea.png)\n\n\n\n**3、添加数据库**\n\n![image.png](http://res.liuyuyang.net/article/344106beedd11e37fcf80e36f0298f3c.png)\n\n\n**4、导入数据库**\n\n数据库地址：[https://github.com/LiuYuYang01/ThriveX-Server/blob/master/ThriveX.sql](https://github.com/LiuYuYang01/ThriveX-Server/blob/master/ThriveX.sql)\n\n\n![image.png](http://res.liuyuyang.net/article/f9287380be3a1630ec52fb0f3c4bf1d3.png)\n\n导入刚刚下载的数据库文件\n\n\n![image.png](http://res.liuyuyang.net/article/37e40174e252a4fc3f11193aef982251.png)\n\n\n![image.png](http://res.liuyuyang.net/article/d20f49331d275e940e3aba91f9eb75c4.png)\n\n\n\n**5、打开安装 Java 相关环境**\n\n![image.png](http://res.liuyuyang.net/article/6b2f48c5646073c307aabcff4f6a9443.png)\n\n\n\n**6、将刚刚下载的 jar 包上传到宝塔任意目录，最好是放在 www/wwwroot/项目域名 规范一些**\n\n\n![image.png](http://res.liuyuyang.net/article/a8b371e187a058a57d52edc5c17e17de.png)\n\n\n**7、点击网站菜单 -> Java项目 -> 添加Java项目 选择刚刚创建的项目目录，然后配置环境变量**\n\n```bash\nDB_NAME=数据库名称\nDB_USERNAME=数据库用户名，一般root\nDB_PASSWORD=数据库密码\nEMAIL_HOST=邮箱服务器\nEMAIL_PORT=邮箱服务器端口\nEMAIL_USERNAME=邮箱用户名\nEMAIL_PASSWORD=邮箱授权码（不是邮箱密码）\nOSS_ACCESS_KEY=七牛云ACCESS\nOSS_SECRET_KEY=七牛云SECRET\nOSS_BUCKET=七牛云存储桶\n```\n\n**示例：**\n\n```bash\nDB_NAME=blog\nDB_USERNAME=blog\nDB_PASSWORD=YFWyPwW2tNw7a3Bz\nEMAIL_HOST=smtp.qq.com\nEMAIL_PORT=465\nEMAIL_USERNAME=3311118881@qq.com\nEMAIL_PASSWORD=eqtadasdasdadqhcjdi\nOSS_ACCESS_KEY=YlsypGvYxasdadadadadadwbsoDU0szu3\nOSS_SECRET_KEY=oZqTx69xaddadawWadadadpcJasdadp9SURATGhH\nOSS_BUCKET=thrive\n```\n\n\n![image.png](http://res.liuyuyang.net/article/95ac1974904193fcbe1ae9ddf18d4668.png)\n\n\n\n**8、测试是否部署成功**\n\n如果访问 `ip:9003` 网页出现如下文本表示后端部署成功\n\n\n![image.png](http://res.liuyuyang.net/article/ecc7694ab0190b08472b8ce6af0d65d8.png)\n\n进一步测试，访问 [http://110.42.101.84:9003/doc.html#/default/用户管理/loginUsingPOST](http://110.42.101.84:9003/doc.html#/default/%E7%94%A8%E6%88%B7%E7%AE%A1%E7%90%86/loginUsingPOST) 进行登录\n\n默认账号：admin     密码：123456\n\n\n![image.png](http://res.liuyuyang.net/article/b736cbfb023664d11e585781ced55261.png)\n\n\n\n**9、绑定域名**\n\n![image.png](http://res.liuyuyang.net/article/8f02c54885ad295d9e1eeae57d9501a2.png)\n\n\n\n**10、配置 ssl 证书**\n\n申请证书成功后会返回 `key` 和 `pem` 的秘钥，分别粘贴到指定位置即可\n\n\n![image.png](http://res.liuyuyang.net/article/198a1ee7be21a089f634afe0fe0d6936.png)\n\n\n\n## Docker 部署\n\n持续更新\n\n',NULL,5,0,'216,217','1731997909319');
/*!40000 ALTER TABLE `article` ENABLE KEYS */;
UNLOCK TABLES;

--
-- Table structure for table `article_cate`
--

DROP TABLE IF EXISTS `article_cate`;
/*!40101 SET @saved_cs_client     = @@character_set_client */;
/*!50503 SET character_set_client = utf8mb4 */;
CREATE TABLE `article_cate` (
  `id` int NOT NULL AUTO_INCREMENT,
  `article_id` int NOT NULL COMMENT '文章ID',
  `cate_id` int NOT NULL COMMENT '分类ID',
  PRIMARY KEY (`id`),
  UNIQUE KEY `article_cate_pk_2` (`id`)
) ENGINE=InnoDB AUTO_INCREMENT=1765 DEFAULT CHARSET=utf8mb4 COLLATE=utf8mb4_0900_ai_ci COMMENT='文章和分类的中间表';
/*!40101 SET character_set_client = @saved_cs_client */;

--
-- Dumping data for table `article_cate`
--

LOCK TABLES `article_cate` WRITE;
/*!40000 ALTER TABLE `article_cate` DISABLE KEYS */;
INSERT INTO `article_cate` VALUES (631,375,2),(667,545,2),(668,546,2),(669,546,2),(670,549,2),(671,549,2),(675,557,2),(676,557,2),(678,563,2),(679,564,2),(680,566,2),(681,567,2),(682,568,2),(688,579,2),(689,582,2),(690,584,2),(691,586,2),(692,587,2),(693,589,2),(694,593,2),(695,597,2),(696,600,2),(697,602,2),(698,604,2),(701,611,2),(704,615,2),(705,616,2),(706,618,2),(708,623,2),(709,625,2),(710,626,2),(713,634,2),(717,658,2),(718,660,2),(720,686,2),(721,700,2),(722,703,2),(742,864,1),(743,868,1),(766,944,1),(772,966,2),(777,977,1),(778,978,1),(783,986,1),(786,1023,1),(787,1031,1),(791,1047,1),(838,1130,1),(843,1143,2),(853,1181,2),(856,1204,2),(858,1207,2),(859,1209,2),(864,1220,2),(882,1310,2),(889,1322,74),(890,1322,143),(893,1337,2),(911,1425,1),(922,1467,2),(925,1513,2),(926,1529,2),(927,1540,2),(956,1615,1),(957,1615,1),(958,1615,70),(959,1615,1),(968,1630,2),(969,1630,2),(970,1631,2),(971,1631,2),(972,1633,2),(973,1633,2),(976,1639,2),(977,1639,2),(978,1655,1),(979,1655,1),(980,1655,74),(981,1658,1),(982,1658,1),(983,1658,75),(984,1658,76),(985,1658,77),(986,1658,1),(991,1661,2),(992,1661,2),(1002,1668,2),(1003,1668,2),(1006,1681,1),(1007,1681,1),(1008,1681,85),(1009,1682,1),(1010,1682,1),(1011,1682,86),(1014,1685,1),(1015,1685,1),(1020,1694,2),(1021,1694,2),(1022,1695,2),(1023,1696,2),(1024,1696,2),(1025,1697,1),(1026,1697,1),(1027,1697,76),(1028,1697,89),(1029,1697,90),(1030,1699,1),(1031,1699,1),(1032,1699,75),(1033,1700,1),(1034,1700,1),(1035,1700,91),(1036,1700,92),(1037,1701,1),(1038,1701,1),(1039,1701,75),(1044,1707,2),(1045,1707,2),(1046,1707,94),(1047,1710,2),(1048,1710,2),(1049,1711,2),(1050,1711,2),(1051,1712,2),(1052,1712,2),(1053,1712,95),(1056,1721,2),(1057,1721,2),(1058,1721,74),(1059,1721,96),(1060,1721,99),(1061,1726,2),(1062,1726,2),(1063,1726,103),(1064,1726,104),(1065,1740,2),(1066,1740,114),(1067,1740,115),(1068,1746,2),(1069,1746,2),(1070,1748,2),(1071,1748,2),(1072,1752,2),(1073,1752,2),(1074,1755,2),(1075,1755,2),(1082,1764,2),(1083,1764,2),(1084,1766,2),(1085,1766,2),(1089,1780,2),(1090,1780,2),(1091,1780,119),(1095,1783,2),(1096,1783,2),(1097,1786,2),(1098,1786,2),(1099,1786,72),(1100,1786,121),(1101,1793,1),(1102,1793,1),(1103,1793,120),(1112,1802,2),(1113,1802,2),(1114,1802,72),(1115,1802,121),(1124,1829,1),(1125,1829,1),(1126,1829,123),(1130,1831,1),(1131,1831,1),(1132,1831,125),(1133,1833,1),(1134,1833,75),(1135,1833,126),(1139,1842,1),(1140,1842,56),(1141,1842,1),(1142,1842,80),(1143,1842,127),(1151,1853,1),(1152,1853,1),(1155,1857,1),(1156,1857,1),(1157,1858,1),(1158,1858,1),(1175,1883,1),(1176,1883,1),(1177,1883,134),(1178,1883,135),(1204,1952,2),(1205,1952,2),(1211,1974,2),(1212,1974,2),(1218,1983,1),(1219,1983,1),(1220,1983,1),(1223,1986,143),(1224,1986,146),(1229,1993,2),(1230,1993,2),(1390,2166,2),(1391,2164,2),(1393,2142,2),(1424,2186,1),(1425,2186,2),(1426,2185,2),(1427,2185,1),(1428,2185,4),(1429,2185,10),(1431,2182,2),(1436,1165,2),(1437,521,2),(1438,525,2),(1439,527,2),(1442,553,2),(1444,2119,2),(1445,2181,2),(1446,2180,2),(1447,2179,2),(1448,2178,2),(1451,2177,2),(1452,2189,1),(1453,2190,1),(1454,2191,1),(1455,2174,2),(1456,2176,2),(1457,536,2),(1458,540,2),(1460,2021,2),(1461,2111,2),(1462,2121,2),(1464,2122,2),(1465,2175,2),(1466,2128,2),(1467,2173,2),(1468,2132,2),(1469,2171,2),(1470,2170,2),(1471,2125,2),(1472,2169,2),(1473,2088,2),(1478,2168,2),(1479,2167,2),(1480,2114,2),(1481,2090,2),(1482,2089,2),(1483,2086,2),(1484,2183,2),(1485,2183,10),(1486,2085,2),(1487,2087,2),(1488,2083,2),(1489,2081,2),(1490,2080,2),(1491,2077,2),(1492,2069,2),(1493,2065,2),(1502,300,10),(1504,272,10),(1505,247,10),(1509,421,10),(1511,430,10),(1512,438,10),(1513,449,10),(1515,463,10),(1518,849,10),(1519,812,10),(1520,748,10),(1521,711,10),(1522,710,10),(1524,894,10),(1525,898,10),(1527,907,10),(1528,923,10),(1529,924,10),(1530,902,10),(1531,1119,10),(1532,1121,10),(1533,929,10),(1534,952,10),(1536,967,10),(1538,979,10),(1539,984,10),(1540,956,10),(1541,971,10),(1542,1012,10),(1543,1065,10),(1544,1038,10),(1545,1048,10),(1546,1049,10),(1547,1055,10),(1548,1063,10),(1550,2153,2),(1552,1839,2),(1555,1081,10),(1556,1073,10),(1557,1128,10),(1558,1072,10),(1559,1070,10),(1560,1066,10),(1562,1446,10),(1563,224,10),(1564,227,10),(1565,298,10),(1566,422,10),(1567,406,10),(1568,515,10),(1569,485,10),(1570,453,10),(1571,862,10),(1572,1075,10),(1574,910,2),(1575,1147,2),(1578,1944,2),(1580,1082,10),(1581,1864,2),(1582,555,2),(1583,538,2),(1584,605,2),(1585,1866,2),(1586,571,2),(1588,1885,2),(1589,1856,2),(1590,1850,2),(1597,2188,2),(1599,2018,10),(1600,2014,10),(1601,2011,10),(1602,2045,10),(1603,2019,10),(1604,2010,10),(1605,2009,10),(1606,2007,10),(1607,2005,10),(1608,2002,10),(1609,2000,10),(1610,1996,10),(1611,1995,10),(1612,1617,10),(1616,1618,10),(1617,1622,2),(1618,1622,10),(1619,1624,10),(1620,1595,10),(1621,1596,10),(1622,1600,10),(1623,1602,10),(1624,1585,10),(1625,1590,10),(1626,1594,10),(1627,1581,10),(1628,1576,10),(1629,1551,10),(1632,1980,1),(1634,1942,2),(1637,1830,1),(1638,1758,2),(1640,1345,1),(1641,1097,1),(1643,707,1),(1645,704,1),(1651,2091,2),(1652,1198,1),(1660,2199,1),(1661,2046,1),(1664,2200,1),(1665,2200,2),(1668,2201,1),(1679,1546,10),(1680,1543,10),(1681,1544,10),(1682,1469,10),(1683,1456,10),(1685,1444,10),(1686,1437,10),(1687,1441,10),(1688,1413,10),(1689,1357,10),(1690,1356,10),(1691,1349,10),(1692,1340,10),(1693,1316,10),(1694,1311,10),(1695,1257,10),(1696,1255,10),(1697,1253,10),(1698,1133,10),(1699,1096,10),(1700,1095,10),(1701,1090,10),(1702,1100,10),(1703,1139,10),(1704,1210,10),(1705,1213,10),(1706,1222,10),(1708,1251,10),(1709,1245,10),(1710,1226,10),(1711,1231,10),(1712,2048,10),(1713,1988,2),(1714,1991,2),(1715,1985,2),(1716,1982,2),(1717,1949,2),(1718,1957,2),(1720,1938,2),(1721,1874,2),(1722,1901,2),(1723,1879,2),(1724,1845,2),(1726,1835,2),(1727,1822,1),(1728,1801,2),(1729,1760,2),(1730,1716,2),(1731,1876,2),(1732,1703,2),(1733,1684,2),(1734,1670,2),(1735,1606,2),(1736,1637,2),(1737,1232,2),(1738,1177,2),(1739,1074,2),(1740,803,2),(1742,645,2),(1743,1155,2),(1744,791,2),(1745,630,2),(1747,628,2),(1748,620,2),(1749,607,2),(1750,1862,2),(1751,573,2),(1752,1872,2),(1753,1870,2),(1754,312,10),(1755,308,10),(1756,2203,1),(1757,2202,1),(1758,2204,1),(1759,2205,1),(1760,2198,2),(1761,2206,1),(1762,2207,1),(1763,2184,2),(1764,2187,4);
/*!40000 ALTER TABLE `article_cate` ENABLE KEYS */;
UNLOCK TABLES;

--
-- Table structure for table `article_config`
--

DROP TABLE IF EXISTS `article_config`;
/*!40101 SET @saved_cs_client     = @@character_set_client */;
/*!50503 SET character_set_client = utf8mb4 */;
CREATE TABLE `article_config` (
  `id` int NOT NULL AUTO_INCREMENT,
  `status` enum('default','no_home','hide') CHARACTER SET utf8mb4 COLLATE utf8mb4_unicode_ci DEFAULT 'default' COMMENT '文章状态',
  `password` varchar(100) CHARACTER SET utf8mb4 COLLATE utf8mb4_unicode_ci DEFAULT '' COMMENT '是否文章加密',
  `article_id` int NOT NULL COMMENT '对应的文章id',
  PRIMARY KEY (`id`),
  UNIQUE KEY `article_config_pk_2` (`id`)
) ENGINE=InnoDB AUTO_INCREMENT=565 DEFAULT CHARSET=utf8mb4 COLLATE=utf8mb4_unicode_ci COMMENT='文章配置表';
/*!40101 SET character_set_client = @saved_cs_client */;

--
-- Dumping data for table `article_config`
--

LOCK TABLES `article_config` WRITE;
/*!40000 ALTER TABLE `article_config` DISABLE KEYS */;
INSERT INTO `article_config` VALUES (3,'default','',247),(4,'default','',272),(6,'default','',300),(9,'default','',315),(10,'default','',375),(11,'default','',383),(13,'default','',421),(15,'default','',424),(16,'default','',430),(17,'default','',438),(18,'default','',449),(20,'default','',463),(23,'default','',521),(24,'default','',525),(25,'default','',527),(26,'default','',528),(27,'default','',529),(28,'default','',536),(30,'default','',540),(31,'default','',553),(33,'default','',559),(34,'default','',568),(35,'default','',569),(38,'default','',577),(39,'default','',600),(42,'default','',611),(43,'default','',612),(44,'default','',614),(45,'default','',616),(46,'default','',618),(48,'default','',625),(49,'default','',626),(52,'default','',634),(53,'default','',639),(55,'default','',653),(56,'default','',658),(57,'default','',660),(58,'default','',678),(59,'default','',686),(60,'default','',700),(66,'default','',774),(67,'default','',781),(73,'default','',871),(74,'default','',875),(75,'default','',891),(79,'default','',903),(87,'default','',966),(93,'default','',1036),(108,'default','',1087),(109,'default','',1088),(120,'default','',1145),(121,'default','',1146),(124,'default','',1159),(125,'default','',1165),(126,'default','',1174),(128,'default','',1180),(129,'default','',1181),(130,'default','',1184),(132,'default','',1206),(133,'default','',1207),(145,'default','',1310),(148,'default','',1321),(149,'default','',1322),(150,'default','',1332),(151,'default','',1337),(154,'default','',1348),(164,'default','',1467),(166,'default','',1513),(167,'default','',1529),(168,'default','',1540),(187,'default','',1630),(188,'default','',1631),(189,'default','',1633),(191,'default','',1639),(192,'default','',1660),(193,'default','',1664),(194,'default','',1667),(195,'default','',1668),(198,'default','',1687),(199,'default','',1694),(200,'default','',1695),(201,'default','',1696),(203,'default','',1707),(204,'default','',1710),(205,'default','',1711),(206,'default','',1712),(208,'default','',1721),(209,'default','',1726),(210,'default','',1740),(211,'default','',1746),(212,'default','',1748),(213,'default','',1752),(214,'default','',1755),(217,'default','',1764),(218,'default','',1766),(219,'default','',1777),(220,'default','',1780),(221,'default','',1782),(222,'default','',1783),(223,'default','',1796),(225,'default','',1802),(226,'default','',1805),(227,'default','',1807),(233,'default','',1846),(245,'default','',1887),(246,'default','',1897),(248,'default','',1936),(252,'default','',1948),(254,'default','',1954),(256,'default','',1974),(262,'default','',1993),(275,'default','',2021),(279,'default','',2065),(280,'default','',2069),(281,'default','',2077),(282,'default','',2080),(283,'default','',2081),(284,'default','',2083),(285,'default','',2085),(286,'default','',2086),(287,'default','',2087),(288,'default','',2088),(289,'default','',2089),(290,'default','',2090),(292,'default','',2111),(293,'default','',2114),(294,'default','',2119),(295,'default','',2121),(296,'default','',2122),(297,'default','',2125),(298,'default','',2128),(299,'default','',2132),(300,'default','',2142),(303,'default','',2164),(304,'default','',2166),(305,'default','',2167),(306,'default','',2168),(307,'default','',2169),(308,'default','',2170),(309,'default','',2171),(310,'default','',2173),(311,'default','',2174),(312,'default','',2175),(313,'default','',2176),(314,'default','',2177),(315,'default','',2178),(316,'default','',2179),(317,'default','',2180),(318,'default','',2181),(319,'default','',2182),(320,'default','',2183),(322,'default','',2185),(327,'default','',849),(328,'default','',812),(329,'default','',748),(330,'default','',711),(331,'default','',710),(333,'default','',894),(334,'default','',898),(336,'default','',907),(337,'default','',923),(338,'default','',924),(339,'default','',902),(340,'default','',1119),(341,'default','',1121),(342,'default','',929),(343,'default','',952),(345,'default','',967),(347,'default','',979),(348,'default','',984),(349,'default','',956),(350,'default','',971),(351,'default','',1012),(352,'default','',1065),(353,'default','',1038),(354,'default','',1048),(355,'default','',1049),(356,'default','',1055),(357,'default','',1063),(359,'default','',2153),(360,'default','',2144),(361,'default','',1839),(364,'default','',1081),(365,'default','',1073),(366,'default','',1128),(367,'default','',1072),(368,'default','',1070),(369,'default','',1066),(371,'default','',1446),(372,'default','',224),(373,'default','',227),(374,'default','',298),(375,'default','',422),(376,'default','',406),(377,'default','',515),(378,'default','',485),(379,'default','',453),(380,'default','',862),(381,'default','',1075),(383,'default','',910),(384,'default','',1147),(386,'default','',1944),(388,'default','',1082),(389,'default','',1864),(390,'default','',555),(391,'default','',538),(392,'default','',605),(393,'default','',1866),(394,'default','',571),(396,'default','',1885),(397,'default','',1856),(398,'default','',1850),(405,'default','',2188),(407,'default','',2018),(408,'default','',2014),(409,'default','',2011),(410,'default','',2045),(411,'default','',2019),(412,'default','',2010),(413,'default','',2009),(414,'default','',2007),(415,'default','',2005),(416,'default','',2002),(417,'default','',2000),(418,'default','',1996),(419,'default','',1995),(420,'default','',1617),(423,'default','',1618),(424,'default','',1622),(425,'default','',1624),(426,'default','',1595),(427,'default','',1596),(428,'default','',1600),(429,'default','',1602),(430,'default','',1585),(431,'default','',1590),(432,'default','',1594),(433,'default','',1581),(434,'default','',1576),(435,'default','',1551),(438,'default','',1980),(440,'default','',1942),(442,'default','',1830),(443,'default','',1758),(445,'default','',1345),(446,'default','',1097),(448,'default','',707),(450,'default','',704),(452,'no_home','',2192),(454,'default','74be16979710d4c4e7c6647856088456',2193),(455,'no_home','d41d8cd98f00b204e9800998ecf8427e',2194),(456,'default','',2091),(457,'default','',1198),(462,'no_home','',2199),(463,'default','',2046),(465,'no_home','',2200),(468,'default','',2201),(479,'default','',1546),(480,'default','',1543),(481,'default','',1544),(482,'default','',1469),(483,'default','',1456),(485,'default','',1444),(486,'default','',1437),(487,'default','',1441),(488,'default','',1413),(489,'default','',1357),(490,'default','',1356),(491,'default','',1349),(492,'default','',1340),(493,'default','',1316),(494,'default','',1311),(495,'default','',1257),(496,'default','',1255),(497,'default','',1253),(498,'default','',1133),(499,'default','',1096),(500,'default','',1095),(501,'default','',1090),(502,'default','',1100),(503,'default','',1139),(504,'default','',1210),(505,'default','',1213),(506,'default','',1222),(508,'default','',1251),(509,'default','',1245),(510,'default','',1226),(511,'default','',1231),(512,'default','',2048),(513,'default','',1988),(514,'default','',1991),(515,'default','',1985),(516,'default','',1982),(517,'default','',1949),(518,'default','',1957),(520,'default','',1938),(521,'default','',1874),(522,'default','',1901),(523,'default','',1879),(524,'default','',1845),(526,'default','',1835),(527,'default','',1822),(528,'default','',1801),(529,'default','',1760),(530,'default','',1716),(531,'default','',1876),(532,'default','',1703),(533,'default','',1684),(534,'default','',1670),(535,'default','',1606),(536,'default','',1637),(537,'default','',1232),(538,'default','',1177),(539,'default','',1074),(540,'default','',803),(542,'default','',645),(543,'default','',1155),(544,'default','',791),(545,'default','',630),(547,'default','',628),(548,'default','',620),(549,'default','',607),(550,'default','',1862),(551,'default','',573),(552,'default','',1872),(553,'default','',1870),(554,'default','',312),(555,'default','',308),(556,'no_home','',2203),(557,'no_home','',2202),(558,'no_home','',2204),(559,'no_home','',2205),(560,'default','',2198),(561,'default','',2206),(562,'default','',2207),(563,'default','',2184),(564,'default','',2187);
/*!40000 ALTER TABLE `article_config` ENABLE KEYS */;
UNLOCK TABLES;

--
-- Table structure for table `cate`
--

DROP TABLE IF EXISTS `cate`;
/*!40101 SET @saved_cs_client     = @@character_set_client */;
/*!50503 SET character_set_client = utf8mb4 */;
CREATE TABLE `cate` (
  `id` int NOT NULL AUTO_INCREMENT,
  `name` varchar(255) NOT NULL COMMENT '分类名称',
  `icon` varchar(100) DEFAULT NULL COMMENT '分类图标',
  `url` varchar(255) DEFAULT '/' COMMENT '分类链接',
  `mark` varchar(100) NOT NULL COMMENT '分类标识',
  `level` int DEFAULT NULL COMMENT '分类级别',
  `order` int NOT NULL COMMENT '分类顺序',
  `type` varchar(10) DEFAULT 'cate' COMMENT '导航还是分类',
  PRIMARY KEY (`id`) USING BTREE,
  UNIQUE KEY `name` (`name`) USING BTREE,
  UNIQUE KEY `cate_pk` (`mark`)
) ENGINE=InnoDB AUTO_INCREMENT=59 DEFAULT CHARSET=utf8mb4 COLLATE=utf8mb4_0900_ai_ci ROW_FORMAT=DYNAMIC;
/*!40101 SET character_set_client = @saved_cs_client */;

--
-- Dumping data for table `cate`
--

LOCK TABLES `cate` WRITE;
/*!40000 ALTER TABLE `cate` DISABLE KEYS */;
INSERT INTO `cate` VALUES (1,'开发日常','💻','/','kfbj',0,1,'cate'),(2,'生活随笔','✍️','/','shsb',0,2,'cate'),(4,'大前端','🎉','/','dqd',0,4,'cate'),(5,'前端',NULL,'/','qd',4,5,'cate'),(7,'Java',NULL,'/','java',4,6,'cate'),(9,'Python',NULL,'/','python',4,7,'cate'),(10,'大学生活','🌈','/','dssh',0,3,'cate'),(50,'首页','💎','/','home',0,0,'nav'),(51,'足迹','⛳️','/footprint','zj',0,9,'nav'),(52,'关于我','👋','/my','my',0,12,'nav'),(53,'友人','😇','/friend','yr',0,10,'nav'),(54,'留言墙','💌','/wall/all','wall',0,11,'nav'),(55,'GitHub','🔥','https://github.com/LiuYuYang01/ThriveX-Blog','github',0,999,'nav'),(56,'统计','📊','/data','data',0,8,'nav');
/*!40000 ALTER TABLE `cate` ENABLE KEYS */;
UNLOCK TABLES;

--
-- Table structure for table `comment`
--

DROP TABLE IF EXISTS `comment`;
/*!40101 SET @saved_cs_client     = @@character_set_client */;
/*!50503 SET character_set_client = utf8mb4 */;
CREATE TABLE `comment` (
  `id` int NOT NULL AUTO_INCREMENT,
  `name` varchar(50) NOT NULL COMMENT '评论者名称',
  `avatar` varchar(255) DEFAULT NULL COMMENT '评论者头像',
  `content` text NOT NULL COMMENT '评论内容',
  `email` varchar(100) DEFAULT NULL COMMENT '评论者邮箱',
  `url` varchar(500) DEFAULT NULL COMMENT '评论者网站',
  `article_id` int NOT NULL COMMENT '所属文章ID',
  `comment_id` int DEFAULT '0' COMMENT '二级评论',
  `audit_status` int DEFAULT '0' COMMENT '是否审核',
  `create_time` varchar(255) NOT NULL,
  PRIMARY KEY (`id`) USING BTREE
) ENGINE=InnoDB AUTO_INCREMENT=568 DEFAULT CHARSET=utf8mb4 COLLATE=utf8mb4_0900_ai_ci ROW_FORMAT=DYNAMIC;
/*!40101 SET character_set_client = @saved_cs_client */;

--
-- Dumping data for table `comment`
--

LOCK TABLES `comment` WRITE;
/*!40000 ALTER TABLE `comment` DISABLE KEYS */;
INSERT INTO `comment` VALUES (21,'我没有啊啊','340','花Q\n','2498439710@qq.com','https://res.liuyuyang.net/',1066,0,1,'1640349222000'),(25,'kk','339','太谢谢作者大大了，一看就会','488309241@qq.com','https://res.liuyuyang.net/',1345,0,1,'1651541858000'),(27,'野.','332','没啥好说的\r\n','48487264@qq.com','https://res.liuyuyang.net/',1606,0,1,'1653549215000'),(28,'Nefelibata','331','我是最佳助手\r\n','488309241@qq.com','https://res.liuyuyang.net/',1615,0,1,'1653640780000'),(29,'梦想家阳阳','330',':@(高兴)::(哈哈)','3311118881@qq.com','https://res.liuyuyang.net/',1615,28,1,'1653643446000'),(30,'梦想家阳阳','329',':@(高兴)::(哈哈)','3311118881@qq.com','https://res.liuyuyang.net/',1615,28,1,'1653643448000'),(33,'Mr.救赎','328','真棒','112376397@qq.com','https://www.itmfcbi.cn/',1721,0,1,'1661154592000'),(36,'为了碎银几两','327','已收藏','1767966703@qq.com','https://res.liuyuyang.net/',1740,0,1,'1661487646000'),(41,'夜',NULL,'::(喷)','2307301979@qq.com','https://res.liuyuyang.net/',1831,0,1,'1665115632000'),(42,'Ang',NULL,'::(大拇指)','2307301979@qq.com','https://res.liuyuyang.net/',1839,0,1,'1665570334000'),(43,'夜',NULL,'1','2307301979@qq.com','https://res.liuyuyang.net/',1842,0,1,'1665918320000'),(46,'###',NULL,'要是没有后续你很难向观众们交代','1209147707@qq.com','https://res.liuyuyang.net/',1845,0,1,'1666161575000'),(47,'梦想家阳阳',NULL,'哈哈，心中无女人，代码自然神！','3311118881@qq.com','https://res.liuyuyang.net/',1845,46,1,'1666165785000'),(48,'夜',NULL,'你的技术 我的梦！','1423256201@qq.com','https://res.liuyuyang.net/',1858,0,1,'1666668163000'),(49,'梦想家阳阳',NULL,'现在是2022年10月30日  很感谢当年没有放弃的我','3311118881@qq.com','https://res.liuyuyang.net/',540,0,1,'1667129787000'),(51,'12',NULL,'java\r\n:@(内伤)','12@qq.com','https://res.liuyuyang.net/',1901,0,1,'1670733641000'),(53,'前端小张',NULL,'我也在学习前端，还没有写过项目，马上就要投简历找工作了，可以分享一下源码嘛','1982271594@qq.com','https://res.liuyuyang.net/',1932,0,1,'1671885984000'),(54,'Echo',NULL,'hh，加油，功不唐捐，玉汝于成','big_fw@foxmail.com','https://liveout.cn/index/',1874,0,1,'1671890247000'),(55,'四叶草',NULL,'每天第一件事就是看博主的网站有没有更新 (#^.^#)','1040038643@qq.com','https://res.liuyuyang.net/',1932,0,1,'1671973532000'),(56,'为爱，唯爱',NULL,'身为大三学长的我看了你的博客后自愧不如，属实厉害。我们学校是普通二本，全学院可能没几个比你厉害的了。我要是像你一样清醒就好了，大一也不会荒废掉','3150679216@qq.com','https://res.liuyuyang.net/',1932,0,1,'1672373683000'),(57,'Echo',NULL,'不考虑写个年终总结吗:@(脸红)','3451914595@qq.com','https://liveout.cn',1949,0,1,'1673143361000'),(58,'梦想家阳阳',NULL,'哈哈，2020、2021年经历了很多，2022感觉没有什么记录的。不停的学','3311118881@qq.com','https://res.liuyuyang.net/',1949,57,1,'1673174015000'),(59,'SpongeBob',NULL,'❤️','2420374537@qq.com','https://res.liuyuyang.net/',1441,0,1,'1673226825000'),(60,'Echo',NULL,'hh,虽然说晚了一步，但我还是推荐买Macbook:@(脸红),\r\n还有就是400上个24寸显示器能让你效率更加高效','3451914595@qq.com','https://liveout.cn',1957,0,1,'1673257725000'),(61,'梦想家阳阳',NULL,'下一个电脑就换Macbook','3311118881@qq.com','https://res.liuyuyang.net/',1957,60,1,'1673444432000'),(62,'木子李李李',NULL,'加油，宇阳，期待你的offer！','2636467206@qq.com','https://res.liuyuyang.net/',1932,0,1,'1674223623000'),(63,'Echo',NULL,'如果不打算走前端方向，但是项目需要会点vue，是学vue2还是直接学vue3呢:@(脸红)','3451914595@qq.com','https://liveout.cn',1995,0,1,'1678531106000'),(64,'梦想家阳阳',NULL,'直接学Vue3，Vue2一般是为了维护老项目，目前还有很多公司因为时间、成本问题都还在使用Vue2，如果不以前端方向为目的 就直接学V3好了。Vue2终究会被淘汰','3311118881@qq.com','https://res.liuyuyang.net/',1995,63,1,'1678538568000'),(65,'Echo',NULL,'好滴，感谢:@(赞一个)','3451914595@qq.com','https://liveout.cn',1995,64,1,'1678594911000'),(74,'宇阳',NULL,'第一条说说:@(脸红)','3311118881@qq.com','https://res.liuyuyang.net/',2022,0,1,'1680417979000'),(75,'心月云',NULL,'嗯，我感受也差不多。','3223398545@qq.com','https://wch666.com/',1839,0,1,'1680629340000'),(76,'あなたは远く',NULL,'名称：梦境学习站\r\n链接：https://blog.godgy.xyz\r\n简介：一个乐于免费分享的网站\r\n图标：https://dreamwld.top/images/avatar1.png','361080778@qq.com','https://blog.godgy.xyz',1932,0,1,'1680885766000'),(77,'伸手怪',NULL,'开源吗铁汁\r\n','467677527@qq.com','https://res.liuyuyang.net/',2077,0,1,'1683711924000'),(78,'宇阳',NULL,'等比赛彻底结束了会考虑开源的，不过因为时间问题项目烂尾了，好多功能都没写完，还有几个bug没解决','3311118881@qq.com','https://res.liuyuyang.net/',2077,77,1,'1683723415000'),(79,'CJHONG',NULL,'最近在学一些后端，但我也只是会一点点nodejs云开发，后端不用怎么考虑样式真的很爽，写出功能的时候成就感也很强:@(欢呼)','1651151664@qq.com','https://hongweblog.com',2080,0,1,'1683898627000'),(80,'宇阳',NULL,'确实，后端增删改查写的比前端要爽:@(脸红)','3311118881@qq.com','https://res.liuyuyang.net/',2080,79,1,'1683953256000'),(81,'方法总比困难多',NULL,'liuyuyang1024@yeah.net','liuyuyang1024@yeah.net','https://res.liuyuyang.net/',2081,0,1,'1683958370000'),(92,'桂圆',NULL,'<script>\r\n     alert(0);</script>','2244420174@qq.com','https://res.liuyuyang.net/',2085,0,1,'1685363891000'),(93,'小明',NULL,'很好','xiaoming@qq.com','https://res.liuyuyang.net/',1088,0,1,'1685436108000'),(94,'耶瞳',NULL,'大佬，我来加友链了\r\n\r\n名称：耶瞳空间\r\n简介：静坐于万花筒，在绚烂中寻找那唯一的本源\r\n图片：http://user-cdn.eyescode.top/avatar/39e5d01891494aa38f4b0cd37f29fc09.png\r\n网址：http://space.eyescode.top','eyesyeager@163.com','http://space.eyescode.top',1932,0,1,'1685630155000'),(95,'宇阳',NULL,'已加','3311118881@qq.com','https://res.liuyuyang.net/',1932,94,1,'1685850489000'),(96,'陈震',NULL,'朋友求个友链\r\n博客标题：ChenZhen的客栈\r\n博客地址：https://www.chenzhen.space\r\n图片地址：https://www.chenzhen.space/images/me.jpg\r\n博客简介：个人博客，分享技术文章、自建ChatGPT提示库、在线聊天网页','1583296383@qq.com','https://www.chenzhen.space',1932,0,1,'1686032736000'),(97,'Miracle',NULL,'厉害','529045416@qq.com','https://res.liuyuyang.net/',1932,0,1,'1686291523000'),(98,'宇阳',NULL,'已添加','3311118881@qq.com','https://res.liuyuyang.net/',1932,96,1,'1686396137000'),(99,'宇阳',NULL,'^_^','3311118881@qq.com','https://res.liuyuyang.net/',1932,97,1,'1686396248000'),(100,'CJHONG',NULL,'甚至有后台管理！太酷啦','1651151664@qq.com','https://res.liuyuyang.net/',2091,0,1,'1686465258000'),(101,'宇阳',NULL,'^_^','3311118881@qq.com','https://res.liuyuyang.net/',2091,100,1,'1686466540000'),(102,'Miracle',NULL,'👍','529045416@qq.com','https://res.liuyuyang.net/',1839,0,1,'1686634438000'),(103,'萌傀儡',NULL,'已添加贵站友链\r\nname: 萌傀儡\r\nlink: https://blhorizon.github.io/\r\navatar: https://cdn1.tianli0.top/npm/blogimages/link/avatar.webp\r\ndescr: 珍惜现在，趁早摸鱼','1916251818@qq.com','https://blhorizon.github.io/',1932,0,1,'1687094352000'),(104,'心月云',NULL,'挺酷的~','3223398545@qq.com','https://wch666.com/',2091,0,1,'1687240856000'),(107,'szx',NULL,'博主这版博客会开源吗\r\n','2869047258@qq.com','https://res.liuyuyang.net/',1934,0,1,'1687705778000'),(108,'宇阳',NULL,'最近就准备开源一个博客管理系统项目','3311118881@qq.com','https://res.liuyuyang.net/',1934,107,1,'1687749934000'),(109,'LJing',NULL,'你好博主，你个博客的vue 前端有开源么？','ljnbsc@163.com','https://res.liuyuyang.net/',1934,0,1,'1688093594000'),(110,'宇阳',NULL,'后期会开源的','3311118881@qq.com','https://res.liuyuyang.net/',1934,109,1,'1688457081000'),(111,'御宅男',NULL,'码农路过，踩下留个足迹。。。','530765310@qq.com','https://blog.yzncms.com/',1932,0,1,'1688611364000'),(112,'Echo',NULL,'加油！','3451914595@qq.com','https://liveout.cn',2088,0,1,'1688912069000'),(113,'让风吹去阴影',NULL,'等待开源 ','2534235904@qq.com','https://res.liuyuyang.net/',1934,0,1,'1689558379000'),(114,'FRED',NULL,'“道阻且长，行则将至，行而不辍，未来可期” :@(献花)','FENGYIYI@YEAH.NET','https://www.fengyiyi.com',1839,0,1,'1689561235000'),(115,'宇阳',NULL,'快了','3311118881@qq.com','https://res.liuyuyang.net/',1934,113,1,'1689674647000'),(116,'宇阳',NULL,'不负众望','3311118881@qq.com','https://res.liuyuyang.net/',1839,114,1,'1689674661000'),(118,'青灯暮雨',NULL,'如果学历不是双一流或者更高，其实两三千很正常。。。太卷了现在，找工作真的很难，供过于求','1793839085@qq.com','https://www.blatr.cn',2088,0,1,'1689862196000'),(119,'宇阳',NULL,'确实，主要是给自己一些压力，如果目标是15k，那么即使达不到目标最起码也是10k、11k那样。如果目标只有8k，那么可能最后只能拿到5k、6k这样','3311118881@qq.com','https://res.liuyuyang.net/',2088,118,1,'1690005216000'),(120,'迟博勋',NULL,'换个圈子友链，已添加贵站友链\r\n\r\n名称：迟博勋\r\n链接：https://www.chiboxun.com\r\n描述：Keep Running\r\n头像：https://www.chiboxun.com/img/touxiang.jpg','11449905605@qq.com','https://www.chiboxun.com/',1932,0,1,'1690167083000'),(121,'让风吹去阴影',NULL,'又是等待开源的一天','2534235904@qq.com','https://res.liuyuyang.net/',1932,0,1,'1690184828000'),(122,'宇阳',NULL,'尽快O(∩_∩)O哈哈~','3311118881@qq.com','https://res.liuyuyang.net/',1932,121,1,'1690187737000'),(123,'宇阳',NULL,'已加','3311118881@qq.com','https://res.liuyuyang.net/',1932,120,1,'1690190252000'),(124,'让风吹去阴影',NULL,'这个评论功能越看越顺眼，就是模仿不出来，不知道是手写的还是用了啥库。\r\n这个文章展示的时候用的是markdown-it吗？模仿不出来\r\n又是等待开源的一天','2534235904@qq.com','https://res.liuyuyang.net/',1932,0,1,'1690253799000'),(125,'宇阳',NULL,'我的博客现在用的主题是Cuteen的，未来开源的不是这款。这个评论区看样子应该是用的bootstrap','3311118881@qq.com','https://res.liuyuyang.net/',1932,124,1,'1690364193000'),(126,'让风吹去阴影',NULL,'终于等到了楼主的开源','2534235904@qq.com','https://res.liuyuyang.net/',2114,0,1,'1690423656000'),(127,'迟博勋',NULL,'期待一下','11449905605@qq.com','https://www.chiboxun.com/',2114,0,1,'1690439408000'),(128,'让风吹去阴影',NULL,'好  我去捣鼓捣鼓\r\n','2534235904@qq.com','https://res.liuyuyang.net/',1932,125,1,'1690514028000'),(129,'宇阳',NULL,':@(脸红)','3311118881@qq.com','https://res.liuyuyang.net/',2114,127,1,'1690522432000'),(130,'宇阳',NULL,':@(赞一个)','3311118881@qq.com','https://res.liuyuyang.net/',2114,126,1,'1690522443000'),(131,'宇阳',NULL,'还没搞完，我一个人搞前端 中后台 后端 数据库开发周期比较长','3311118881@qq.com','https://res.liuyuyang.net/',2114,126,1,'1690522493000'),(132,'让风吹去阴影',NULL,'我还说呢  github上看不到  ','2534235904@qq.com','https://res.liuyuyang.net/',2114,131,1,'1690595964000'),(133,'宇阳',NULL,'是的，你可以看一下我之前写的，纯前端：https://github.com/LiuYuYang01/Yuexing-Blog','3311118881@qq.com','https://res.liuyuyang.net/',2114,132,1,'1690598307000'),(134,'Echo',NULL,'后端打算用啥语言呢~','3451914595@qq.com','https://liveout.cn',2114,0,1,'1690782067000'),(135,'宇阳',NULL,'Python的Flask框架','3311118881@qq.com','https://res.liuyuyang.net/',2114,134,1,'1690874807000'),(136,'夏夜小鹿',NULL,'不得不说，现阶段纯前端确实是很难找工作，我应该是比你大一些些，目前也在想着往全栈方向转，我觉得我的技术是不如你的，然后我是重后端，前端样式设计感觉很差劲，之前干算法，后来因为技术不行加上卡学历没有晋升空间，转来开发岗了，现阶段北京很多公司对于学历要求太严格了，今年行里面（某不知名股份银行）招进来的应届生清一色双一流，不过好在工资没有倒挂我这个毕业一年的老油条哈哈哈','1849819717@qq.com','https://xiayexiaolu.top/',2088,0,1,'1690875867000'),(137,'夏夜小鹿',NULL,'我觉得真的很酷！！我想问问你有没有兴趣来我司工作呢？华夏银行的全资子公司（龙盈智达），在北京总行工作，我觉得以你的能力完全可以拿到15K，而且应该很轻松就能通过offer，如果有兴趣的话可以联系我，我给你内推::@(赞一个)','1849819717@qq.com','https://xiayexiaolu.top/',2091,0,1,'1690876228000'),(138,'夏夜小鹿',NULL,'已添加贵站啦~ \r\nname: 夏夜小鹿\r\nlink: https://xiayexiaolu.top/ \r\navatar: https://blog-static-1312414756.cos.ap-beijing.myqcloud.com/config/20c79361df4f83d0e0fbb1c5696cf7c9.JPG \r\ndescr: 夏夜小鹿，是夏，也是露','1849819717@qq.com','https://xiayexiaolu.top/',1932,0,1,'1690876396000'),(139,'宇阳',NULL,'已加','3311118881@qq.com','https://res.liuyuyang.net/',1932,138,1,'1691128293000'),(140,'宇阳',NULL,'提前先谢谢你了，等我毕业就靠你了:@(脸红)','3311118881@qq.com','https://res.liuyuyang.net/',2091,137,1,'1691128541000'),(141,'永恒末匕',NULL,'非常期待哟::(真棒)','iyhmb@qq.com','https://www.avbk.cn/',2114,0,1,'1691131977000'),(142,'宇阳',NULL,':@(脸红)','3311118881@qq.com','https://res.liuyuyang.net/',2114,141,1,'1691132998000'),(143,'ewb',NULL,'我的博客：<a href=\"https://www.ewbang.com\">https://www.ewbang.com</a>','aida_pc@qq.com','https://www.ewbang.com',1932,0,1,'1691191637000'),(144,'宇阳',NULL,'不好意思，你的博客我大概看了看基本都是转载的，而且跟技术无关，所以不符合要求，抱歉了','3311118881@qq.com','https://res.liuyuyang.net/',1932,143,1,'1691208549000'),(145,'Mx',NULL,'不错哦::(滑稽)','676940534@qq.com','https://www.wwru.cn/',2114,0,1,'1691222384000'),(146,'xiaoger',NULL,'博主你好，已加贵站\r\n名称：xiaoger\r\n简介：个人学习和分享壁纸的博客\r\n头像：https://image.xiaoger.top/xiaoger/config/xiaoger.jpg\r\n地址：https://xiaoger.top','2076134787@qq.com','https://xiaoger.top',1932,0,1,'1691244801000'),(147,'宇阳',NULL,'😁','3311118881@qq.com','https://res.liuyuyang.net/',2114,145,1,'1691293395000'),(148,'宇阳',NULL,'好的，待会给你加上','3311118881@qq.com','https://res.liuyuyang.net/',1932,146,1,'1691298154000'),(149,'小彦',NULL,'咦，Python写的，博客程序里不多','iloveleeyan@126.com','https://storeweb.cn',2114,0,1,'1691452548000'),(150,'小彦',NULL,'hi，博主有兴趣加入《个站商店》么，https://storeweb.cn，是一个精致的带社交元素的博客收录平台，你可以上去发布你的网站，让我们进行收录~','iloveleeyan@126.com','https://storeweb.cn',1932,0,1,'1691452564000'),(151,'宇阳',NULL,'ok','3311118881@qq.com','https://res.liuyuyang.net/',1932,150,1,'1691472928000'),(152,'宇阳',NULL,':@(脸红)','3311118881@qq.com','https://res.liuyuyang.net/',2114,149,1,'1691472960000'),(155,'为不凡突破极限',NULL,'期待开源:@(脸红)','2518848232@qq.com','https://res.liuyuyang.net/',2114,0,1,'1691482313000'),(162,'网友小宋',NULL,'宝塔后台不是有定时任务，备份吗  三天备份一份，全站数据库目录','wangyouxiaosong@outlook.com','https://xyzbz.cn',2119,0,1,'1714009999000'),(163,'Long He',NULL,'还是得经常备份啊，数据丢了真的很心疼','1946815225@qq.com','https://blog.duolaa.asia/',2119,0,1,'1714028413000'),(166,'宇阳',NULL,'确实，这次长记性了','3311118881@qq.com','https://res.liuyuyang.net/',2119,163,1,'1714031555000'),(167,'宇阳',NULL,'是的，我之前服务器开启了这个的，但我还服务器后忘记开了，刚好碰见这样的事故。唉~','3311118881@qq.com','https://res.liuyuyang.net/',2119,162,1,'1714031589000'),(168,'2518848232',NULL,'测试评论','2518848232@qq.com','https://res.liuyuyang.net/',2119,166,1,'1714038429000'),(169,'揽星',NULL,'怎么不设置定时备份，我的博客和数据库每天都会定时备份在本地和又拍:@(赞一个)','zc@zc.wiki','https://lanxing.net',2119,0,1,'1714043714000'),(170,'宇阳',NULL,'这次吸取教训了😭','3311118881@qq.com','https://res.liuyuyang.net/',2119,169,1,'1714045931000'),(171,'青灯暮雨',NULL,'我之前也丢了两个月数据。。。还好不多:@(无所谓)\r\n','1793839085@qq.com','https://www.blatr.cn',2119,0,1,'1714054277000'),(172,'永恒末匕',NULL,'恐怖，立马去备份一下数据','iyhmb@qq.com','https://likaijian.com/',2119,0,1,'1714113488000'),(173,'宇阳',NULL,'哈哈，下次一定要注意','3311118881@qq.com','https://res.liuyuyang.net/',2119,171,1,'1714195029000'),(174,'宇阳',NULL,'我也长记性了，把数据备份到服务器，再同步保存到oss','3311118881@qq.com','https://res.liuyuyang.net/',2119,172,1,'1714195076000'),(175,'ayiya',NULL,'吓得我抓紧保存了一份快照','1575810004@qq.com','https://blog.el9.cn',2119,0,1,'1714312469000'),(176,'宇阳',NULL,'哈哈哈','3311118881@qq.com','https://res.liuyuyang.net/',2119,175,1,'1714348703000'),(177,'Huo',NULL,'麻烦博主添加一下友联，我这边赶紧去更新一下我那边的信息。','22017969@qq.com','https://9sb.net',2119,0,1,'1714399020000'),(178,'宇阳',NULL,'OK，已添加','3311118881@qq.com','https://res.liuyuyang.net/',2119,177,1,'1714435476000'),(179,'Gmc',NULL,'::(啊)这事儿闹的。\r\n其实我也整丢过，丢了两年的数据，当时是通过虚拟机操作，属于手抖点错了按钮误删了...然后心态都崩了。\r\n最后是痛定思痛，想着干脆趁此机会重新开始。总之，不论如何做好备份。','imgmc@gmcllp.cn','https://res.liuyuyang.net/',2119,0,1,'1714445818000'),(180,'宇阳',NULL,'哈哈，确实搞心态，以后要养成多备份的好习惯','3311118881@qq.com','https://res.liuyuyang.net/',2119,179,1,'1714545621000'),(181,'网友小宋',NULL,'上海7K的确不高哈，准确说有点低。','wangyouxiaosong@outlook.com','https://xyzbz.cn',2135,0,1,'1714573468000'),(182,'宇阳',NULL,'确实，2年才7k，而且这个公司很抠门，感觉这个薪资已经到瓶颈了','3311118881@qq.com','https://res.liuyuyang.net/',2135,181,1,'1714632532000'),(183,'DengQN',NULL,'上海甚至给出6k实在是太低','admin@dengqn.com','https://dengqn.com',2135,0,1,'1714753813000'),(184,'宇阳',NULL,'确实','3311118881@qq.com','https://res.liuyuyang.net/',2135,183,1,'1714803361000'),(185,'浩瀚星河',NULL,':@(赞一个)','666@qq.com','https://res.liuyuyang.net/',2122,0,1,'1714813277000'),(186,'zy',NULL,'8k 双休还能考虑 7k就算了吧 2年经验才7k还是在上海','1767992919@qq.com','https://res.liuyuyang.net/',2135,0,1,'1715418514000'),(188,'Dangeer',NULL,'博主加油，相信自己的实力','mail@dangeer.com','https://dangeer.com',2139,0,1,'1715665009000'),(189,'缙哥哥',NULL,'正是因为此类事件，我的网站文件和数据库每天都做三地备份。','zwjzhangwuji@163.com','https://www.dujin.org/',2119,0,1,'1715951955000'),(190,'Hou',NULL,'加油！刚开始都不容易呀！','22017969@qq.com','https://9sb.net',2139,0,1,'1716044122000'),(191,'宇阳',NULL,'确实，加油！！','3311118881@qq.com','https://res.liuyuyang.net/',2139,190,1,'1716044486000'),(192,'宇阳',NULL,'👍👍','3311118881@qq.com','https://res.liuyuyang.net/',2119,189,1,'1716044495000'),(193,'宇阳',NULL,'谢谢，一起加油！','3311118881@qq.com','https://res.liuyuyang.net/',2139,188,1,'1716044507000'),(194,'宇阳',NULL,'确实','3311118881@qq.com','https://res.liuyuyang.net/',2135,186,1,'1716044535000'),(195,'小赵同学',NULL,'祝您顺利','z@usj.cc','https://usj.cc',2139,0,1,'1716109100000'),(196,'宇阳',NULL,'谢谢','3311118881@qq.com','https://res.liuyuyang.net/',2139,195,1,'1716118424000'),(197,'刘郎',NULL,'成都是个好地方，是来旅游？还是？','1652340032@qq.com','https://yjvc.cn/',2142,0,1,'1716121772000'),(198,'缙哥哥',NULL,'反正宝塔自带数据备份插件，云盘和oss闲着也是闲着。','zwjzhangwuji@163.com','https://www.dujin.org/',2119,192,1,'1716125712000'),(199,'刘郎',NULL,'你把我的友链移除了？？😳','1652340032@qq.com','https://yjvc.cn/',1932,0,1,'1716176116000'),(200,'jiyouzhan',NULL,'这篇文章写得深入浅出，让我这个小白也看懂了！','darikco8704@163.com','https://jiyouzhan.com/',2142,0,1,'1716280903000'),(201,'宇阳',NULL,'回头我给你加上，前不久我的网站8个月的数据全没了','3311118881@qq.com','https://res.liuyuyang.net/',1932,199,1,'1716385071000'),(202,'宇阳',NULL,'在成都工作','3311118881@qq.com','https://res.liuyuyang.net/',2142,197,1,'1716385085000'),(203,'宇阳',NULL,'确实，这种事情简直是毁灭级','3311118881@qq.com','https://res.liuyuyang.net/',2119,198,1,'1716385109000'),(204,'缙哥哥',NULL,'我就是因为这个14年重新搭建博客的，不然我的博客都快20年了。','zwjzhangwuji@163.com','https://www.dujin.org/',2119,203,1,'1716388142000'),(205,'Hou',NULL,'都说成都这地方很好玩，真想有空了也出去玩一玩呀。\r\n成都，重庆应该都不错吧','22017969@qq.com','https://9sb.net',2142,0,1,'1716455748000'),(206,'By.小轩',NULL,'名称：小轩与远方\r\n描述：往事不堪回首，余生随遇而安\r\n地址：http://www.wieo.cn/\r\n图标：http://www.wieo.cn/img/logo.png','sunxay@foxmail.com','https://www.wieo.cn/',1932,0,1,'1716545356000'),(207,'宇阳',NULL,'确实，欢迎来玩哦','3311118881@qq.com','https://res.liuyuyang.net/',2142,205,1,'1716731580000'),(208,'宇阳',NULL,'已经加上了，欢迎常来','3311118881@qq.com','https://res.liuyuyang.net/',1932,206,1,'1716731815000'),(209,'宇阳',NULL,'已经加上了，欢迎常来哦','3311118881@qq.com','https://res.liuyuyang.net/',1932,199,1,'1716731822000'),(210,'阿锋',NULL,'成都是个不错的城市','mypen@163.com','https://feng.pub',2153,0,1,'1716777638000'),(211,'刘郎',NULL,'这年头啥也不好做，能稳定就已经还不错了   当然 ，除了事业编制','1652340032@qq.com','https://yjvc.cn/',2153,0,1,'1716778729000'),(212,'宇阳',NULL,'确实如此','3311118881@qq.com','https://res.liuyuyang.net/',2153,211,1,'1716901275000'),(213,'宇阳',NULL,'是的\r\n','3311118881@qq.com','https://res.liuyuyang.net/',2153,210,1,'1716901280000'),(214,'Hou',NULL,'我已经从一个小康生活的小老板沦落到打工仔了，生活的无奈呀，我算是接受现实了，不过还是要积极面对吧。','22017969@qq.com','https://9sb.net',2153,0,1,'1716907208000'),(215,'宇阳',NULL,'确实，心态好最重要','3311118881@qq.com','https://res.liuyuyang.net/',2153,214,1,'1716982579000'),(216,'网友小宋',NULL,'哈哈  恭喜了','wangyouxiaosong@outlook.com','http://xyzbz.cn',2153,0,1,'1717154245000'),(217,'宇阳',NULL,'谢谢','3311118881@qq.com','https://res.liuyuyang.net/',2153,216,1,'1717241654000'),(218,'刘郎',NULL,'专业对口还是挺难的，除非特意挑选，但为了生活 谁会特意去在意这些呢   在一个新的领域   只要可以适应 可以学习  干就完了','1652340032@qq.com','https://yjvc.cn/',2164,0,1,'1717283106000'),(219,'小稚',NULL,'你好博主，零叁壹的网址已经更改了，麻烦修改一下\r\n名称：小稚生活志\r\n地址：https://ihello.cc/\r\n描述：这里是记录小稚的生活日记，内容比较随意，会分享生活，摄影，以及看过的电影，书籍\r\n图片：https://bu.dusays.com/2024/02/02/65bbce27b129a.jpg','759689312@qq.com','https://ihello.cc',1932,0,1,'1717288304000'),(220,'宇阳',NULL,'是的，干就完了！','3311118881@qq.com','https://res.liuyuyang.net/',2164,218,1,'1717308213000'),(221,'宇阳',NULL,'OK，收到','3311118881@qq.com','https://res.liuyuyang.net/',1932,219,1,'1717308221000'),(222,'神雕大侠',NULL,'在吗::(what)','2518848232@qq.com','https://res.liuyuyang.net/',2164,0,1,'1717321095000'),(225,'缙哥哥',NULL,'祝步步高升，天天进步。','zwjzhangwuji@163.com','https://www.dujin.org/',2164,0,1,'1717337200000'),(227,'拾',NULL,'博主，已添加贵站，请查收\r\n名称：拾的博客\r\n链接： https://shiblog.top/\r\n描述：记录个人经验、兴趣爱好\r\n头像： https://shiblog.top/static/backend/img/logo.png','2678367112@qq.com','https://shiblog.top/',1932,0,1,'1717416087000'),(228,'宇阳',NULL,'谢谢','3311118881@qq.com','https://res.liuyuyang.net/',2164,225,1,'1717504010000'),(229,'理想',NULL,'名称：XZY の个人博客\r\n介绍：用来记录自己的学习和生活\r\n链接：https://xzynet.com.cn/\r\n头像：https://niu.xzynet.com.cn/avatar/avatar_01.jpg','2894702202@qq.com','https://xzynet.com.cn/',1932,0,1,'1717664813000'),(230,'DengQN',NULL,'当这么些年程序员，大部分时候都是现学现卖:@(害羞)','admin@dengqn.com','https://dengqn.com',2164,0,1,'1717697186000'),(231,'老罗',NULL,'靓仔','10936102@qq.com','https://www.luodage.com',2144,0,1,'1717842028000'),(232,'宇阳',NULL,'已添加，欢迎常来','3311118881@qq.com','https://res.liuyuyang.net/',1932,229,1,'1717913375000'),(233,'宇阳',NULL,'确实如此','3311118881@qq.com','https://res.liuyuyang.net/',2164,230,1,'1717913383000'),(234,'宇阳',NULL,'😁','3311118881@qq.com','https://res.liuyuyang.net/',2144,231,1,'1717913390000'),(240,'刘郎',NULL,'不会吧，IT岗其实挺吃香的呀','1652340032@qq.com','https://yjvc.cn/',2166,0,1,'1718490462000'),(241,'宇阳',NULL,'对于科班985 211确实吃香，在当下这么恶劣的环境也能年薪几十万。但对于双非同学来讲就很难很难了','3311118881@qq.com','https://res.liuyuyang.net/',2166,240,1,'1718516015000'),(242,'刘郎',NULL,'哎 也是 主要还得靠机遇','1652340032@qq.com','https://yjvc.cn/',2166,241,1,'1718516909000'),(243,'shi',NULL,'博主，第二次申请了\r\n名称：拾的博客\r\n链接： https://shiblog.top/\r\n描述：记录个人经验、兴趣爱好\r\n头像： https://shiblog.top/static/backend/img/logo.png','2678367112@qq.com','https://res.liuyuyang.net/',1932,0,1,'1718689034000'),(244,'shi',NULL,'博主还活着吗:@(高兴)','2678367112@qq.com','https://res.liuyuyang.net/',1932,0,1,'1718689140000'),(245,'小轩与远方',NULL,'您好，本站已经启用已备案新域名，麻烦博主修改下友联地址\r\n博客名称：小轩与远方\r\n博客简介：往事不堪回首，余生随遇而安\r\n博客网址：https://www.xuanvoyage.com/\r\n博客图标：https://www.xuanvoyage.com/img/logo.png','sunxay@foxmail.com','https://www.xuanvoyage.com/',1932,0,1,'1718699071000'),(247,'宇阳',NULL,'之前叫什么，我吧之前的删了','3311118881@qq.com','https://res.liuyuyang.net/',1932,245,1,'1718804628000'),(248,'宇阳',NULL,'已添加','3311118881@qq.com','https://res.liuyuyang.net/',1932,243,1,'1718804722000'),(250,'A better tomorrow',NULL,'请问博主，用的云服务器网站数据也会没么？','3499508634@qq.com','http://www.easylove.top/blog',1932,201,1,'1718845599000'),(252,'shi',NULL,'确实，不好干啊','2678367112@qq.com','https://res.liuyuyang.net/',2166,0,1,'1718861598000'),(253,'宇阳',NULL,'肯定啊，8个月的数据直接没了','3311118881@qq.com','https://res.liuyuyang.net/',1932,250,1,'1718891263000'),(254,'三毛笔记',NULL,'不容易啊','mail@aboss.top','https://aboss.top/',2153,0,1,'1718900477000'),(255,'Huo',NULL,'加油，慢慢会好起来的！','22017969@qq.com','https://9sb.net',2164,0,1,'1718908204000'),(256,'Huo',NULL,'一直都感觉程序员不至于到你说这样吧\r\n嗯，好吧，主要还是我不了解这个行业，所有的都是自己的猜测','22017969@qq.com','https://9sb.net',2166,0,1,'1718908369000'),(257,'宇阳',NULL,'加油','3311118881@qq.com','https://res.liuyuyang.net/',2164,255,1,'1719026326000'),(258,'宇阳',NULL,'现在情况确实是这样的，对双非同学来讲找工作巨难','3311118881@qq.com','https://res.liuyuyang.net/',2166,256,1,'1719026351000'),(259,'宇阳',NULL,'确实','3311118881@qq.com','https://res.liuyuyang.net/',2153,254,1,'1719026363000'),(261,'Yves',NULL,'现在大形势就是各行各业都不好干，铁饭碗也要加班降薪','2038629467@qq.com','https://blog.maoyiwei.com/',2166,0,1,'1719223347000'),(265,'RediYo',NULL,'主要是很多其他专业也都来卷计算机了，培训班之前也很多。学多容易，学精难。','1315387303@qq.com','https://www.rediyo.cn/',2166,0,1,'1719805493000'),(267,'棋',NULL,'链接掉了么，我才关注到你数据全没了\r\n站点名称：ImQi1\r\n描述：做技术的分享者、生活的摄影师、时事的评论员。\r\n站点：https://imqi1.com\r\n头像：https://imqi1.com/avatar.webp','imqi1@qq.com','https://imqi1.com/',1932,0,1,'1720451684000'),(268,'宇阳',NULL,'是的，数据都没了。已添加','3311118881@qq.com','https://res.liuyuyang.net/',1932,267,1,'1720967344000'),(271,'Tokin',NULL,'其实就算这样还是比其他很多行业好，很难评','idevs@foxmail.com','https://biji.io',2166,0,1,'1721739479000'),(272,'宇阳',NULL,'确实如此','3311118881@qq.com','https://res.liuyuyang.net/',2166,271,1,'1721739533000'),(273,'dongcp',NULL,'一样的感受，什么都是重新开始。最主要还是他们很喜欢创造一些新的复杂的词汇，明明大白话就行，难以理解。','2476259408@qq.com','https://dongcp.top',2164,0,1,'1722137765000'),(274,'宇阳',NULL,'确实','3311118881@qq.com','https://res.liuyuyang.net/',2164,273,1,'1722503879000'),(275,'时光本无罪','https://q1.qlogo.cn/g?b=qq&nk=1938292252&s=4','看了你好多内容，从黑马程序员到毕业，到苏州、上海、昆山面试，最后成都工作。这一路关关难过关关过，年轻有冲劲，你 22 岁左右确实挺年轻的，我 96 年的已经没有你这种热血了，希望与你做朋友。','1938292252@qq.com','https://www.wanghanyue.com/',1934,0,1,'1722911607000'),(276,'时光本无罪','https://q1.qlogo.cn/g?b=qq&nk=1938292252&s=4','在你的数据统计-文章列表里 在年份归档文章目录里，文章竟不能点击访问，我还打开了好多个新标签页准备拜读呢。:@(汗)','1938292252@qq.com','https://www.wanghanyue.com/',1934,0,1,'1722912144000'),(277,'宇阳','https://q1.qlogo.cn/g?b=qq&nk=3311118881&s=640','这个bug挺奇怪的，之前还可以的。忙完这段时间我尝试解决一下','3311118881@qq.com','https://res.liuyuyang.net/',1934,276,1,'1722916355000'),(278,'宇阳','https://q1.qlogo.cn/g?b=qq&nk=3311118881&s=640','可以的，我的微信liuyuyang2023, 非常感谢你的关注','3311118881@qq.com','https://res.liuyuyang.net/',1934,275,1,'1722916400000'),(279,'浩瀚星河',NULL,'已添加贵站，望收录:@(高兴)\r\n名称：浩瀚星河\r\n链接： https://pioneerpan.cn/\r\n描述：编织宇宙之码，悠游尘世之境\r\n头像： https://pioneerpan.cn/usr/uploads/avatar.png','2363435714@qq.com','https://pioneerpan.cn',1932,0,1,'1723021825000'),(280,'宇阳','https://q1.qlogo.cn/g?b=qq&nk=3311118881&s=640','实在抱歉，暂时不加技术类的友联了','3311118881@qq.com','https://res.liuyuyang.net/',1932,279,1,'1723035487000'),(281,'keyle',NULL,'每个行业都一样，卷都一样。','keyle_xiao@hotmail.com','https://vrast.cn',2166,0,1,'1723109287000'),(282,'宇阳','https://q1.qlogo.cn/g?b=qq&nk=3311118881&s=640','是的','3311118881@qq.com','https://res.liuyuyang.net/',2166,281,1,'1723213299000'),(283,'keyle',NULL,'学习新的技术是工作中常有的事，你在那做三个月就差不多都熟悉了，半年之后该躺的坑也躺了。1年后就无所谓了','keyle_xiao@hotmail.com','https://vrast.cn',2164,0,1,'1723695679000'),(284,'宇阳','https://q1.qlogo.cn/g?b=qq&nk=3311118881&s=640','确实如此','3311118881@qq.com','https://res.liuyuyang.net/',2164,283,1,'1723791986000'),(327,'时光本无罪','https://q1.qlogo.cn/g?b=qq&nk=1938292252&s=4','你终于想起来，你还有一个博客网站了终，终于更新了:@(高兴)。真牛批，技术大佬，自己写博客系统的，除了执行力强，学习能力也是真的强。最后 提前祝你22岁生日快乐！','1938292252@qq.com','https://www.wanghanyue.com/',2185,0,1,'1728573869000'),(328,'网友小宋','https://cravatar.cn/avatar/f9a80027fdeef6fb97899d6da396d995','你这足迹可以哈','wangyouxiaosong@outlook.com','http://xyzbz.cn',2185,0,1,'1728585400000'),(329,'宇阳','https://q1.qlogo.cn/g?b=qq&nk=3311118881&s=640','哈哈，花了不少功夫','3311118881@qq.com','https://res.liuyuyang.net/',2185,328,1,'1728619292000'),(330,'宇阳','https://q1.qlogo.cn/g?b=qq&nk=3311118881&s=640','哈哈，主要是目前这个博客系统是php的，我不会php不好扩展功能。所以干脆自己写了一个。','3311118881@qq.com','https://res.liuyuyang.net/',2185,327,1,'1728619352000'),(331,'网友小宋','https://cravatar.cn/avatar/f9a80027fdeef6fb97899d6da396d995','都折腾了，还不出个教程，让我等学习一番！','wangyouxiaosong@outlook.com','https://xyzbz.cn',2185,329,1,'1728630422000'),(332,'宇阳','https://q1.qlogo.cn/g?b=qq&nk=3311118881&s=640','暂时还有一些小细节没有处理好，等我全部测试完毕后就可以开源出来了','3311118881@qq.com','https://res.liuyuyang.net/',2185,331,1,'1728631503000'),(339,'青灯暮雨','https://q1.qlogo.cn/g?b=qq&nk=1793839085&s=4','生日快乐::(蛋糕)','1793839085@qq.com','https://www.blatr.cn',2185,0,1,'1728656344000'),(340,'宇阳','https://q1.qlogo.cn/g?b=qq&nk=3311118881&s=640','谢谢','3311118881@qq.com','https://res.liuyuyang.net/',2185,339,1,'1728705692000'),(497,'海是云的梦','','体验很不错，比之前的流畅度和美观度都提升了不少诶（后续感觉可以作为收费主题了，哈哈）。\n生日快乐哟','','',2185,0,1,'1728962966581'),(498,'刘郎','https://cravatar.cn/avatar/a978b104f29c23c84d4338daacb1479b','生日快乐🎉🎉\n希望明年能够实现月薪过万的目标，这也是我的目标 哈哈哈','yjvcc@qq.com','https://yjvc.cn/',2185,0,1,'1728966087015'),(499,'宇阳','https://q1.qlogo.cn/g?b=qq&nk=3311118881&s=640','谢谢，这个主题是借鉴了很多大佬的样式，所以收费的话感觉不太好。干脆免费开源算了😄','3311118881@qq.com','https://liuyuyang.net/',2185,497,1,'1728966222318'),(500,'宇阳','https://q1.qlogo.cn/g?b=qq&nk=3311118881&s=640','谢谢，一起努力，共勉','3311118881@qq.com','https://liuyuyang.net/',2185,498,1,'1728966449624'),(501,'宇阳','https://q1.qlogo.cn/g?b=qq&nk=3311118881&s=640','你好啊','3311118881@qq.com','https://liuyuyang.net/',2185,0,1,'1728989445358'),(502,'Loong','','怎么访问不了了，项目没了吗','loongjjxs@gmail.com','',2185,0,1,'1729016429799'),(503,'宇阳','https://q1.qlogo.cn/g?b=qq&nk=3311118881&s=640','正常啊，哪里有问题。','3311118881@qq.com','https://liuyuyang.net/',2185,502,1,'1729050990166'),(504,'Loong','','github没了','loongjjxs@gmail.com','',2185,503,1,'1729051086811'),(505,'宇阳','https://q1.qlogo.cn/g?b=qq&nk=3311118881&s=640','可以访问啊，要不你再试一下：https://github.com/LiuYuYang01/Thrive_Blog','3311118881@qq.com','https://liuyuyang.net/',2185,504,1,'1729051551992'),(506,'Loong','','https://github.com/LiuYuYang01/ThriveX-Blog','loongjjxs@gmail.com','',2185,505,1,'1729052488455'),(507,'Loong','','重构的是被删了吗','','',2185,505,1,'1729053422584'),(508,'Loong','','现在试试','loongjjxs@qq.com','',2185,505,1,'1729069549538'),(509,'Echo','https://q1.qlogo.cn/g?b=qq&nk=3451914595&s=640','生日快乐～感觉技术进步飞速啊，牛奔','3451914595@qq.com','https://www.liveout.cn/',2185,0,1,'1729230230231'),(510,'宇阳','https://q1.qlogo.cn/g?b=qq&nk=3311118881&s=640','谢谢，闭关了4个月，确实提升了不少','3311118881@qq.com','https://liuyuyang.net/',2185,509,1,'1729230494935'),(511,'宇阳','https://q1.qlogo.cn/g?b=qq&nk=3311118881&s=640','哈哈，慢慢来','3311118881@qq.com','https://liuyuyang.net/',2185,512,1,'1729083176000'),(512,'Huo','https://q1.qlogo.cn/g?b=qq&nk=22017969&s=640','真强，我也想月薪过万！差的有点多啊。','22017969@qq.com','https://9sb.net',2185,0,1,'1729079267000'),(513,'obaby','','学点新东西也蛮好的。','root@obaby.org.cn','https://oba.by',2185,0,1,'1729389979854'),(514,'obaby','','定评论没反应？','root@obaby.org.cn','https://oba.by',2185,0,1,'1729390001814'),(515,'小彦','','长途旅行，是从哪个城市起飞要1900公里呀','','',2142,0,1,'1729401669083'),(516,'小彦','','react好像多是做外国项目，或者大公司才用。我都是用vue，自己熟悉的','','',2164,0,1,'1729405349037'),(517,'小彦','','java也是，现在背八股文都不是什么新鲜事了，开始被实战题了，我都不敢想象我出去后怎么和那些背过的人竞争','','',2166,0,1,'1729405468121'),(518,'Lion Happer','','最新版的地址不对哦,短横线和下划线的问题.','','',2187,0,1,'1729437503607'),(519,'宇阳','https://q1.qlogo.cn/g?b=qq&nk=3311118881&s=640','好的，谢谢，已改正','3311118881@qq.com','https://liuyuyang.net/',2187,518,1,'1729483623352'),(520,'宇阳','https://q1.qlogo.cn/g?b=qq&nk=3311118881&s=640','确实，Java面试简直逆天','3311118881@qq.com','https://liuyuyang.net/',2166,517,1,'1729483687523'),(521,'宇阳','https://q1.qlogo.cn/g?b=qq&nk=3311118881&s=640','是的，国内生态还是Vue强些，','3311118881@qq.com','https://liuyuyang.net/',2164,516,1,'1729483722783'),(522,'宇阳','https://q1.qlogo.cn/g?b=qq&nk=3311118881&s=640','从上海出发的','3311118881@qq.com','https://liuyuyang.net/',2142,515,1,'1729483745250'),(523,'宇阳','https://q1.qlogo.cn/g?b=qq&nk=3311118881&s=640','回复时候让评论框固定位置吗','3311118881@qq.com','https://liuyuyang.net/',2185,514,1,'1729483808360'),(524,'宇阳','https://q1.qlogo.cn/g?b=qq&nk=3311118881&s=640','是的','3311118881@qq.com','https://liuyuyang.net/',2185,513,1,'1729483814836'),(525,'木桶','','据说成都只有电线杆是直的','','',2142,0,1,'1729496087513'),(526,'宇阳','https://res.liuyuyang.net/usr/images/avatar.jpg','😄','3311118881@qq.com','https://liuyuyang.net/',2142,525,1,'1729510977215'),(527,'小弧鸽子','https://q1.qlogo.cn/g?b=qq&nk=1570417592&s=640','一定可以的，加油，支持！','1570417592@qq.com','wskice.cn',2185,0,1,'1729736133146'),(528,'宇阳','https://res.liuyuyang.net/usr/images/avatar.jpg','谢谢鼓励','3311118881@qq.com','https://liuyuyang.net/',2185,527,1,'1729742375985'),(530,'ejsoon','','年輕有追求是件好事。拿博客系統來練手挺好的。已經有大神的範了。','ejsoon@outlook.com','https://ejsoon.win',2185,0,1,'1729817185381'),(531,'ejsoon','','請教一下，nextjs+vue3+typescript會不會有點難？可以實現嗎？nextjs是nodejs的替代品嗎？','ejsoon@outlook.com','https://ejsoon.win',2185,0,1,'1729817309351'),(532,'宇阳','https://res.liuyuyang.net/usr/images/avatar.jpg','不难，nextjs是个全栈框架，也可以写后端。不过我的后端是通过Spring Boot 实现的，我用nextjs只做服务端渲染','3311118881@qq.com','https://liuyuyang.net/',2185,531,1,'1729830116531'),(533,'宇阳','https://res.liuyuyang.net/usr/images/avatar.jpg','哈哈，谢谢鼓励','3311118881@qq.com','https://liuyuyang.net/',2185,530,1,'1729830143060'),(535,'温柔里的时光','https://q1.qlogo.cn/g?b=qq&nk=1712507732&s=640','高手','1712507732@qq.com','',2185,524,1,'1730079044061'),(536,'造密码','https://q1.qlogo.cn/g?b=qq&nk=2526352584&s=640','学到了','2526352584@qq.com','',2185,0,1,'1730094529811'),(537,'风','','哥能聊聊吗，我刚入坑，想问问方向发展，看到你说的不是输给了技术，而是输给了行情，我有点不知所措，','','shuoandyang.github.io',2153,0,1,'1730723204658'),(541,'风','','真的可以找到8k吗\n','','shuoandyang.github.io',2180,0,1,'1730795034776'),(542,'宇阳','https://res.liuyuyang.net/usr/images/avatar.jpg','你什么学历，如果本科且能够独立项目开发就可以。否则的话估计不太行','3311118881@qq.com','https://liuyuyang.net/',2180,541,1,'1730801771326'),(543,'乌云底下数星星','','支持楼主，等到后续真的赚到钱再买的时候已经买不到那个快乐了。','kevinwenyu.kk@gmail.com','',2198,0,1,'1730925349159'),(544,'宇阳','https://res.liuyuyang.net/usr/images/avatar.jpg','是的','3311118881@qq.com','https://liuyuyang.net/',2198,543,1,'1730944911510'),(545,'Dongcp','','欲买桂花同载酒，终不似，少年游！\n就像 18 岁时想买摩托，现在却没有那种自由的追求了。所以趁年轻，享受当下。','','',2198,0,1,'1730953580209'),(546,'宇阳','https://res.liuyuyang.net/usr/images/avatar.jpg','确实如此','3311118881@qq.com','https://liuyuyang.net/',2198,545,1,'1730961083440'),(547,' keyle','','没事 我三十岁也买不起十八岁喜欢的东西。','keyle_xiao@hotmail.com','https://vrast.cn',2198,0,1,'1730980413048'),(548,'宇阳','https://res.liuyuyang.net/usr/images/avatar.jpg','哈哈，30岁的各方面花销太多了','3311118881@qq.com','https://liuyuyang.net/',2198,547,1,'1731038465419'),(549,'游离',NULL,'所有的为爱发电都应该获得支持。虽然无法在技术上提供支持，但是在精神上的支持还是有的，感谢你的分享。偶然误入',NULL,NULL,2188,0,1,'1731557374000'),(551,'哈哈','','参观','','',2198,0,1,'1731680562623'),(552,'roll','','logo怎么不显示了','','',2188,0,1,'1731723860762'),(553,'宇阳','https://res.liuyuyang.net/usr/images/avatar.jpg','对象存储欠费了，哈哈，等会续上就好','3311118881@qq.com','https://liuyuyang.net/',2188,552,1,'1731727033021'),(554,'chenmo','https://q1.qlogo.cn/g?b=qq&nk=157104945&s=640','太牛了  这么年轻就会这么多技术。\n\n我好喜欢那个足迹功能 还有那个闪念\n\n没有安装文档，估计小白的我安装搞不定','157104945@qq.com','https://penghong.org.cn',2185,0,1,'1731727776142'),(555,'宇阳','https://res.liuyuyang.net/usr/images/avatar.jpg','哈哈，主要是喜欢代码。这个是昨天刚写的部署教程，你看看能不能尝试部署出来：https://editor.csdn.net/md/?articleId=143797389','3311118881@qq.com','https://liuyuyang.net/',2185,554,1,'1731729763302'),(556,'chenmo','https://q1.qlogo.cn/g?b=qq&nk=157104945&s=640','这个网址打开好像不对吧。','157104945@qq.com','https://penghong.org.cn',2185,555,1,'1731740893971'),(557,'宇阳','https://res.liuyuyang.net/usr/images/avatar.jpg','https://thrive.blog.csdn.net/article/details/143797389?spm=1001.2014.3001.5502\n\n试一下这个，这个肯定可以','3311118881@qq.com','https://liuyuyang.net/',2185,556,1,'1731740987035'),(558,'将来某天','https://q1.qlogo.cn/g?b=qq&nk=99319950&s=640','网站全是你自己开发的吗？真的很不错哦。\n只不过对我这种不懂代码的人来说，不太好部署，现在一直用的wordpress。\n我是在FindBlog里发现了你的博客，所以进来看看。\n作为一名码农，你必须得有自己的X.COM的账号吧！','99319950@qq.com','',2187,0,1,'1731770282347'),(559,'admin','','为啥不买个便宜点的','','',2198,0,1,'1731803280269'),(560,'Mr.T','','按说不该提要求，但还是建议能够一键部署。','i@aiit.me','',2185,557,1,'1731852304375'),(561,'宇阳','https://res.liuyuyang.net/usr/images/avatar.jpg','主要是喜欢，哈哈','3311118881@qq.com','https://liuyuyang.net/',2198,559,1,'1731902553591'),(562,'宇阳','https://res.liuyuyang.net/usr/images/avatar.jpg','是的，全程一个人开发的。这种技术栈确实不太好部署。\n哈哈我的推特账号老是被封，不知道为什么（狗头）','3311118881@qq.com','https://liuyuyang.net/',2187,558,1,'1731902640165'),(563,'宇阳','https://res.liuyuyang.net/usr/images/avatar.jpg','一键部署需要涉及docker这些，小白可能吃不消','3311118881@qq.com','https://liuyuyang.net/',2185,560,1,'1731902712093'),(564,'lazy','','嵌入式放弃了？','','',2207,0,1,'1732001566826'),(565,'宇阳','https://res.liuyuyang.net/usr/images/avatar.jpg','当时就没有选择嵌入式','3311118881@qq.com','https://liuyuyang.net/',2207,564,1,'1732001655754'),(566,'宇阳','http://thrive.liuyuyang.net/article/1.jpg','测试评论','liuyuyang1024@yeah.net','',2207,0,1,'1732001814223'),(567,'宇阳','https://res.liuyuyang.net/usr/images/avatar.jpg','测试回复','3311118881@qq.com','https://liuyuyang.net/',2207,566,1,'1732001850903');
/*!40000 ALTER TABLE `comment` ENABLE KEYS */;
UNLOCK TABLES;

--
-- Table structure for table `config`
--

DROP TABLE IF EXISTS `config`;
/*!40101 SET @saved_cs_client     = @@character_set_client */;
/*!50503 SET character_set_client = utf8mb4 */;
CREATE TABLE `config` (
  `name` varchar(100) CHARACTER SET utf8mb4 COLLATE utf8mb4_unicode_ci NOT NULL,
  `value` text CHARACTER SET utf8mb4 COLLATE utf8mb4_unicode_ci,
  UNIQUE KEY `config_pk` (`name`)
) ENGINE=InnoDB DEFAULT CHARSET=utf8mb4 COLLATE=utf8mb4_unicode_ci COMMENT='网站配置';
/*!40101 SET character_set_client = @saved_cs_client */;

--
-- Dumping data for table `config`
--

LOCK TABLES `config` WRITE;
/*!40000 ALTER TABLE `config` DISABLE KEYS */;
/*!40000 ALTER TABLE `config` ENABLE KEYS */;
UNLOCK TABLES;

--
-- Table structure for table `footprint`
--

DROP TABLE IF EXISTS `footprint`;
/*!40101 SET @saved_cs_client     = @@character_set_client */;
/*!50503 SET character_set_client = utf8mb4 */;
CREATE TABLE `footprint` (
  `id` int NOT NULL AUTO_INCREMENT,
  `title` varchar(255) NOT NULL COMMENT '标题',
  `content` varchar(1500) DEFAULT NULL COMMENT '内容',
  `address` varchar(255) NOT NULL COMMENT '地址',
  `position` varchar(255) NOT NULL COMMENT '坐标纬度',
  `images` json DEFAULT NULL COMMENT '图片',
  `create_time` varchar(255) NOT NULL COMMENT '时间',
  PRIMARY KEY (`id`),
  UNIQUE KEY `footprint_pk_2` (`id`)
) ENGINE=InnoDB AUTO_INCREMENT=49 DEFAULT CHARSET=utf8mb4 COLLATE=utf8mb4_0900_ai_ci;
/*!40101 SET character_set_client = @saved_cs_client */;

--
-- Dumping data for table `footprint`
--

LOCK TABLES `footprint` WRITE;
/*!40000 ALTER TABLE `footprint` DISABLE KEYS */;
INSERT INTO `footprint` VALUES (33,'江苏和兴汽车科技有限公司','第一次背井离乡来到距离家乡500公里的江苏淮安打工','江苏省淮安市清江浦区江苏和兴汽车科技有限公司','119.138475,33.6119','[\"http://res.liuyuyang.net/footprint/be1714d2817e06ef40f7141065de3734.jpg\", \"http://res.liuyuyang.net/footprint/7a0f421d260716bec1cc5820ec9cde31.jpg\"]','1599667200000'),(34,'传智专修学院','在这里学习了3年，从一个什么都不会的小白到现在已经具备全栈项目独立开发的能力','江苏省宿迁市传智专修学院','118.755094,34.066972','[\"http://res.liuyuyang.net/footprint/0512a5fc87bcd1a8851ac5c0417a5ec5.jpg\", \"http://res.liuyuyang.net/footprint/8adbb286db925eb18415b21763b79ef1.jpg\", \"http://res.liuyuyang.net/footprint/11c5fd237f87b0d1feae74704702d57b.jpg\"]','1632240000000'),(35,'成都双子塔','非常喜欢成都这个城市，但因为种种原因导致最终没有留在这里',' ','104.064147,30.582579','[\"http://res.liuyuyang.net/footprint/dbe931bdf467b393967d5fbc30f8183b.jpg\"]','1715961600000'),(36,'东方明珠','终于见到了小时候语文课本中的东方明珠','上海市浦东新区世纪大道','121.499718,31.239703','[\"http://res.liuyuyang.net/footprint/372d8d0aebfe16d47e0c5505110fad6c.jpg\"]','1715875200000'),(40,'郑州东','真心未来能在家乡郑州工作','河南省郑州市郑东新区郑州东站','113.779559,34.759081','[\"http://res.liuyuyang.net/footprint/dbb82318189773f41f7725bf48f7e5bf.jpg\"]','1706348689400'),(41,'泰山之行','青春没有售价，泰山就在脚下！','山东省泰安市岱岳区红门路','117.027914,36.249735','[\"http://res.liuyuyang.net/footprint/6dca2de031735e84a5705a0a399fd88b.jpg\", \"http://res.liuyuyang.net/footprint/fbea313518c4f2fcef614a8de0c52c67.jpg\"]','1696348800000'),(44,'成都锦江万达广场','非常喜欢成都这个城市，但因为种种原因导致最终没有留在这里','四川省成都市锦江区锦华路一段68号','104.096473,30.621009','[\"http://res.liuyuyang.net/footprint/8258955610f769939e8c8873f94d4aff.jpg\", \"http://res.liuyuyang.net/footprint/fe7bff71633ad3a881ca1b691cf81cda.jpg\", \"http://res.liuyuyang.net/footprint/08f369d738698faf386c2a407ee085a3.jpg\", \"http://res.liuyuyang.net/footprint/f071bbb3d037c26e09883819aa6fdf72.jpg\"]','1715965984000'),(45,'昆山星途旗航','昆山星途旗航是我找工作当中薪资给最高一家公司，但因为某些原因刚通过试用期我就主动离职选择了成都这家公司','江苏省苏州市昆山开发区前进东路科技广场','121.054509,31.385326','[\"http://res.liuyuyang.net/footprint/f59647f11600e9fd7fb2318bce6fe1e7.jpg\", \"http://res.liuyuyang.net/footprint/8f61a563999c8ac81c21265ffd2a7d61.jpg\", \"http://res.liuyuyang.net/footprint/e150b45f1ba9dfd9637d0741cca03ab8.jpg\", \"http://res.liuyuyang.net/footprint/f530dd931d78dd5a4df3b578848764b1.jpg\"]','1715598907000'),(46,'嵩山少林寺','说实话这里没什么好玩的','河南省郑州市登封市G207嵩山少林风景区','112.941373,34.507029','[\"http://res.liuyuyang.net/footprint/c9a27d60446c9b48422fb06e64ee299d.jpg\", \"http://res.liuyuyang.net/footprint/506c9eb08a0845a8f761a56282980809.jpg\"]','1727762870000'),(47,'连云港花果山','疫情刚结束，大学3年第一次外出旅游','江苏省连云港市境南云台山中麓','119.283146,34.645922','[\"https://res.liuyuyang.net/usr/uploads/2023/06/20230501163755.jpg\", \"https://res.liuyuyang.net/usr/uploads/2023/06/20230501163805.jpg\", \"https://res.liuyuyang.net/usr/uploads/2023/06/20230501163808.jpg\"]','1682898645000'),(48,'徐州欧乐堡海底世界',' ','江苏省徐州市鼓楼区九里山东路与江山路交叉口西北侧','117.150634,34.307387','[\"http://res.liuyuyang.net/footprint/87f56332d29eec57bdc233bac4b140bc.jpg\", \"http://res.liuyuyang.net/footprint/1bf135596e2cde3803953a928341530b.jpg\", \"http://res.liuyuyang.net/footprint/b0c938409f998ef9fbd6cba2400bd079.jpg\", \"http://res.liuyuyang.net/footprint/26951c29a8cb2a83060a706f4fda274e.jpg\"]','1695967581000');
/*!40000 ALTER TABLE `footprint` ENABLE KEYS */;
UNLOCK TABLES;

--
-- Table structure for table `link`
--

DROP TABLE IF EXISTS `link`;
/*!40101 SET @saved_cs_client     = @@character_set_client */;
/*!50503 SET character_set_client = utf8mb4 */;
CREATE TABLE `link` (
  `id` int NOT NULL AUTO_INCREMENT,
  `title` varchar(100) NOT NULL COMMENT '网站标题',
  `description` varchar(255) NOT NULL COMMENT '网站描述',
  `email` varchar(100) DEFAULT NULL COMMENT '网站邮箱',
  `image` varchar(255) NOT NULL COMMENT '网站logo',
  `url` varchar(500) DEFAULT NULL COMMENT '网站链接',
  `rss` varchar(500) DEFAULT NULL,
  `type_id` int NOT NULL COMMENT '网站所绑定的类型',
  `audit_status` int NOT NULL DEFAULT '0' COMMENT '是否审核',
  `create_time` varchar(255) NOT NULL COMMENT '网站创建时间',
  PRIMARY KEY (`id`) USING BTREE
) ENGINE=InnoDB AUTO_INCREMENT=69 DEFAULT CHARSET=utf8mb4 COLLATE=utf8mb4_0900_ai_ci ROW_FORMAT=DYNAMIC;
/*!40101 SET character_set_client = @saved_cs_client */;

--
-- Dumping data for table `link`
--

LOCK TABLES `link` WRITE;
/*!40000 ALTER TABLE `link` DISABLE KEYS */;
INSERT INTO `link` VALUES (9,'秦枫鸢梦','Cuteen 主题作者','','https://blog.zwying.com/avatar.jpg','https://blog.zwying.com','https://blog.zwying.com/index.php/feed/',5,1,'1723533206613'),(10,'生活倒影','Poetize 博客系统作者','','https://s1.ax1x.com/2022/11/10/z9E7X4.jpg','https://poetize.cn/',NULL,5,1,'1723533206613'),(11,'心月云','须知少时凌云志，曾许人间第一流','','https://wch666.com/head.png','https://wch666.com',NULL,5,1,'1723533206613'),(13,'频率','风卷过的起点','','https://cravatar.cn/avatar/cc763511474fe24ffcc80257fb7cb970?s=256','https://pinlyu.com/',NULL,1,1,'1723533206613'),(14,'青灯暮雨','再渺小的星光，也有属于它的光芒','','https://www.blatr.cn/images/adminAvatar.jpg','https://www.blatr.cn',NULL,5,1,'1723533206613'),(15,'相左','心有山海，静而不争','','https://q.qlogo.cn/g?b=qq&nk=2251513837&s=640','https://www.ztyang.com',NULL,1,1,'1723533206613'),(44,'Echo 的小窝','漂泊于互联网中的小窝',NULL,'https://www.liveout.cn/wp-content/uploads/2024/09/1.jpg','https://www.liveout.cn/',NULL,4,1,'1729161169783'),(46,'lookroot','林间小屋',NULL,'https://www.lookroot.cn/favicon.ico','https://www.lookroot.cn/',NULL,3,1,'1729162505577'),(47,'网友小宋','一介草民，只为生活！',NULL,'https://bu.dusays.com/2023/07/25/64bf920527086.png','https://xyzbz.cn/',NULL,4,1,'1729166897434'),(48,'刘郎阁','一个积极向上的生活探索者！',NULL,'https://yjvc.cn/usr/uploads/logo.jpeg','https://yjvc.cn/','https://yjvc.cn/index.php/feed/',1,1,'1729167049455'),(49,'木瓜一块八','记录了学习过程的点滴，定格美好生活瞬间',NULL,'https://openls-img.lblssl.cn/avatar.jpg','https://www.lblssl.cn',NULL,5,1,'1729167664245'),(50,'Pipu','设计、代码、摄影、NAS','mail@pipuwong.com','https://gravatar.pipuwong.com/avatar/d3af34e32b9a018ed5b467d63beac3ed?size=512','https://pipuwong.com/',NULL,2,1,'1729222343927'),(51,'笔墨迹','致敬还在写博客的我们！',NULL,'https://photo.xiangming.site/img/blogscn_icon.png','https://blogscn.fun',NULL,6,1,'1729339681134'),(52,'阿锋的小宇宙','沧海一粟，微亮渺小一只虫。',NULL,'https://cravatar.cn/avatar/868740183b995d2707e307ce0a89633a?s=200','https://feng.pub','https://feng.pub/feed',1,1,'1729340129252'),(53,'Wskice','十月江南天气好，可怜冬景似春华',NULL,'https://wskice.cn/imgs/Rc-min.jpg','https://wskice.cn/',NULL,2,1,'1729745670637'),(54,'Blog Finder','聚合优秀的个人博客，发掘优质的个人博客文章和内容','zzxworld@163.com [zzxworld@163.com]','https://bf.zzxworld.com/images/favicon.png','https://bf.zzxworld.com/',NULL,6,1,'1729833366335'),(55,'Blogwe','做更好的个人博客导航网站',NULL,'https://blogwe.com/img/logo200.png','https://blogwe.com',NULL,6,1,'1729833687311'),(56,'博友圈','博客人的朋友圈！',NULL,'https://www.boyouquan.com/assets/images/sites/logo/logo-small.png','https://www.boyouquan.com',NULL,6,1,'1729833811815'),(57,'阿杜博客','心有猛虎，细嗅蔷薇。',NULL,'https://adu88.top/logo.png','https://adu88.top',NULL,2,1,'1730165831283'),(58,'个性商店','一个精致的，带社交元素的个人网站发布平台，博客收录网站',NULL,'https://upload.storeweb.cn/image/logo.png','https://storeweb.cn/',NULL,6,1,'1730190816645'),(59,'Dongcp','记录点点滴滴',NULL,'https://dongcpblog.oss-cn-shenzhen.aliyuncs.com/dongcp.png','https://blog.dongcp.top/',NULL,4,1,'1730365133820'),(60,'若志随笔','愿世界安康，愿你我皆好！',NULL,'https://q1.qlogo.cn/g?b=qq&nk=80360650&s=100','https://rz.sb/',NULL,4,1,'1730867921602'),(61,'qlAD','GkBlog 主题作者',NULL,'https://cdn.qladgk.com/images/qlAD.jpg','https://www.qladgk.com/',NULL,5,1,'1730868365533'),(62,'Ryan Wang','Halo 博客系统作者',NULL,'https://ryanc.cc/upload/avatar-128-2024.jpg','https://ryanc.cc/',NULL,5,1,'1730868564878'),(63,'SkyWT','Daydreamer 主题作者',NULL,'https://skywt.cn/avatar.png','https://skywt.cn/',NULL,5,1,'1730868788286'),(64,'张洪Heo','HeoBlog 主题作者',NULL,'https://bu.dusays.com/2022/12/28/63ac2812183aa.png','https://blog.zhheo.com/',NULL,5,1,'1730868890618'),(65,'火喵酱','Sunny 主题作者',NULL,'https://cdn.leonus.cn/link/dorcandy.webp','https://www.mmbkz.cn/',NULL,5,1,'1731676298412'),(66,'Mereith\'s Blog','VanBlog 博客系统作者',NULL,'https://pic.mereith.com/2022/07/19/62d5ff079e73e.png','https://www.mereith.com',NULL,5,1,'1731676394922'),(67,'莱卡云','本站服务器提供方，大家买服务器找他，给力推荐！',NULL,'https://bu.dusays.com/2024/11/16/67388bb20e4bf.jpg','https://www.lcayun.com/aff/ZIWKYUQI',NULL,3,1,'1731758792417'),(68,'小阳的个人空间','用于记录学习与生活的个人空间','2269506439@qq.com','https://blogs.2leo.top/static/png/blogAvatar-7c8433ee.png','https://blogs.2leo.top',NULL,6,1,'1731912316539');
/*!40000 ALTER TABLE `link` ENABLE KEYS */;
UNLOCK TABLES;

--
-- Table structure for table `link_type`
--

DROP TABLE IF EXISTS `link_type`;
/*!40101 SET @saved_cs_client     = @@character_set_client */;
/*!50503 SET character_set_client = utf8mb4 */;
CREATE TABLE `link_type` (
  `id` int NOT NULL AUTO_INCREMENT,
  `name` varchar(100) NOT NULL COMMENT '类型名称',
  `is_admin` int NOT NULL DEFAULT '0' COMMENT '用户是否可选择',
  `order` int NOT NULL COMMENT '显示顺序',
  PRIMARY KEY (`id`),
  UNIQUE KEY `type_pk_2` (`id`)
) ENGINE=InnoDB AUTO_INCREMENT=8 DEFAULT CHARSET=utf8mb4 COLLATE=utf8mb4_0900_ai_ci COMMENT='网站类型';
/*!40101 SET character_set_client = @saved_cs_client */;

--
-- Dumping data for table `link_type`
--

LOCK TABLES `link_type` WRITE;
/*!40000 ALTER TABLE `link_type` DISABLE KEYS */;
INSERT INTO `link_type` VALUES (1,'生活类',0,4),(2,'技术类',0,5),(3,'全站置顶',1,1),(4,'推荐',1,2),(5,'大佬',1,3),(6,'聚合类',0,6);
/*!40000 ALTER TABLE `link_type` ENABLE KEYS */;
UNLOCK TABLES;

--
-- Table structure for table `project`
--

DROP TABLE IF EXISTS `project`;
/*!40101 SET @saved_cs_client     = @@character_set_client */;
/*!50503 SET character_set_client = utf8mb4 */;
CREATE TABLE `project` (
  `id` int NOT NULL AUTO_INCREMENT,
  `is_article_layout` varchar(255) DEFAULT NULL COMMENT '文章列表布局',
  `right_sidebar` text COMMENT '右侧功能栏',
  `swiper_image` varchar(255) DEFAULT NULL COMMENT '首页背景图',
  `swiper_text` text COMMENT '打字机效果',
  `reco_article` varchar(255) DEFAULT NULL COMMENT '作者推荐文章',
  `covers` text,
  `dark_logo` varchar(255) DEFAULT NULL,
  `description` varchar(255) DEFAULT NULL,
  `favicon` varchar(255) DEFAULT NULL,
  `font` varchar(255) DEFAULT NULL,
  `footer` text,
  `keyword` varchar(255) NOT NULL,
  `light_logo` varchar(255) DEFAULT NULL,
  `subhead` varchar(255) DEFAULT NULL,
  `social` text,
  `title` varchar(255) NOT NULL,
  `url` varchar(255) NOT NULL,
  PRIMARY KEY (`id`)
) ENGINE=InnoDB AUTO_INCREMENT=2 DEFAULT CHARSET=utf8mb4 COLLATE=utf8mb4_0900_ai_ci;
/*!40101 SET character_set_client = @saved_cs_client */;

--
-- Dumping data for table `project`
--

LOCK TABLES `project` WRITE;
/*!40000 ALTER TABLE `project` DISABLE KEYS */;
INSERT INTO `project` VALUES (1,'classics','[\"author\",\"hotArticle\",\"newComments\",\"randomArticle\"]','https://bu.dusays.com/2024/04/24/6628990012b51.jpg','[\"System.out.print(\\\"有些梦虽然遥不可及，但并不是不可能实现!\\\"); \",\"print(\\\"互联网从不缺乏天才, 而努力才是最终的入场券!\\\") \",\"console.log(\\\"再渺小的星光，也有属于他的光芒!\\\")\"]','[\"2187\",\"2185\",\"2184\",\"1957\"]','[\"https://bu.dusays.com/2023/11/10/654e2da1d80f8.jpg\",\"https://bu.dusays.com/2023/11/10/654e2d719d31c.jpg\",\"https://bu.dusays.com/2023/11/10/654e2cf92cd45.jpg\",\"https://bu.dusays.com/2023/11/10/654e2cf6055b0.jpg\",\"https://bu.dusays.com/2023/11/10/654e2db0889fe.jpg\",\"https://bu.dusays.com/2023/11/10/654e2d50015a9.jpg\",\"https://bu.dusays.com/2023/11/05/65473848ed863.jpg\",\"https://bu.dusays.com/2023/11/10/654e2c870e280.jpg\",\"https://bu.dusays.com/2023/11/10/654e2c717eb73.jpg\",\"https://bu.dusays.com/2023/11/10/654e2c5d75d5b.jpg\",\"https://bu.dusays.com/2023/11/10/654e2da27801e.jpg\",\"https://bu.dusays.com/2023/11/10/654e2d2a67517.jpg\",\"https://bu.dusays.com/2023/11/10/654e2cf47f17a.jpg\",\"https://bu.dusays.com/2023/11/05/65473848ed863.jpg\"]','https://res.liuyuyang.net/usr/images/dark_logo.png','记录所学知识，缩短和大神的差距！','https://res.liuyuyang.net/usr/images/favicon.ico','https://res.liuyuyang.net/LXGWWenKai.ttf','一直对网站开发领域很感兴趣，从小就希望有一个属于自己的网站，在17年时候成功进入站长圈，并通过各种自学，以及各种折腾，才有了你现在看到的这个网站','宇阳,刘宇阳,Thrive,前端,Python,Java,Thrive,ThriveX','https://res.liuyuyang.net/usr/images/light_logo.png','花有重开日, 人无再少年','[\"{\\\"name\\\":\\\"GitHub\\\",\\\"url\\\":\\\"https://github.com/LiuYuYang01\\\"}\",\"{\\\"name\\\":\\\"Gitee\\\",\\\"url\\\":\\\"https://gitee.com/liu_yu_yang666\\\"}\",\"{\\\"name\\\":\\\"Juejin\\\",\\\"url\\\":\\\"https://juejin.cn/user/3083456627092078/posts\\\"}\",\"{\\\"name\\\":\\\"CSDN\\\",\\\"url\\\":\\\"https://blog.csdn.net/haodian666?type=blog\\\"}\",\"{\\\"name\\\":\\\"QQ\\\",\\\"url\\\":\\\"http://wpa.qq.com/msgrd?v=3&uin=3311118881&site=qq&menu=yes\\\"}\"]','宇阳','https://liuyuyang.net/');
/*!40000 ALTER TABLE `project` ENABLE KEYS */;
UNLOCK TABLES;

--
-- Table structure for table `role`
--

DROP TABLE IF EXISTS `role`;
/*!40101 SET @saved_cs_client     = @@character_set_client */;
/*!50503 SET character_set_client = utf8mb4 */;
CREATE TABLE `role` (
  `id` int NOT NULL AUTO_INCREMENT,
  `name` varchar(255) NOT NULL COMMENT '角色名称',
  `mark` varchar(100) NOT NULL COMMENT '角色标识',
  `description` varchar(255) NOT NULL COMMENT '角色描述',
  PRIMARY KEY (`id`),
  UNIQUE KEY `role_pk` (`name`),
  UNIQUE KEY `role_pk_3` (`id`),
  UNIQUE KEY `role_pk_2` (`mark`)
) ENGINE=InnoDB AUTO_INCREMENT=6 DEFAULT CHARSET=utf8mb4 COLLATE=utf8mb4_0900_ai_ci;
/*!40101 SET character_set_client = @saved_cs_client */;

--
-- Dumping data for table `role`
--

LOCK TABLES `role` WRITE;
/*!40000 ALTER TABLE `role` DISABLE KEYS */;
INSERT INTO `role` VALUES (1,'超级管理员','admin','最高权限'),(2,'用户','user','普通用户'),(5,'作者','author','发布文章、查看文章列表');
/*!40000 ALTER TABLE `role` ENABLE KEYS */;
UNLOCK TABLES;

--
-- Table structure for table `route`
--

DROP TABLE IF EXISTS `route`;
/*!40101 SET @saved_cs_client     = @@character_set_client */;
/*!50503 SET character_set_client = utf8mb4 */;
CREATE TABLE `route` (
  `id` int NOT NULL AUTO_INCREMENT,
  `path` varchar(100) NOT NULL COMMENT '路由路径',
  `description` varchar(255) NOT NULL COMMENT '路由描述',
  PRIMARY KEY (`id`),
  UNIQUE KEY `routes_pk_2` (`id`),
  UNIQUE KEY `routes_pk` (`id`)
) ENGINE=InnoDB AUTO_INCREMENT=26 DEFAULT CHARSET=utf8mb4 COLLATE=utf8mb4_0900_ai_ci;
/*!40101 SET character_set_client = @saved_cs_client */;

--
-- Dumping data for table `route`
--

LOCK TABLES `route` WRITE;
/*!40000 ALTER TABLE `route` DISABLE KEYS */;
INSERT INTO `route` VALUES (1,'/','仪表盘'),(2,'/create','创作'),(5,'/setup','系统'),(6,'/article','文章管理'),(7,'/tag','标签管理'),(8,'/comment','评论管理'),(9,'/cate','分类管理'),(10,'/web','网站管理'),(11,'/swiper','轮播图管理'),(12,'/user','用户管理'),(13,'/role','角色管理'),(14,'/rss','订阅中心'),(15,'/chart','文件系统'),(16,'/stats','数据可视化'),(17,'/iter','更新日志'),(20,'/route','路由管理'),(21,'/file','文件管理'),(23,'/footprint','足迹管理'),(24,'/work','工作台'),(25,'/wall','留言管理');
/*!40000 ALTER TABLE `route` ENABLE KEYS */;
UNLOCK TABLES;

--
-- Table structure for table `route_role`
--

DROP TABLE IF EXISTS `route_role`;
/*!40101 SET @saved_cs_client     = @@character_set_client */;
/*!50503 SET character_set_client = utf8mb4 */;
CREATE TABLE `route_role` (
  `id` int NOT NULL AUTO_INCREMENT,
  `route_id` int NOT NULL COMMENT '路由id',
  `role_id` int NOT NULL COMMENT '角色id',
  PRIMARY KEY (`id`),
  UNIQUE KEY `routes_role_pk_2` (`id`)
) ENGINE=InnoDB AUTO_INCREMENT=229 DEFAULT CHARSET=utf8mb4 COLLATE=utf8mb4_0900_ai_ci;
/*!40101 SET character_set_client = @saved_cs_client */;

--
-- Dumping data for table `route_role`
--

LOCK TABLES `route_role` WRITE;
/*!40000 ALTER TABLE `route_role` DISABLE KEYS */;
INSERT INTO `route_role` VALUES (54,1,5),(55,6,5),(56,2,5),(57,7,2),(58,9,2),(59,8,2),(60,6,2),(61,2,2),(62,5,2),(63,4,2),(209,25,1),(210,24,1),(211,23,1),(212,21,1),(213,14,1),(214,17,1),(215,20,1),(216,1,1),(217,2,1),(218,5,1),(219,6,1),(220,7,1),(221,8,1),(222,9,1),(223,10,1),(224,11,1),(225,12,1),(226,13,1),(227,15,1),(228,16,1);
/*!40000 ALTER TABLE `route_role` ENABLE KEYS */;
UNLOCK TABLES;

--
-- Table structure for table `swiper`
--

DROP TABLE IF EXISTS `swiper`;
/*!40101 SET @saved_cs_client     = @@character_set_client */;
/*!50503 SET character_set_client = utf8mb4 */;
CREATE TABLE `swiper` (
  `id` int NOT NULL AUTO_INCREMENT,
  `title` varchar(100) CHARACTER SET utf8mb4 COLLATE utf8mb4_0900_ai_ci NOT NULL,
  `description` varchar(255) DEFAULT NULL,
  `image` varchar(255) CHARACTER SET utf8mb4 COLLATE utf8mb4_0900_ai_ci NOT NULL,
  `url` varchar(500) DEFAULT NULL,
  PRIMARY KEY (`id`) USING BTREE
) ENGINE=InnoDB AUTO_INCREMENT=17 DEFAULT CHARSET=utf8mb4 COLLATE=utf8mb4_0900_ai_ci ROW_FORMAT=DYNAMIC;
/*!40101 SET character_set_client = @saved_cs_client */;

--
-- Dumping data for table `swiper`
--

LOCK TABLES `swiper` WRITE;
/*!40000 ALTER TABLE `swiper` DISABLE KEYS */;
INSERT INTO `swiper` VALUES (1,'半山腰的风景很美，然而我还是更想到山顶看看','The scenery halfway up the mountain is beautiful, but I still prefer to see the mountaintop','https://bu.dusays.com/2023/11/10/654e2cf6055b0.jpg','/');
/*!40000 ALTER TABLE `swiper` ENABLE KEYS */;
UNLOCK TABLES;

--
-- Table structure for table `tag`
--

DROP TABLE IF EXISTS `tag`;
/*!40101 SET @saved_cs_client     = @@character_set_client */;
/*!50503 SET character_set_client = utf8mb4 */;
CREATE TABLE `tag` (
  `id` int NOT NULL AUTO_INCREMENT,
  `name` varchar(100) CHARACTER SET utf8mb4 COLLATE utf8mb4_0900_ai_ci NOT NULL,
  PRIMARY KEY (`id`) USING BTREE,
  UNIQUE KEY `tag_pk` (`name`)
) ENGINE=InnoDB AUTO_INCREMENT=218 DEFAULT CHARSET=utf8mb4 COLLATE=utf8mb4_0900_ai_ci ROW_FORMAT=DYNAMIC;
/*!40101 SET character_set_client = @saved_cs_client */;

--
-- Dumping data for table `tag`
--

LOCK TABLES `tag` WRITE;
/*!40000 ALTER TABLE `tag` DISABLE KEYS */;
INSERT INTO `tag` VALUES (211,'2021'),(208,'2022'),(106,'2023'),(159,'4399'),(15,'Ajax'),(16,'axios'),(191,'box-shadow'),(108,'BUG'),(14,'CSS'),(10,'Django'),(162,'Eggjs'),(6,'Element ui'),(180,'em'),(11,'Flask'),(192,'frop-shadow'),(80,'GitHub'),(188,'Hooks'),(13,'HTML'),(5,'Java'),(12,'JavaScript'),(174,'MacBook'),(161,'Nice'),(3,'Nodejs'),(164,'npm'),(171,'Number'),(173,'parseFloat'),(172,'parseInt'),(139,'Pink老师'),(4,'Python'),(8,'React'),(187,'React Hooks Form'),(181,'rem'),(176,'Router'),(216,'ThriveX'),(210,'uniapp'),(163,'Vue'),(7,'Vue3'),(190,'Zod'),(152,'一战成名'),(79,'上海'),(123,'上海之行'),(120,'上海市计算机应用能力大赛'),(78,'东方明珠'),(118,'云上校园'),(89,'代码'),(153,'优越感'),(101,'传智'),(111,'传智团建'),(169,'作业'),(179,'值得一看'),(133,'全栈'),(114,'全栈之路'),(17,'全栈开发'),(156,'冒泡排序'),(104,'写代码'),(137,'军训'),(148,'冠军'),(117,'创新项目大赛'),(135,'前端'),(160,'博客系统'),(128,'同顺国际货运代理有限公司'),(127,'后端开发'),(99,'和兴'),(150,'团建'),(92,'在校日常'),(214,'复学'),(98,'夜班'),(54,'大前端'),(91,'大学生活'),(147,'大雾'),(109,'学习委员'),(129,'学校倒闭'),(168,'寒假'),(167,'寒假作业'),(145,'小米商城'),(144,'小组组长'),(85,'嵌入式'),(206,'工欲善其事必先利其器'),(105,'年终总结'),(140,'开学第一课'),(119,'开源项目'),(209,'慕课网'),(88,'执着'),(96,'换电脑'),(97,'接单'),(90,'摸爬滚打'),(178,'收藏'),(205,'新电脑'),(124,'旅行'),(102,'最后一年'),(141,'月考'),(83,'架构师'),(84,'毁灭级事故'),(116,'比赛'),(103,'氛围感'),(212,'江苏和兴汽车科技有限公司'),(198,'测试'),(166,'游戏'),(151,'满分'),(143,'烦恼'),(112,'烧烤'),(87,'热爱'),(215,'猝死'),(82,'理想'),(202,'生命周期'),(203,'疫情'),(138,'目标'),(213,'离职'),(122,'第四年'),(149,'算法'),(107,'考试'),(204,'联想拯救者R9000K'),(125,'花果山'),(142,'英语'),(113,'行情崩盘'),(189,'表单'),(154,'表白'),(130,'解构赋值'),(86,'计划'),(100,'课堂'),(177,'资源'),(207,'跨年'),(170,'轮播图'),(95,'轻薄本'),(126,'连云港'),(121,'追梦'),(134,'选择专业'),(158,'造梦西游'),(81,'重新开始'),(155,'铝屑'),(110,'键盘'),(165,'镜像源'),(157,'青春'),(146,'项目答辩'),(217,'项目部署');
/*!40000 ALTER TABLE `tag` ENABLE KEYS */;
UNLOCK TABLES;

--
-- Table structure for table `user`
--

DROP TABLE IF EXISTS `user`;
/*!40101 SET @saved_cs_client     = @@character_set_client */;
/*!50503 SET character_set_client = utf8mb4 */;
CREATE TABLE `user` (
  `id` int NOT NULL AUTO_INCREMENT,
  `username` varchar(50) NOT NULL COMMENT '用户名',
  `password` varchar(50) NOT NULL COMMENT '密码',
  `name` varchar(50) NOT NULL COMMENT '用户名称',
  `email` varchar(100) DEFAULT NULL COMMENT '用户邮箱',
  `avatar` varchar(255) DEFAULT NULL COMMENT '用户头像',
  `info` varchar(255) DEFAULT NULL COMMENT '用户介绍',
  `role_id` varchar(50) NOT NULL COMMENT '用户角色ID',
  `create_time` varchar(255) NOT NULL COMMENT '用户创建时间',
  PRIMARY KEY (`id`) USING BTREE,
  UNIQUE KEY `user_pk` (`username`)
) ENGINE=InnoDB AUTO_INCREMENT=3 DEFAULT CHARSET=utf8mb4 COLLATE=utf8mb4_0900_ai_ci ROW_FORMAT=DYNAMIC;
/*!40101 SET character_set_client = @saved_cs_client */;

--
-- Dumping data for table `user`
--

LOCK TABLES `user` WRITE;
/*!40000 ALTER TABLE `user` DISABLE KEYS */;
INSERT INTO `user` VALUES (1,'liuyuyang','3295bb76b2fa25ec0840ec63c4cbaaf7','宇阳','3311118881@qq.com','https://res.liuyuyang.net/usr/images/avatar.jpg','再渺小的星光，也有属于他的光芒!','1','1723533206613');
/*!40000 ALTER TABLE `user` ENABLE KEYS */;
UNLOCK TABLES;

--
-- Table structure for table `wall`
--

DROP TABLE IF EXISTS `wall`;
/*!40101 SET @saved_cs_client     = @@character_set_client */;
/*!50503 SET character_set_client = utf8mb4 */;
CREATE TABLE `wall` (
  `id` int NOT NULL AUTO_INCREMENT,
  `name` varchar(100) DEFAULT '神秘人' COMMENT '留言人名称',
  `content` varchar(1000) NOT NULL COMMENT '留言内容',
  `color` varchar(100) DEFAULT '#ffe3944d' COMMENT '留言墙颜色',
  `email` varchar(100) DEFAULT NULL COMMENT '留言人邮箱',
  `cate_id` int NOT NULL,
  `audit_status` int DEFAULT '0' COMMENT '是否审核',
  `create_time` varchar(255) NOT NULL COMMENT '发布时间',
  PRIMARY KEY (`id`),
  UNIQUE KEY `wall_pk_2` (`id`)
) ENGINE=InnoDB AUTO_INCREMENT=129 DEFAULT CHARSET=utf8mb4 COLLATE=utf8mb4_0900_ai_ci COMMENT='留言墙';
/*!40101 SET character_set_client = @saved_cs_client */;

--
-- Dumping data for table `wall`
--

LOCK TABLES `wall` WRITE;
/*!40000 ALTER TABLE `wall` DISABLE KEYS */;
INSERT INTO `wall` VALUES (2,'木子李李李','加油，宇阳，期待你的offer！','#ffe3944d',NULL,2,1,'1674223623000'),(4,'四叶草','每天第一件事就是看博主的网站有没有更新 (#^.^#)','#ffe3944d',NULL,6,1,'1671973532000'),(5,'为爱，唯爱','身为大三学长的我看了你的博客后自愧不如，属实厉害。我们学校是普通二本，全学院可能没几个比你厉害的了。我要是像你一样清醒就好了，大一也不会荒废掉','#ffe3944d',NULL,2,1,'1672373683000'),(11,'Miracle','厉害','#ffe3944d',NULL,6,1,'1686291523000'),(16,'御宅男','码农路过，踩下留个足迹。。。','#ffe3944d',NULL,6,1,'1688611364000'),(21,'让风吹去阴影','这个评论功能越看越顺眼，就是模仿不出来，不知道是手写的还是用了啥库。\r\n这个文章展示的时候用的是markdown-it吗？模仿不出来\r\n又是等待开源的一天','#ffe3944d',NULL,2,1,'1690253799000'),(95,'刘郎','这是重新换站了吗   这是https://blog.liuyuyang.net/你的吗     友链掉了？   ？？？','#92e6f54d',NULL,6,1,'1728958127334'),(96,'海是云的梦','带有图片的详情页面手动切换白天/夜晚模式，图片就一直是毛玻璃的效果了','#ffe3944d',NULL,4,1,'1728963215222'),(97,'Loong','期待开源，想看着学一下前端，好多东西后端实现了。前端不知道咋搞😭','#ffe3944d',NULL,2,1,'1729017615193'),(98,'Loong','1. 目录定位不准，移动端目录显示不全。\n2. 我的笔记本打开网站，导航栏也是显示不全的\n','#fcafa24d',NULL,4,1,'1729018509174'),(99,'Loong','提交留言会闪一下屏','#a8ed8a4d',NULL,4,1,'1729018541973'),(100,'Loong','回复评论，输入框最好是能在该评论下方弹出','#a8ed8a4d',NULL,5,1,'1729018617173'),(101,'Loong','最后加上过渡动画，不然很僵硬，像卡顿掉帧一样','#ffe3944d',NULL,4,1,'1729018724542'),(102,'可却安','2024年10月16日，可却安到此一游༼ つ ◕_◕ ༽つ','#fcafa24d',NULL,6,1,'1729039038927'),(103,'满心','无意中看到了你的站，你的文章我刚都拜读了，说实话感慨还蛮多的，我肯定是年长你很多岁，我是培训后入行的，那会儿从学校已培训出来，基本就被企业抢着要走了，每天干不完的活儿，加不完的班，所以薪资高，一度也被从主攻后端，变为了全栈开发，乃至现在的运维及架构一把抓，此刻的身不由己就越发明显了。然后反观现在的行情，看着互联网走下坡路，心里还是有些酸涩，不管怎样，选择了一个行业，就要努力钻研，不为别的，只为自己最初的那个目标。','#fcafa24d',NULL,2,1,'1729029031927'),(104,'Pipu','Hi,网站做的不错， 请开通Rss, 方便我订阅你的网站。','#ffe3944d',NULL,5,1,'1729222231762'),(105,'Xu Liu','兄弟，正好我最近需要自己搭一个博客，看到你的项目了，感觉很合适。打算这几天好好研究一下，并打算自己再用Go语言重写一遍你的后端，希望与你多沟通。并且我也是马上毕业了，即将入职字节，有这方面的内推资源','#ffe3944d',NULL,2,1,'1716501180000'),(106,'时光本无罪','看了你好多内容，从黑马程序员到毕业，到苏州、上海、昆山面试，最后成都工作。这一路关关难过关关过，年轻有冲劲，你 22 岁左右确实挺年轻的，我 96 年的已经没有你这种热血了，希望与你做朋友。','#ffe3944d',NULL,2,1,'1722911607000'),(107,'望闻录','看了你的前端代码\n代码风格：分层很好 逻辑清晰 注释到位 至少很多我一个后端的胃口 我看其他人写的博客 都耦合在一起 里面模板写的层级太多 根本不想看[笑哭]','#ffe3944d',NULL,2,1,'1712935920000'),(108,'神秘人','我是从别的UP主哪里讲述你的21年青春，然后开始关注。发现你是个优秀而聪明的的人!你的不服输的性格真的蛮了不起的!人生的路很漫长，希望你要为自己加油啊!','#ffe3944d',NULL,2,1,'1709050320000'),(109,'感觉不如letme','厉害，技术比很多本科生强多了','#ffe3944d',NULL,2,1,'1696411020000'),(110,'一克猫','其实不是很想说教，但看到充满热情的你我又忍不住，希望在校的你能提前懂那么一点东西：\n1. 首先Java卷，工作难找这是事实，但非Java的后端语言即使在现在的大环境下找工作真不难，前端、安卓、IOS虽说也卷，但至少比Java好找很多了。你应该是前端开发工程师，而不是Java工程师，更不是某某语言工程师，无需理会各种就业焦虑，有技术不是饿不死人的，也没必要看到别人几个月十几K薪资感觉自己不行，高薪资的是少数的，且做IT的人职业生涯都不可能离开学习，落后是必然挨打，所以你在未来成为他们甚至超过他们只是时间问题。\n2. 能被称为全栈工程师的是精一通多或精多通多的，那也是少数人，大多数人只能是全干工程师，你把前后端开发、嵌入式开发、甚至运维、实施的活都干了，然后下一份简历中写上自己是全栈工程师，所以全栈梦一定要为自己实现，而不是资本家，资本家睡觉容易笑醒。\n3. 什么老师其实不是特别重要，如果他只是教你某种技术或某个语言，那你学与不学其实没什么区别，具备一门语言的自学能力是你和其他人拉开距离最基本的技能。\n4. 其实你已经意识到广而不精的弊端了，再给你打一针强心剂，引用庄生大佬的话：绝大部分的岗位站都活不到或者永远也达不到10k用户在线的水平，那种情况下去看high scalability的东西有什么意义？学的东西用来解决或是改进实际遇到的问题，这样你的整个知识体系覆盖面才会更全\n','#ffe3944d',NULL,2,1,'1693058280000'),(128,'追风少年','刚才是服务挂啦吗？现在打开首页怎么好慢','#caa7f74d',NULL,2,1,'1731738129821');
/*!40000 ALTER TABLE `wall` ENABLE KEYS */;
UNLOCK TABLES;

--
-- Table structure for table `wall_cate`
--

DROP TABLE IF EXISTS `wall_cate`;
/*!40101 SET @saved_cs_client     = @@character_set_client */;
/*!50503 SET character_set_client = utf8mb4 */;
CREATE TABLE `wall_cate` (
  `id` int NOT NULL AUTO_INCREMENT,
  `name` varchar(100) NOT NULL COMMENT '分类名称',
  `mark` varchar(100) NOT NULL COMMENT '分类标识',
  `order` int NOT NULL COMMENT '分类顺序',
  PRIMARY KEY (`id`),
  UNIQUE KEY `wall_cate_pk_2` (`id`)
) ENGINE=InnoDB AUTO_INCREMENT=7 DEFAULT CHARSET=utf8mb4 COLLATE=utf8mb4_0900_ai_ci COMMENT='留言分类';
/*!40101 SET character_set_client = @saved_cs_client */;

--
-- Dumping data for table `wall_cate`
--

LOCK TABLES `wall_cate` WRITE;
/*!40000 ALTER TABLE `wall_cate` DISABLE KEYS */;
INSERT INTO `wall_cate` VALUES (1,'全部','all',1),(2,'想对我说的话','info',2),(3,'对我的建议','suggest',3),(4,'反馈Bug','bug',4),(5,'提个需求','features',5),(6,'其他','other',6);
/*!40000 ALTER TABLE `wall_cate` ENABLE KEYS */;
UNLOCK TABLES;
/*!40103 SET TIME_ZONE=@OLD_TIME_ZONE */;

/*!40101 SET SQL_MODE=@OLD_SQL_MODE */;
/*!40014 SET FOREIGN_KEY_CHECKS=@OLD_FOREIGN_KEY_CHECKS */;
/*!40014 SET UNIQUE_CHECKS=@OLD_UNIQUE_CHECKS */;
/*!40101 SET CHARACTER_SET_CLIENT=@OLD_CHARACTER_SET_CLIENT */;
/*!40101 SET CHARACTER_SET_RESULTS=@OLD_CHARACTER_SET_RESULTS */;
/*!40101 SET COLLATION_CONNECTION=@OLD_COLLATION_CONNECTION */;
/*!40111 SET SQL_NOTES=@OLD_SQL_NOTES */;

-- Dump completed on 2024-11-19  9:04:44
